converged SCF energy = -74.9420800576958
E(CCSD) = -75.01276021375999  E_corr = -0.07068015606414088
               #0        #1        #2        #3        #4       
0 H 1s          -0.00459   0.14404   0.45300   0.32947   0.00000
1 H 1s          -0.00459   0.14404  -0.45300   0.32947   0.00000
2 O 1s           0.99443  -0.23916  -0.00000   0.09368   0.00000
2 O 2s           0.02410   0.88574   0.00000  -0.47959   0.00000
2 O 2px          0.00000  -0.00000   0.60729   0.00000   0.00000
2 O 2py          0.00316   0.08590  -0.00000   0.74743   0.00000
2 O 2pz          0.00000  -0.00000   0.00000  -0.00000   1.00000
               #5        #6       
0 H 1s          -0.70985  -0.73246
1 H 1s          -0.70985   0.73246
2 O 1s          -0.11164  -0.00000
2 O 2s           0.66958   0.00000
2 O 2px         -0.00000   0.91923
2 O 2py          0.73849   0.00000
2 O 2pz          0.00000  -0.00000
**** MO energy ****
MO #1   energy= -20.2628920356706  occ= 2
MO #2   energy= -1.20969761662422  occ= 2
MO #3   energy= -0.547964189529614 occ= 2
MO #4   energy= -0.436527888477015 occ= 2
MO #5   energy= -0.387586942056044 occ= 2
MO #6   energy= 0.477619248485871  occ= 0
MO #7   energy= 0.588138380339871  occ= 0
 ** Mulliken atomic charges  **
charge of    0H =      0.09444
charge of    1H =      0.09444
charge of    2O =     -0.18887
Dipole moment(X, Y, Z, Debye):  0.00000,  1.53400,  0.00000
-75.01298039491431-74.73646230078819-74.68867391988238-74.65318829948225
FCI E0: -75.01298039491431
FCI E1: -74.73646230078819
FCI E2: -74.68867391988238
FCI E3: -74.65318829948225
((e0, e1), vec_es) = mycc.eomee_ccsd_singlet(nroots = 2) = ([0.32324462248953983, 0.39485410734129983], [[0.0, 0.0, 0.0, 0.0, 0.0, 0.0, 0.0, 0.0, 0.9587957024559003, 8.172749701595045e-15, 0.0, 0.0, 0.0, 0.0, 0.0, 0.0, 0.0, 0.0, 0.0, 0.0, 0.0, 0.0, 0.0, 0.0, 0.0, 0.0, 0.0, 0.0, 0.0, 0.0, 0.0, 0.0, 0.0, 0.0, 0.0, 0.0, 0.0, 0.0, 0.0, 0.0, 0.0, 0.0, 0.0, 0.0, 0.0, 0.0, 0.0002826285609924168, 6.944212989346135e-18, 0.08239172261587112, 3.1355966598091666e-16, -3.9046210545761755e-15, 0.16064005548271065, 0.14723574808338985, 1.4800144733124283e-15, 0.0, -1.6985488792317292e-16, -0.000308830353048241, 4.308680540545206e-16, 0.01426385289983646, 0.1373472815844179, 2.041897808641979e-15, 1.3862765252577683e-15, 0.08585396638510348, 0.0, 0.0], [0.0, 0.0, 0.0, 0.0, 0.0, 0.0, 0.0, 0.0, 5.842567085055806e-15, -0.9597669029933353, 0.0, 0.0, 0.0, 0.0, 0.0, 0.0, 0.0, 0.0, 0.0, 0.0, 0.0, 0.0, 0.0, 0.0, 0.0, 0.0, 0.0, 0.0, 0.0, 0.0, 0.0, 0.0, 0.0, 0.0, 0.0, 0.0, 0.0, 0.0, 0.0, 0.0, 0.0, 0.0, 0.0, 0.0, 0.0, 0.0, -1.4490804431939132e-17, -0.0003064759741152912, 8.69900001065351e-16, -0.05916464242850765, -0.11537646187124485, 9.266021437260633e-16, 1.1710391313504793e-15, -0.12759901682246283, 0.0, -0.00012979535300558745, 5.672296020757573e-17, -0.05834167332544496, -8.602792100128906e-16, 1.1733874788684439e-15, -0.15443990730672014, -0.1360082841860178, -3.4099625879174295e-15, 0.0, 0.0]])
2-element Vector{Vector{Float64}}:
 [0.0, 0.0, 0.0, 0.0, 0.0, 0.0, 0.0, 0.0, 0.9587957024559003, 8.172749701595045e-15, 0.0, 0.0, 0.0, 0.0, 0.0, 0.0, 0.0, 0.0, 0.0, 0.0, 0.0, 0.0, 0.0, 0.0, 0.0, 0.0, 0.0, 0.0, 0.0, 0.0, 0.0, 0.0, 0.0, 0.0, 0.0, 0.0, 0.0, 0.0, 0.0, 0.0, 0.0, 0.0, 0.0, 0.0, 0.0, 0.0, 0.0002826285609924168, 6.944212989346135e-18, 0.08239172261587112, 3.1355966598091666e-16, -3.9046210545761755e-15, 0.16064005548271065, 0.14723574808338985, 1.4800144733124283e-15, 0.0, -1.6985488792317292e-16, -0.000308830353048241, 4.308680540545206e-16, 0.01426385289983646, 0.1373472815844179, 2.041897808641979e-15, 1.3862765252577683e-15, 0.08585396638510348, 0.0, 0.0]
 [0.0, 0.0, 0.0, 0.0, 0.0, 0.0, 0.0, 0.0, 5.842567085055806e-15, -0.9597669029933353, 0.0, 0.0, 0.0, 0.0, 0.0, 0.0, 0.0, 0.0, 0.0, 0.0, 0.0, 0.0, 0.0, 0.0, 0.0, 0.0, 0.0, 0.0, 0.0, 0.0, 0.0, 0.0, 0.0, 0.0, 0.0, 0.0, 0.0, 0.0, 0.0, 0.0, 0.0, 0.0, 0.0, 0.0, 0.0, 0.0, -1.4490804431939132e-17, -0.0003064759741152912, 8.69900001065351e-16, -0.05916464242850765, -0.11537646187124485, 9.266021437260633e-16, 1.1710391313504793e-15, -0.12759901682246283, 0.0, -0.00012979535300558745, 5.672296020757573e-17, -0.05834167332544496, -8.602792100128906e-16, 1.1733874788684439e-15, -0.15443990730672014, -0.1360082841860178, -3.4099625879174295e-15, 0.0, 0.0]
t1: [-4.890921827785806e-5 1.2355643868851463e-16; 0.0032898799034220922 -4.559438771245725e-16; 3.955157174865782e-17 -0.0025011216701394095; -0.02177798977368948 -8.955944958025362e-16; 0.0 0.0]
t2: [-0.0005220194735007605 -0.0004001313321646126 6.582856072732855e-18 -9.490356169140813e-5 0.0; -0.0004001313321646126 -0.03182779072345952 8.088308929998036e-16 -0.03867464475418308 0.0; 6.582856072732855e-18 8.088308929998036e-16 -0.05845304852479559 1.2992887317521745e-15 0.0; -9.490356169140813e-5 -0.03867464475418308 1.2992887317521745e-15 -0.07981835812265879 0.0; 0.0 0.0 0.0 0.0 -0.026473018801229566;;; -1.1867452308186384e-18 6.613522207261361e-18 -0.0002161842086738734 -5.686766958350795e-19 0.0; 5.567008839481829e-18 2.2183809670829792e-18 -0.022195330230273154 -4.2253122882535176e-16 0.0; 0.00017098899940364706 -0.03162632529790574 1.2493858678390847e-15 -0.07225493618346296 0.0; 1.5224504482825126e-18 -5.351577588759543e-16 -0.055364812393647295 -1.0540548058141553e-15 0.0; 0.0 0.0 0.0 0.0 -1.1017584010457794e-16;;;; -1.1867452308186384e-18 5.567008839481829e-18 0.00017098899940364706 1.5224504482825126e-18 0.0; 6.613522207261361e-18 2.2183809670829792e-18 -0.03162632529790574 -5.351577588759543e-16 0.0; -0.0002161842086738734 -0.022195330230273154 1.2493858678390847e-15 -0.055364812393647295 0.0; -5.686766958350795e-19 -4.2253122882535176e-16 -0.07225493618346296 -1.0540548058141553e-15 0.0; 0.0 0.0 0.0 0.0 -1.1017584010457794e-16;;; -0.00036956280970532496 -0.0007460255585304171 2.9441092596218074e-18 0.00041808777873103813 0.0; -0.0007460255585304171 -0.019173426832423356 -3.661507000631837e-16 0.0033946939467684664 0.0; 2.9441092596218074e-18 -3.661507000631837e-16 -0.100157255292699 -1.4141818213601154e-15 0.0; 0.00041808777873103813 0.0033946939467684664 -1.4141818213601154e-15 -0.05538001394238797 0.0; 0.0 0.0 0.0 0.0 -0.012744374865222431]
Nuclear repulsion: 8.00236697416617
o = 1:no = 1:5
v = no + 1:mol.nao = 6:7
F = C' * hf.get_fock() * C = [-20.262892035690882 6.1602391013011804e-12 -1.3446107925294912e-15 3.786407924784608e-12 0.0 8.786622047671672e-12 -2.488294113555769e-15; 6.1606586545664265e-12 -1.2096976166559188 -1.394199932237784e-15 3.041303806319396e-11 0.0 -6.001855901755377e-11 6.236241551538186e-16; -1.3788821864169997e-15 -1.4277897081943443e-15 -0.5479641895356963 -8.300817539237568e-16 0.0 8.254625764408551e-17 -5.0723316253672676e-11; 3.7864331030440956e-12 3.041297837454281e-11 -8.405819237236906e-16 -0.43652788845394924 0.0 9.327734784577862e-11 3.9861378438557684e-16; 0.0 0.0 0.0 0.0 -0.3875869420807838 0.0 0.0; 8.78661743302514e-12 -6.00184772735897e-11 6.276778491596515e-17 9.327738211439026e-11 0.0 0.47761924850496873 -1.4773784411259917e-15; -2.415988297415647e-15 5.575860488901959e-16 -5.0723311217063804e-11 4.0561575471289673e-16 0.0 -1.506257955767479e-15 0.5881383803109427]
My HF-74.94208005769585
Pre_t1: [10.370255642097925 0.8436584325804437 0.5127917190203325 0.457073568479459 0.43260309529287627; 10.425515208000913 0.8989179984834308 0.5680512849233195 0.512333134382446 0.48786266119586325]

####### STARTING ITERATIONS #######
global amplitudes = -(build_omega(F, g, L, t, t2, o, v)) = [-8.78661743302514e-12, 2.415988297415647e-15, 6.00184772735897e-11, -5.575860488901959e-16, -6.276778491596515e-17, 5.0723311217063804e-11, -9.327738211439026e-11, -4.0561575471289673e-16, -0.0, -0.0, -0.013098340031886905, -6.068144034129808e-18, -0.009825981842496202, 1.1293320879152136e-16, -2.878556767949014e-17, 0.005769957695452914, 0.0017709825762464318, -3.4450524030726903e-17, -0.0, -0.0, -7.762209928638408e-18, -0.009760882862492453, 9.47999274567013e-17, -0.019103299478527885, -0.003038574369613194, -1.1283834110142887e-16, -1.426267957904681e-16, 0.011247702699294855, -0.0, -0.0, -0.009825981842496227, 9.351243737687476e-17, -0.04757639068888835, 4.85722573273506e-17, 1.3062467774105357e-15, -0.06888165355152479, -0.06025189579727627, -1.1041514924592377e-15, -0.0, -0.0, 1.1720225484568303e-16, -0.019103299478527878, 4.597017211338539e-17, -0.03390820926778966, -0.030256531275719877, -8.612902058224847e-16, -7.73686670285656e-16, 0.01718855230994918, -0.0, -0.0, -1.431146867680866e-17, -0.0030385743696131826, 1.3010426069826053e-15, -0.030256531275719957, -0.037495001879660775, 1.790234627208065e-15, 1.56472057533108e-15, -0.05413705762403152, -0.0, -0.0, 0.0057699576954529114, -1.1080546202801855e-16, -0.06888165355152473, -8.916478666520788e-16, 1.7659484985443896e-15, -0.07972450449836742, -0.09989350375253211, -1.9116652705264414e-15, -0.0, -0.0, 0.0017709825762464142, -1.4148838350935833e-16, -0.06025189579727625, -7.589415207398531e-16, 1.5716594692349872e-15, -0.0998935037525319, -0.04778508244174296, -1.1032841307212493e-15, -0.0, -0.0, -3.1008182133085427e-17, 0.011247702699294851, -1.0954778750793537e-15, 0.017188552309949125, -0.05413705762403158, -1.925543058334256e-15, -1.106753577673203e-15, -0.035476394304842805, -0.0, -0.0, -0.0, -0.0, -0.0, -0.0, -0.0, -0.0, -0.0, -0.0, -0.01730156717484179, -3.5561831257524545e-17, -0.0, -0.0, -0.0, -0.0, -0.0, -0.0, -0.0, -0.0, -3.9898639947466563e-17, -0.01252067212284755]
addition_t1 = reshape(amplitudes[1:n], (nv, no)) ./ pre_t[v, o] = [-8.472903403997076e-13 7.114073060351575e-11 -1.2240405331794442e-16 -2.0407520483998884e-10 -0.0; 2.3173802437711006e-16 -6.2028577671256135e-16 8.929354190953179e-11 -7.917031468242166e-16 -0.0]
addition_t2 = reshape(amplitudes[n + 1:end], (nv, no, nv, no)) ./ pre_t2[v, o, v, o] = [-0.0006315340953946378 -0.0004381156203382995 -1.3224957461056366e-18 8.178298367968398e-5 -0.0; -1.4589851171833253e-19 5.010713846170504e-18 0.00026375003617786614 -1.5828276129105392e-18 -0.0;;; -1.8662953118185363e-19 4.206161448933479e-18 -0.00013889600967892515 -6.552981037871957e-18 -0.0; -0.00046812472418636934 -0.0008434549937382023 -5.1320170380583404e-18 0.0005141643194900973 -0.0;;;; -0.0004381156203383005 -0.028196476708808274 4.814945745956848e-16 -0.0231607647648324 -0.0; 4.149037026110222e-18 1.3936908723623776e-17 -0.024396535880380512 -4.071380380824506e-16 -0.0;;; 5.200126406058145e-18 1.3190288613429646e-17 -0.0107162722267084 -2.8528446973255767e-16 -0.0; -0.0008434549937382021 -0.018860568664214296 -2.9356109073473783e-16 0.006089827639338645 -0.0;;;; -6.575120093632544e-19 4.795762695176143e-16 -0.03655967958228092 8.066690268731864e-16 -0.0; -0.00013889600967892463 -0.010716272226708427 8.281658948968854e-16 -0.02640510443402581 -0.0;;; 0.000263750036177866 -0.024396535880380488 8.169310862451835e-16 -0.048722603603330694 -0.0; -5.039559368624188e-18 -3.039081583839985e-16 -0.07017368555827608 -8.847153089058991e-16 -0.0;;;; 8.178298367968318e-5 -0.023160764764832392 8.10246273112092e-16 -0.052272856862746415 -0.0; -6.5006767422447005e-18 -2.7984743387442597e-16 -0.04872260360333058 -5.6905121837104505e-16 -0.0;;; -1.424669385656693e-18 -4.0393978169531425e-16 -0.02640510443402583 -5.708406876112056e-16 -0.0; 0.000514164319490097 0.0060898276393386245 -8.911379245785372e-16 -0.03462238914881544 -0.0;;;; -0.0 -0.0 -0.0 -0.0 -0.019997045054807653; -0.0 -0.0 -0.0 -0.0 -1.9317302684447877e-17;;; -0.0 -0.0 -0.0 -0.0 -2.1673071304502494e-17; -0.0 -0.0 -0.0 -0.0 -0.012832168885559424]
(d, V, nconv, niter, nmult, resid) = eigs(A_imp, nev = n_ev, which = :SM, tol = 1.0e-12, maxiter = 1000) = (ComplexF64[0.31003603171842214 + 0.0im, 0.3829739579280823 + 0.0im], ComplexF64[-1.8642000635146721e-16 + 0.0im -4.34780463294089e-17 + 0.0im; -9.589273304692012e-17 + 0.0im 2.658727902648999e-16 + 0.0im; 2.3967118369873957e-15 + 0.0im -8.463024237785683e-17 + 0.0im; -3.8480696790987134e-18 + 0.0im 2.6377208606737697e-15 + 0.0im; -2.9505243258935906e-15 + 0.0im 5.782143407095976e-14 + 0.0im; 6.555405372866624e-15 + 0.0im -5.408238009977257e-15 + 0.0im; -2.036584630762098e-14 + 0.0im 1.6570160495283077e-14 + 0.0im; 2.4434836410625465e-15 + 0.0im 8.37104487154797e-15 + 0.0im; -0.9597261877370363 + 0.0im -2.0217580598647506e-14 + 0.0im; -1.1239594882555324e-14 + 0.0im 0.9612535403618104 + 0.0im; -2.638505857412982e-16 + 0.0im -3.5775568195008576e-16 + 0.0im; -5.969036820749287e-17 + 0.0im -8.54813457518626e-17 + 0.0im; 1.624269690973204e-17 + 0.0im 1.5336034652378093e-16 + 0.0im; -1.4872745863944503e-16 + 0.0im 2.7328710829031835e-16 + 0.0im; 1.4485128456353558e-16 + 0.0im 1.6162722702301994e-16 + 0.0im; -2.2715283452226e-17 + 0.0im -1.7136531660483837e-18 + 0.0im; -8.253678570422858e-17 + 0.0im 3.312202084870367e-17 + 0.0im; -4.9237530618397956e-17 + 0.0im -1.4338489450806837e-16 + 0.0im; -0.000274439082583385 + 0.0im -6.599762701952672e-17 + 0.0im; 3.5445303829149e-18 + 0.0im 0.00011704174151458546 + 0.0im; -6.166914793360443e-17 + 0.0im -4.883168189395519e-16 + 0.0im; 6.078512790225367e-17 + 0.0im 2.539165772463551e-16 + 0.0im; 1.087571812131345e-16 + 0.0im 7.690953506602022e-19 + 0.0im; -1.1561998162743601e-17 + 0.0im 1.669681492885349e-16 + 0.0im; -3.9121448514357583e-17 + 0.0im -2.405786453614577e-16 + 0.0im; 1.7459233237338e-17 + 0.0im 2.683204907349208e-17 + 0.0im; -1.355878316719488e-16 + 0.0im 1.7355266852478696e-18 + 0.0im; 1.0865964778011485e-16 + 0.0im 0.000298793683069219 + 0.0im; 0.00032346418042657974 + 0.0im -2.372825614804198e-17 + 0.0im; -4.840978305588342e-16 + 0.0im 1.0952767862146673e-16 + 0.0im; 3.979398663835433e-16 + 0.0im 2.446005705415312e-15 + 0.0im; -1.1465864756033898e-16 + 0.0im -2.2241998334406935e-15 + 0.0im; 1.8944449478462188e-15 + 0.0im -1.9397235794757436e-15 + 0.0im; 6.376988407711091e-16 + 0.0im -2.610957705823762e-16 + 0.0im; 4.674058329868054e-16 + 0.0im -3.4466116636361872e-15 + 0.0im; -0.08411270681701373 + 0.0im -2.6285366151455785e-15 + 0.0im; -5.842953876317196e-16 + 0.0im 0.060438584690577876 + 0.0im; 7.532242045095943e-16 + 0.0im -7.880511291933406e-16 + 0.0im; 5.850637965366921e-16 + 0.0im -1.4603315708801015e-15 + 0.0im; -1.1925515069100702e-16 + 0.0im 3.815780488312469e-16 + 0.0im; 4.6030479992414085e-17 + 0.0im -2.834842081825862e-15 + 0.0im; -5.177485375279056e-16 + 0.0im -2.9391563178975813e-15 + 0.0im; -5.559284606173157e-16 + 0.0im 0.06003727818209079 + 0.0im; -0.015205490135055994 + 0.0im -1.953349804460502e-16 + 0.0im; 1.467883458578539e-15 + 0.0im 1.4074625493475562e-15 + 0.0im; -4.2463043971820767e-16 + 0.0im 7.417036569218725e-15 + 0.0im; 5.499170426717386e-16 + 0.0im -8.26111439331406e-15 + 0.0im; -1.889411539685756e-15 + 0.0im -1.763366247079427e-15 + 0.0im; 3.4478819729485313e-15 + 0.0im 0.11764094180215486 + 0.0im; -0.13591924969269645 + 0.0im -5.621104642759553e-15 + 0.0im; -6.256887408686892e-18 + 0.0im 5.624254658842324e-15 + 0.0im; -2.4688827003651127e-15 + 0.0im 4.760052186292966e-15 + 0.0im; -1.2264076905245109e-16 + 0.0im 4.655546192805906e-15 + 0.0im; -0.16395608326677516 + 0.0im -2.2815012225096792e-15 + 0.0im; -2.5375704079919067e-15 + 0.0im 0.15101363386142735 + 0.0im; -2.1751536044996354e-15 + 0.0im 2.1288965876274016e-15 + 0.0im; 7.706425730453655e-16 + 0.0im -4.187747300479019e-15 + 0.0im; -0.1397401690010445 + 0.0im 2.239781015783253e-15 + 0.0im; -1.6698927716838555e-15 + 0.0im 0.1325816600666148 + 0.0im; -2.0387578339874753e-15 + 0.0im -2.941309342796553e-15 + 0.0im; -1.6344130881228231e-15 + 0.0im 0.12046503844844172 + 0.0im; -0.08207530528649336 + 0.0im 5.1801869061316494e-15 + 0.0im; 3.6008707376537094e-16 + 0.0im -2.052162546716529e-15 + 0.0im; -9.351499570068991e-17 + 0.0im 2.677434268031712e-16 + 0.0im; 1.8691524208587862e-16 + 0.0im -3.199720351761206e-15 + 0.0im], 2, 9, 162, [0.13969865699692843, -0.1347019773500059, -0.7991275703558671, -0.6349217116290127, -2.1699959685283177, 0.5769102509360392, 0.16799338411154616, 0.6975672326035991, 0.2785036143961626, 0.006930317100447648, 0.03273364109969872, -0.024634610458854123, 0.9509836451725615, -0.6477882204261016, -0.3795687133053422, -0.14391011376313317, -0.10919156274404054, 0.5000624403599019, 0.02385388112296824, 0.23762820759147926, -0.0022138003283796964, -0.7598881018885485, -0.21600520688430505, -0.5797431256961179, 0.46977752087215013, -0.17164040554587584, -0.3643290034445742, -0.22734746428909627, -0.02243935704285731, -0.5550034166900915, -1.2551667398785258, 0.45594897946555596, 0.43862718169361775, -0.23447523018425456, 0.0817973750279832, -0.06587418899307874, 0.32411194286909595, 0.3195418379951536, 0.4206802567621652, -0.11631014233813854, 0.33367124759369915, 1.1521632747147683, 0.5110798294607439, 0.5550963115931843, -0.40801960242205093, -0.642246549634393, 0.9125261781970682, 1.2797429721215579, -0.5621358178258333, -0.04746583861384403, -2.256415467118958, -1.6991224703326404, 0.05694745717063595, 0.13440117938880128, 0.22644537854508384, -0.5257751216796871, 0.7192900012383674, -2.3071199110002834, -0.25577218684369984, 0.6827320911086365, 0.07429678773191746, 0.4460816116030597, -0.07582184885003145, 0.2053493186951948, 0.5121327234839984])
[1.8642000635146721e-16, 9.589273304692012e-17, -2.3967118369873957e-15, 3.8480696790987134e-18, 2.9505243258935906e-15, -6.555405372866624e-15, 2.036584630762098e-14, -2.4434836410625465e-15, 0.9597261877370363, 1.1239594882555324e-14, 2.638505857412982e-16, 5.969036820749287e-17, -1.624269690973204e-17, 1.4872745863944503e-16, -1.4485128456353558e-16, 2.2715283452226e-17, 8.253678570422858e-17, 4.9237530618397956e-17, 0.000274439082583385, -3.5445303829149e-18, 6.166914793360443e-17, -6.078512790225367e-17, -1.087571812131345e-16, 1.1561998162743601e-17, 3.9121448514357583e-17, -1.7459233237338e-17, 1.355878316719488e-16, -1.0865964778011485e-16, -0.00032346418042657974, 4.840978305588342e-16, -3.979398663835433e-16, 1.1465864756033898e-16, -1.8944449478462188e-15, -6.376988407711091e-16, -4.674058329868054e-16, 0.08411270681701373, 5.842953876317196e-16, -7.532242045095943e-16, -5.850637965366921e-16, 1.1925515069100702e-16, -4.6030479992414085e-17, 5.177485375279056e-16, 5.559284606173157e-16, 0.015205490135055994, -1.467883458578539e-15, 4.2463043971820767e-16, -5.499170426717386e-16, 1.889411539685756e-15, -3.4478819729485313e-15, 0.13591924969269645, 6.256887408686892e-18, 2.4688827003651127e-15, 1.2264076905245109e-16, 0.16395608326677516, 2.5375704079919067e-15, 2.1751536044996354e-15, -7.706425730453655e-16, 0.1397401690010445, 1.6698927716838555e-15, 2.0387578339874753e-15, 1.6344130881228231e-15, 0.08207530528649336, -3.6008707376537094e-16, 9.351499570068991e-17, -1.8691524208587862e-16]
(d, V, nconv, niter, nmult, resid) = eigs(A_imp, nev = n_ev, which = :SM, tol = 1.0e-12, maxiter = 1000) = (ComplexF64[0.31003603171842 + 0.0im, 0.38297395792808353 + 0.0im], ComplexF64[-7.02732727879489e-18 + 0.0im 8.506399858775746e-17 + 0.0im; 6.91057012596679e-17 + 0.0im -7.13235816281895e-17 + 0.0im; -4.765193744025287e-16 + 0.0im 1.8330131960752375e-15 + 0.0im; 1.8735260973055204e-16 + 0.0im -3.092230658456343e-15 + 0.0im; -2.33070668297212e-16 + 0.0im 4.035992229510198e-15 + 0.0im; -1.5129744437672047e-15 + 0.0im 6.949465492114005e-16 + 0.0im; 4.63085412585016e-15 + 0.0im -5.684417803600729e-15 + 0.0im; -2.8063332527046544e-15 + 0.0im -2.114890428415854e-14 + 0.0im; 0.9564088195574535 + 0.0im -1.8556701616686544e-14 + 0.0im; -1.8808726032788347e-14 + 0.0im -0.9619751730469412 + 0.0im; -8.36905918705697e-17 + 0.0im -1.0693781712925755e-16 + 0.0im; 7.307513852461812e-17 + 0.0im 1.0553600177845806e-17 + 0.0im; 1.3654342045634848e-17 + 0.0im -4.802248590485474e-16 + 0.0im; -1.1586217233731709e-16 + 0.0im 3.2463228263652645e-17 + 0.0im; -9.531643429771502e-17 + 0.0im -1.566915212432637e-16 + 0.0im; -2.849689236890492e-17 + 0.0im -2.750575194535968e-17 + 0.0im; -5.599801229666248e-17 + 0.0im 4.248357172027075e-18 + 0.0im; 1.0336934329112989e-16 + 0.0im -1.9128545817653406e-17 + 0.0im; 0.00024965088265951234 + 0.0im 5.990641596815714e-17 + 0.0im; -1.1920038454875497e-16 + 0.0im 5.9056876525229045e-5 + 0.0im; 2.735653695003857e-16 + 0.0im 3.0185497048356045e-16 + 0.0im; -9.366899387449381e-17 + 0.0im -2.6885388510061996e-16 + 0.0im; -1.6278564045471096e-16 + 0.0im 1.2416737144684983e-17 + 0.0im; 5.221267173317653e-17 + 0.0im 6.595962070479836e-17 + 0.0im; 8.647020774921165e-17 + 0.0im 1.2603545229632352e-17 + 0.0im; -1.3352577919796427e-16 + 0.0im -6.037908693826916e-17 + 0.0im; -2.937313015011425e-16 + 0.0im -5.214906361956041e-17 + 0.0im; 1.292198556287083e-16 + 0.0im -0.00045754295669327475 + 0.0im; -0.0003292547208880185 + 0.0im -1.4653183271144606e-16 + 0.0im; 3.4401394828698773e-16 + 0.0im 7.93574884826493e-16 + 0.0im; -3.150250530486196e-16 + 0.0im -1.9833849035611333e-15 + 0.0im; 1.8976507945596744e-17 + 0.0im 9.580455684930184e-16 + 0.0im; -4.530932672204397e-16 + 0.0im -1.3837315458581015e-16 + 0.0im; -2.30761913150281e-16 + 0.0im 1.3019478915072483e-16 + 0.0im; -1.3281911156123796e-16 + 0.0im -3.8666775071839705e-15 + 0.0im; 0.08440295234648612 + 0.0im -3.2857364444145148e-15 + 0.0im; -6.370094818649395e-16 + 0.0im -0.06779843203401668 + 0.0im; -2.5153503690376956e-16 + 0.0im 2.2348195610855645e-15 + 0.0im; 2.6232708465206603e-17 + 0.0im -4.583485824657105e-16 + 0.0im; -3.6884718439532607e-16 + 0.0im 5.833309535863216e-15 + 0.0im; 3.921127754502483e-17 + 0.0im 1.6844404090898556e-16 + 0.0im; 3.455793686385557e-16 + 0.0im 1.5280234402240953e-16 + 0.0im; -2.2311686107539035e-15 + 0.0im -0.052726639276630904 + 0.0im; 0.016192663376659977 + 0.0im -3.935865501105117e-16 + 0.0im; -8.769182426488477e-16 + 0.0im 3.160001126078936e-16 + 0.0im; -4.792241468758324e-16 + 0.0im 4.414592930196832e-15 + 0.0im; -1.0281291683952664e-16 + 0.0im -6.450585807640565e-15 + 0.0im; 2.3762226167977156e-16 + 0.0im 5.806360102698785e-16 + 0.0im; -6.926768671252557e-15 + 0.0im -0.10913012950641612 + 0.0im; 0.0861048214166164 + 0.0im -8.124089311306199e-15 + 0.0im; -2.0219321950225741e-16 + 0.0im 1.6508901991434567e-15 + 0.0im; 7.961208973703201e-16 + 0.0im -5.308596613504502e-15 + 0.0im; 2.072143453439292e-17 + 0.0im -3.932460752592972e-15 + 0.0im; 0.21250909464944515 + 0.0im -1.574287060740662e-15 + 0.0im; -1.957094289354348e-15 + 0.0im -0.1520153973324296 + 0.0im; 7.837424287285431e-16 + 0.0im -1.2470485128659105e-15 + 0.0im; -6.580916757562114e-16 + 0.0im -3.1367772776915585e-15 + 0.0im; 0.1402929607025129 + 0.0im -9.087401082428953e-15 + 0.0im; -2.5903711023931158e-15 + 0.0im -0.1569471546644835 + 0.0im; 7.714951797291513e-16 + 0.0im -7.886877097953889e-16 + 0.0im; -1.5341551511618812e-15 + 0.0im -0.08704224366856539 + 0.0im; 0.0750977231603077 + 0.0im -1.8359505012019137e-15 + 0.0im; -9.498325126488331e-17 + 0.0im 5.087374495089066e-15 + 0.0im; 1.1028601269356077e-16 + 0.0im 2.092310874470733e-15 + 0.0im; -2.5630635513480014e-16 + 0.0im 2.668760060006742e-15 + 0.0im], 2, 10, 180, [-0.5333298167940369, -0.28732129419968666, 0.22949597238500177, 0.5543884023002983, -0.5740773774442471, 0.1908590181652075, 0.06711234702749849, 1.030072122521293, 0.04144688078076264, 0.026671239864625076, 0.016421650253669602, 7.189190408212544e-5, 0.6247354958870596, -0.37645909189747534, -0.08489520688391597, 0.03053435882272081, 0.08619773455984138, 0.060933019936773476, -0.09206537615913875, -0.004663149187492172, -0.005165766209997356, 0.3197934259729447, -0.35605889291634957, -0.12476172588294682, 0.14569035950628795, -0.11010134955786462, 0.051773465649580484, 0.006168998148188228, -0.07579266090542498, -0.31553344602087824, 2.0964516424129434, -0.6719814471272262, 0.43455423510029795, 0.1310441356831874, 0.7994028242958526, -0.04752827505239779, -1.2390207121666574, -0.8234722586160306, -0.14735086925570917, -2.0055587212251544, -0.0362153435710018, -0.17568117138479147, -1.1838306721077154, -0.12475552437190594, -0.45535222680238285, -0.38637869206481706, 0.3195539286905919, -0.1614031168530847, 0.34088715596369695, -0.13760133304514885, -0.27240057053022254, 0.6375636176924057, 1.0810459423462337, -0.11591213276313093, -0.008136740927228985, -0.058358505190206314, 0.005189930002247627, 0.1800174139288433, 0.5053906847604199, -0.43549125889824486, 0.06294789780410402, -0.2980801108356802, 0.15860507911823563, 0.10615575055395973, 0.40996522820473486])
[7.02732727879489e-18, -6.91057012596679e-17, 4.765193744025287e-16, -1.8735260973055204e-16, 2.33070668297212e-16, 1.5129744437672047e-15, -4.63085412585016e-15, 2.8063332527046544e-15, -0.9564088195574535, 1.8808726032788347e-14, 8.36905918705697e-17, -7.307513852461812e-17, -1.3654342045634848e-17, 1.1586217233731709e-16, 9.531643429771502e-17, 2.849689236890492e-17, 5.599801229666248e-17, -1.0336934329112989e-16, -0.00024965088265951234, 1.1920038454875497e-16, -2.735653695003857e-16, 9.366899387449381e-17, 1.6278564045471096e-16, -5.221267173317653e-17, -8.647020774921165e-17, 1.3352577919796427e-16, 2.937313015011425e-16, -1.292198556287083e-16, 0.0003292547208880185, -3.4401394828698773e-16, 3.150250530486196e-16, -1.8976507945596744e-17, 4.530932672204397e-16, 2.30761913150281e-16, 1.3281911156123796e-16, -0.08440295234648612, 6.370094818649395e-16, 2.5153503690376956e-16, -2.6232708465206603e-17, 3.6884718439532607e-16, -3.921127754502483e-17, -3.455793686385557e-16, 2.2311686107539035e-15, -0.016192663376659977, 8.769182426488477e-16, 4.792241468758324e-16, 1.0281291683952664e-16, -2.3762226167977156e-16, 6.926768671252557e-15, -0.0861048214166164, 2.0219321950225741e-16, -7.961208973703201e-16, -2.072143453439292e-17, -0.21250909464944515, 1.957094289354348e-15, -7.837424287285431e-16, 6.580916757562114e-16, -0.1402929607025129, 2.5903711023931158e-15, -7.714951797291513e-16, 1.5341551511618812e-15, -0.0750977231603077, 9.498325126488331e-17, -1.1028601269356077e-16, 2.5630635513480014e-16]
Projection L1|R2: 3.971794886400161e-14
scalar = l1_vec' * r1_vec = -0.9975500356285565
Check <L1|R1>: 1.0
t before projection
65-element Vector{Float64}:
 -8.472903403997076e-13
  2.3173802437711006e-16
  7.114073060351575e-11
 -6.2028577671256135e-16
 -1.2240405331794442e-16
  8.929354190953179e-11
 -2.0407520483998884e-10
 -7.917031468242166e-16
  0.0
  0.0
 -0.0006315340953946378
 -1.8662953118185363e-19
 -0.0004381156203383005
  5.200126406058145e-18
 -6.575120093632544e-19
  0.000263750036177866
  8.178298367968318e-5
 -1.424669385656693e-18
  0.0
  0.0
 -0.00046812472418636934
  4.149037026110222e-18
 -0.0008434549937382021
 -0.00013889600967892463
 -5.039559368624188e-18
 -6.5006767422447005e-18
  0.000514164319490097
  0.0
  0.0
 -0.028196476708808274
  1.3190288613429646e-17
  4.795762695176143e-16
 -0.024396535880380488
 -0.023160764764832392
 -4.0393978169531425e-16
  0.0
  0.0
 -0.018860568664214296
 -0.010716272226708427
 -3.039081583839985e-16
 -2.7984743387442597e-16
  0.0060898276393386245
  0.0
  0.0
 -0.03655967958228092
  8.169310862451835e-16
  8.10246273112092e-16
 -0.02640510443402583
  0.0
  0.0
 -0.07017368555827608
 -0.04872260360333058
 -8.911379245785372e-16
  0.0
  0.0
 -0.052272856862746415
 -5.708406876112056e-16
  0.0
  0.0
 -0.03462238914881544
  0.0
  0.0
 -0.019997045054807653
 -2.1673071304502494e-17
 -0.012832168885559424
t after projection
65-element Vector{Float64}:
 -8.472903403997076e-13
  2.3173802437711006e-16
  7.114073060351575e-11
 -6.2028577671256135e-16
 -1.2240405331794427e-16
  8.929354190953179e-11
 -2.0407520483998884e-10
 -7.917031468242167e-16
  4.632850610323705e-17
  5.425647927167442e-31
 -0.0006315340953946378
 -1.8662953118185074e-19
 -0.0004381156203383005
  5.2001264060581516e-18
 -6.575120093632614e-19
  0.000263750036177866
  8.178298367968318e-5
 -1.4246693856566907e-18
  1.3247895988345002e-20
 -1.7110379978812891e-34
 -0.00046812472418636934
  4.149037026110219e-18
 -0.0008434549937382021
 -0.00013889600967892463
 -5.039559368624187e-18
 -6.500676742244701e-18
  0.000514164319490097
 -5.245286853354009e-33
 -1.5614466343162248e-20
 -0.028196476708808274
  1.3190288613429627e-17
  4.795762695176143e-16
 -0.024396535880380488
 -0.023160764764832392
 -4.0393978169531425e-16
  4.06034148168887e-18
  2.820547441329838e-32
 -0.018860568664214296
 -0.010716272226708427
 -3.039081583839985e-16
 -2.7984743387442597e-16
  0.0060898276393386245
  2.683612827258749e-32
  7.340089824845647e-19
 -0.03655967958228092
  8.169310862451835e-16
  8.10246273112092e-16
 -0.02640510443402583
 -1.664383269603499e-31
  6.561179500356449e-18
 -0.07017368555827608
 -0.04872260360333058
 -8.911379245785372e-16
  7.914591162921236e-18
  1.2249519460467047e-31
 -0.052272856862746415
 -5.708406876112056e-16
  6.745625320173217e-18
  8.061011406505921e-32
 -0.03462238914881544
  7.889741646713914e-32
  3.961990753692147e-18
 -0.019997045054807653
 -2.167307130450249e-17
 -0.012832168885559424
Omega original restricted
65-element Vector{Float64}:
 -8.78661743302514e-12
  2.415988297415647e-15
  6.00184772735897e-11
 -5.575860488901959e-16
 -6.276778491596515e-17
  5.0723311217063804e-11
 -9.327738211439026e-11
 -4.0561575471289673e-16
 -0.0
 -0.0
 -0.013098340031886905
 -7.762209928638408e-18
 -0.009825981842496227
  1.1720225484568303e-16
 -1.431146867680866e-17
  0.0057699576954529114
  0.0017709825762464142
 -3.1008182133085427e-17
 -0.0
 -0.0
 -0.009760882862492453
  9.351243737687476e-17
 -0.019103299478527878
 -0.0030385743696131826
 -1.1080546202801855e-16
 -1.4148838350935833e-16
  0.011247702699294851
 -0.0
 -0.0
 -0.04757639068888835
  4.597017211338539e-17
  1.3010426069826053e-15
 -0.06888165355152473
 -0.06025189579727625
 -1.0954778750793537e-15
 -0.0
 -0.0
 -0.03390820926778966
 -0.030256531275719957
 -8.916478666520788e-16
 -7.589415207398531e-16
  0.017188552309949125
 -0.0
 -0.0
 -0.037495001879660775
  1.7659484985443896e-15
  1.5716594692349872e-15
 -0.05413705762403158
 -0.0
 -0.0
 -0.07972450449836742
 -0.0998935037525319
 -1.925543058334256e-15
 -0.0
 -0.0
 -0.04778508244174296
 -1.106753577673203e-15
 -0.0
 -0.0
 -0.035476394304842805
 -0.0
 -0.0
 -0.01730156717484179
 -3.9898639947466563e-17
 -0.01252067212284755
Omega restricted
65-element Vector{Float64}:
  8.472903403997076e-13
 -2.3173802437711006e-16
 -7.114073060351575e-11
  6.2028577671256135e-16
  1.2240405331794442e-16
 -8.929354190953179e-11
  2.0407520483998884e-10
  7.917031468242166e-16
  0.0
  0.0
  0.0006315340953946378
  1.8662953118185363e-19
  0.0004381156203383005
 -5.200126406058145e-18
  6.575120093632544e-19
 -0.000263750036177866
 -8.178298367968318e-5
  1.424669385656693e-18
  0.0
  0.0
  0.00046812472418636934
 -4.149037026110222e-18
  0.0008434549937382021
  0.00013889600967892463
  5.039559368624188e-18
  6.5006767422447005e-18
 -0.000514164319490097
  0.0
  0.0
  0.028196476708808274
 -1.3190288613429646e-17
 -4.795762695176143e-16
  0.024396535880380488
  0.023160764764832392
  4.0393978169531425e-16
  0.0
  0.0
  0.018860568664214296
  0.010716272226708427
  3.039081583839985e-16
  2.7984743387442597e-16
 -0.0060898276393386245
  0.0
  0.0
  0.03655967958228092
 -8.169310862451835e-16
 -8.10246273112092e-16
  0.02640510443402583
  0.0
  0.0
  0.07017368555827608
  0.04872260360333058
  8.911379245785372e-16
  0.0
  0.0
  0.052272856862746415
  5.708406876112056e-16
  0.0
  0.0
  0.03462238914881544
  0.0
  0.0
  0.019997045054807653
  2.1673071304502494e-17
  0.012832168885559424
Omega resricted on L2-1.4189614754926965e-17
Omega resricted on L1 (<L1|H|HF>): 4.8272628896869274e-17
Omega resricted on R1 (<R1|H|HF>): 4.8272628896869274e-17
<L1[D]|R1[S]H[S]|HF> additional: 0.001809666208194509
<L1|H|R1> with nuclear repulsion : -74.67938406302433
<HF|H|R1>: 7.123708408784612e-16
L1 * A * R1: 0.31003603171841965
Reduced matrix[-74.99122976095094 7.123708408784612e-16; 6.341801259044678e-17 -74.67938406302433]
Matrix
2×2 Matrix{Float64}:
 -74.9912        7.12371e-16
   6.3418e-17  -74.6794
NEW E0 FROM MATRIX: -74.99122976095094
NEW E1 FROM MATRIX: -74.67938406302433
[1.0 2.284369627719224e-15; 0.0 1.0]
Evaluating remaining element <mu_tilde|H|R1>
Norm of element <mu_tilde|H|R1>: 0.008876891824576355
65-element Vector{Float64}:
 -3.3735798602565597e-19
 -1.7353383860642821e-19
  4.337248422175877e-18
 -6.96372166504283e-21
 -5.339464169025514e-18
  1.1863095584293456e-17
 -3.6855383864184604e-17
  4.421889775506971e-18
 -0.0017367840510670541
 -2.03399150527563e-17
 -4.834665066123061e-19
 -1.1109828018106297e-19
 -1.19612900808136e-19
 -2.6927059847525144e-19
  1.6740583949125371e-19
  8.546753657541302e-19
  7.940854348011165e-19
 -1.0655410045947183e-20
 -3.13086692775204e-5
 -3.544329746058433e-19
 -1.1160057310337772e-19
 -6.227470202272813e-21
  1.9681419573988037e-19
 -2.0923357367735476e-20
  2.8172606393340374e-19
  8.532293753482289e-19
 -2.453687172245532e-19
  2.1463992875403653e-15
  5.853621968793131e-7
  2.0289159630909754e-18
  7.1547421704235215e-19
 -3.783722274465757e-18
  2.5630518280240897e-18
 -4.4066368458259745e-17
  3.8075104745612205e-18
 -0.0013154668116701418
 -1.468050348472401e-17
  1.363084390095202e-18
  1.0587701822296867e-18
 -2.0166566386525227e-19
  1.1627107058983657e-19
 -9.369520327057545e-19
 -2.45697129913668e-16
 -2.7516861676445795e-5
  2.6563790925569728e-18
  1.0078338541394506e-17
  2.6276029604923167e-17
 -3.4192042167417646e-18
 -8.92450032327489e-17
 -0.0002459684732120247
 -2.4110438243136037e-17
  1.4233061335125567e-17
 -9.204723414214685e-18
  0.0032314592653192335
  3.672707326841717e-17
  1.705635902261252e-16
 -1.9541800428972116e-17
  0.00797030166494265
  9.328183703196783e-17
 -3.689471158859017e-18
  1.7751674302114342e-17
 -0.00014852890650421518
  1.4436670445450086e-17
 -1.6923092767865583e-19
  3.3825419739931067e-19
Evaluating remaining element <HF|H|nu_tilde>
Norm of element <HF|H|nu_tilde>: 0.6310055811200171
65-element Vector{Float64}:
  1.704620405296422e-11
 -4.976329950721619e-15
 -1.119078065496255e-10
  1.2012362731632216e-15
  1.4933712763432687e-16
 -1.170972601051177e-10
  1.821346223962158e-10
  6.989394234323507e-16
 -6.797848357299039e-16
  1.3461922209497934e-29
  0.05239336012754763
 -4.987329993433373e-18
  0.019651963684992408
 -2.64545330086463e-16
  4.770489558936226e-17
 -0.029156979521037844
 -0.003541965152492765
 -1.314053033052432e-16
 -1.7828079079175947e-19
  8.512342753867743e-32
  0.039043531449969804
 -1.5525775109992416e-16
  0.03820659895705575
  0.02369421286935847
  2.272487753529617e-16
  4.917941054394249e-16
 -0.0224954053985897
 -9.227853633869506e-32
  2.3512751642017625e-19
  0.19030556275555352
 -1.986258379993442e-16
 -2.581268532253489e-15
  0.2150135516546591
  0.1205037915945526
  2.8622937353617317e-15
 -6.027387097210164e-17
  4.549014726441753e-31
  0.1356328370711587
 -0.016737182000169673
  1.7971735211119725e-15
  9.992007221626409e-16
 -0.03437710461989834
  1.593323044074569e-30
 -1.156351141667276e-17
  0.14998000751864307
 -3.531896997088779e-15
 -3.1988300897012323e-15
  0.01676122299106253
  4.946546886544475e-30
 -6.148921041097986e-17
  0.31889801799346934
  0.2912998997620643
  3.899658373995862e-15
 -1.5175708189349904e-16
  1.3976009771853903e-30
  0.19114032976697187
  2.2273849431542207e-15
 -1.0018606667885629e-16
  1.8498368748353796e-30
  0.14190557721937125
  1.0955715062278391e-30
 -5.3628816886420684e-17
  0.06920626869936716
  8.153200337090986e-17
  0.0500826884913902
Evaluating remaining element <L1|H|nu_tilde>
Norm of element <L1|H|nu_tilde>: 0.000550759786989238
65-element Vector{Float64}:
 -5.835562395942028e-19
 -8.421348021368632e-19
 -1.990518235221568e-18
 -9.758769277871185e-19
 -2.2463254855122182e-18
  1.2449012617903006e-17
  3.567059928416086e-18
 -3.2713309304094727e-19
  0.00015057529442386898
 -6.402901194219471e-18
  1.5182399944132939e-19
 -1.3256639178385543e-19
 -2.4770488208689422e-20
  2.1018680827848105e-19
  1.729145647571256e-19
  5.16965177852648e-20
  1.0158659411553002e-19
 -1.8752343324748263e-19
 -4.5289434119480773e-7
  2.1624269481956564e-19
 -4.962778680120583e-19
  1.6992592543334618e-19
  2.953111745663682e-19
 -9.471956724009899e-20
 -1.5686653038983436e-19
  2.422305467466017e-19
  5.328611013287944e-19
 -2.3441912466245443e-19
  5.973045170652741e-7
 -6.240793896320858e-19
  5.714903241696098e-19
 -3.4425486393815497e-20
  8.219613508736185e-19
  4.1862765921636055e-19
  2.4094857341500587e-19
 -0.0001531163002134977
  1.1556057264878052e-18
  4.563124055976725e-19
 -4.7589037505261614e-20
  6.691296293396701e-19
 -7.113359873588307e-20
 -6.269192354650495e-19
  4.0475868833200836e-18
 -2.937528413293708e-5
  1.5908267800030783e-18
  8.693656596439202e-19
  1.8651401405962458e-19
 -4.310730909910517e-19
  1.256592526554093e-17
 -0.0001562036791288276
  3.668008859613094e-19
 -1.4442514502049648e-18
 -3.759097641511038e-20
 -0.00038551502559848184
  3.5503857202144176e-18
 -1.4217955376089572e-18
  1.1938511603176983e-18
 -0.0002545069632230786
  4.699219972189821e-18
 -1.3995776719721943e-18
  2.783127297906258e-18
 -0.0001362355842430733
  1.7231013384727218e-19
 -2.000710373212424e-19
  4.649681051243614e-19
Building the whole matrix...
(d, V, nconv, niter, nmult, resid) = eigs(A_imp, nev = n_ev, which = :SM, tol = 1.0e-12, maxiter = 1000) = (ComplexF64[1.751394132819922e-16 + 0.0im, 0.3118496090525643 + 0.0im], ComplexF64[-0.9999999999999987 + 0.0im 1.0119233284402706e-15 + 0.0im; 2.078322635718827e-15 + 0.0im 0.9999361874656585 + 0.0im; -2.8409558579860534e-17 + 0.0im -8.622018949071297e-17 + 0.0im; -5.105844627142935e-17 + 0.0im 2.2212444106658553e-17 + 0.0im; -4.869184890991041e-17 + 0.0im 1.8726077686653727e-15 + 0.0im; -1.9999368901950008e-16 + 0.0im -6.249193608125726e-17 + 0.0im; 7.533669350038867e-16 + 0.0im 3.3203410457675984e-15 + 0.0im; 4.464911386904143e-16 + 0.0im 5.9060272287683175e-15 + 0.0im; -9.940595439087655e-16 + 0.0im -1.953651425935411e-14 + 0.0im; 6.71153928868705e-17 + 0.0im 2.154659990524608e-15 + 0.0im; 7.682135345048548e-16 + 0.0im 0.002074067838938196 + 0.0im; -9.185316095830658e-16 + 0.0im -7.870457926030641e-15 + 0.0im; 3.960077790078611e-16 + 0.0im -4.3026583845277417e-16 + 0.0im; -3.1097589114113473e-17 + 0.0im 1.390813139218682e-16 + 0.0im; 3.514609714294866e-17 + 0.0im 1.5210832963628545e-16 + 0.0im; -1.0038598513407567e-16 + 0.0im 2.3222260381123644e-16 + 0.0im; -1.3730614721922706e-17 + 0.0im 8.094863172640293e-17 + 0.0im; 2.0375385323676954e-17 + 0.0im 6.629400783958154e-17 + 0.0im; 5.533563698510476e-18 + 0.0im 8.488942471111339e-18 + 0.0im; 2.4941358630313564e-17 + 0.0im -9.939852794426674e-17 + 0.0im; 3.540592854069566e-17 + 0.0im -2.452615188121201e-5 + 0.0im; -2.9660226401149694e-17 + 0.0im -2.366939022184833e-17 + 0.0im; 7.647633217319496e-17 + 0.0im -1.297950210550678e-16 + 0.0im; 1.6971718047377777e-18 + 0.0im -1.560065546212449e-16 + 0.0im; 3.717266049551455e-16 + 0.0im 1.992979677208145e-16 + 0.0im; -1.8482516488543295e-17 + 0.0im -2.123348615701443e-17 + 0.0im; 1.0190791556009465e-16 + 0.0im -1.599502693072181e-16 + 0.0im; -3.725308513438484e-17 + 0.0im -3.502688372892282e-17 + 0.0im; 3.359830806421389e-17 + 0.0im -1.723045999425837e-17 + 0.0im; -3.1140186747439573e-17 + 0.0im -1.3413441276340955e-16 + 0.0im; -1.1076475526878087e-17 + 0.0im -3.2206998065660036e-7 + 0.0im; -7.483720008112008e-16 + 0.0im -1.525598475125748e-16 + 0.0im; 9.936962603463734e-17 + 0.0im 2.4694928271624628e-17 + 0.0im; 1.1211124536612857e-16 + 0.0im -9.897285897769557e-17 + 0.0im; 1.1283087997189145e-16 + 0.0im 1.011471512262707e-15 + 0.0im; 7.06711131235407e-17 + 0.0im 8.275089548057765e-16 + 0.0im; -6.482195477568089e-17 + 0.0im -2.1739708478255776e-16 + 0.0im; 4.798984946544314e-18 + 0.0im -6.624921088454841e-5 + 0.0im; 3.789425660105442e-18 + 0.0im -1.2235691831294292e-15 + 0.0im; 1.0368953205587004e-17 + 0.0im 2.1777235652447834e-16 + 0.0im; 1.0788719493059667e-16 + 0.0im 5.756024999623443e-16 + 0.0im; -8.006035584684489e-17 + 0.0im -2.9047074364591974e-17 + 0.0im; 1.3983087623547183e-16 + 0.0im -1.3644159018887479e-16 + 0.0im; 2.8870256802592915e-17 + 0.0im -5.888530400842195e-16 + 0.0im; -1.7458508249830867e-17 + 0.0im 3.714706845360103e-16 + 0.0im; 7.97041299927095e-17 + 0.0im -8.267722968231837e-5 + 0.0im; 1.0697855556028436e-17 + 0.0im 1.593096587347743e-15 + 0.0im; -1.263291639872236e-16 + 0.0im 3.223747057234541e-16 + 0.0im; -8.04126951664115e-17 + 0.0im -5.768298214731389e-17 + 0.0im; -6.932193107765435e-17 + 0.0im -1.594835125824587e-15 + 0.0im; -1.3245692015973363e-16 + 0.0im -5.199694296835434e-16 + 0.0im; 3.0180136099721416e-17 + 0.0im -0.0002069210955374435 + 0.0im; -7.312231024181992e-18 + 0.0im 3.055101820110275e-16 + 0.0im; 5.0954482506325214e-18 + 0.0im -1.6980258026050582e-15 + 0.0im; 1.6225378129601557e-16 + 0.0im 4.8592749303484e-16 + 0.0im; -1.8563904119100479e-16 + 0.0im -0.002656627892129536 + 0.0im; -2.4033271986947616e-16 + 0.0im -1.708762960245421e-15 + 0.0im; -9.579741782252351e-17 + 0.0im -1.8896209515472074e-15 + 0.0im; 2.1003168141548822e-17 + 0.0im 4.3291153829534035e-16 + 0.0im; 5.878412623362291e-17 + 0.0im -0.010688554577563068 + 0.0im; -2.0040528676765148e-16 + 0.0im -1.0852586645585848e-15 + 0.0im; 3.05717802965385e-17 + 0.0im -1.5082929962217735e-15 + 0.0im; -1.4397100300315712e-16 + 0.0im -1.1627567630519995e-15 + 0.0im; 1.1536889339114194e-16 + 0.0im 0.0014006163169217034 + 0.0im; 1.5407047690368793e-16 + 0.0im 3.4905127318958165e-17 + 0.0im; -1.3582737298234067e-17 + 0.0im 7.609588220718936e-17 + 0.0im; 1.990211752238021e-16 + 0.0im -2.2057952161015303e-16 + 0.0im], 2, 13, 226, [5.404494340752548e-15, -0.003608797278459594, -0.353476832588005, -0.42478234111230034, -0.273152074919618, -0.0481315642931186, 4.20660912245963, -0.055031911839952874, -1.6286656173069451, 1.334375998152998, 0.21056080375186031, -0.6034015742297838, -0.1218323137689846, 0.01672058774743804, -3.641752872694448, 1.1314527618041328, 3.4680668691920005, 0.6534957572508532, -0.4269506682020264, -1.8433163675375281, 0.09724531122464417, -2.350131279914856, 0.037163804955109986, -1.0851107379679268, 1.3900151794124258, -0.5128883413416011, -2.712878259297671, -0.30549487061876607, 1.0146466395734732, -2.404651862199335, 0.19039791224771363, 0.48715920912815275, -0.11835691454851514, -0.04718926431689112, -0.4856640149836108, 0.6229130376183643, -0.3807779739993816, -0.20237922703918168, -2.2799520778014193, -0.3222534541116253, 0.11037215321239041, 0.2908407312996017, -0.3416157253350771, 0.4172104272998331, 2.112713733644979, -0.01443225305096458, 0.18246716290095047, 0.45826182927905595, -0.18769404674711232, 0.0679253792276241, 0.46813916850534654, -0.6851094310344197, 1.2567318037087958, 1.2319217617773444, 0.5348040587706645, -0.24507605223844742, -1.259992227194205, 0.36221658878353125, 0.2638105065304675, -0.24827433394572082, -0.2803430635942556, 0.49237213962128357, -0.49453356699669077, -0.20479409142368415, -0.1490000304580709, 0.08415043963481952, -0.8971615657231826])
The first 2 eigvals are: ComplexF64[-74.99122976095094 + 0.0im, -74.67938015189839 + 0.0im]
NEW E0 FROM FULL MATRIX: -74.99122976095094 + 0.0im
NEW E1 FROM FULL MATRIX: -74.67938015189839 + 0.0im
Omega tilde, projection removed
65-element Vector{Float64}:
  8.472903403997076e-13
 -2.3173802437711006e-16
 -7.114073060351575e-11
  6.2028577671256135e-16
  1.2240405331794427e-16
 -8.929354190953179e-11
  2.0407520483998884e-10
  7.917031468242167e-16
 -4.632850610323705e-17
 -5.425647927167442e-31
  0.0006315340953946378
  1.8662953118185074e-19
  0.0004381156203383005
 -5.2001264060581516e-18
  6.575120093632614e-19
 -0.000263750036177866
 -8.178298367968318e-5
  1.4246693856566907e-18
 -1.3247895988345002e-20
  1.7110379978812891e-34
  0.00046812472418636934
 -4.149037026110219e-18
  0.0008434549937382021
  0.00013889600967892463
  5.039559368624187e-18
  6.500676742244701e-18
 -0.000514164319490097
  5.245286853354009e-33
  1.5614466343162248e-20
  0.028196476708808274
 -1.3190288613429627e-17
 -4.795762695176143e-16
  0.024396535880380488
  0.023160764764832392
  4.0393978169531425e-16
 -4.06034148168887e-18
 -2.820547441329838e-32
  0.018860568664214296
  0.010716272226708427
  3.039081583839985e-16
  2.7984743387442597e-16
 -0.0060898276393386245
 -2.683612827258749e-32
 -7.340089824845647e-19
  0.03655967958228092
 -8.169310862451835e-16
 -8.10246273112092e-16
  0.02640510443402583
  1.664383269603499e-31
 -6.561179500356449e-18
  0.07017368555827608
  0.04872260360333058
  8.911379245785372e-16
 -7.914591162921236e-18
 -1.2249519460467047e-31
  0.052272856862746415
  5.708406876112056e-16
 -6.745625320173217e-18
 -8.061011406505921e-32
  0.03462238914881544
 -7.889741646713914e-32
 -3.961990753692147e-18
  0.019997045054807653
  2.167307130450249e-17
  0.012832168885559424
Omega_tilde on L1: 2.6991927688816286e-32
Omega_tilde on R1: 1.7241978174998706e-16
DIIS dimension: 1
t at step 1 : 
2×5 Matrix{Float64}:
 -8.4729e-13    7.11407e-11  -1.22404e-16  -2.04075e-10  4.63285e-17
  2.31738e-16  -6.20286e-16   8.92935e-11  -7.91703e-16  5.42565e-31
t2 at step 1 : 
2×5×2×5 Array{Float64, 4}:
[:, :, 1, 1] =
 -0.000631534  -0.000438116  -6.57512e-19   8.1783e-5     1.32479e-20
 -1.8663e-19    5.20013e-18   0.00026375   -1.42467e-18  -1.71104e-34

[:, :, 2, 1] =
 -1.8663e-19    4.14904e-18  -0.000138896  -6.50068e-18  -5.24529e-33
 -0.000468125  -0.000843455  -5.03956e-18   0.000514164  -1.56145e-20

[:, :, 1, 2] =
 -0.000438116  -0.0281965     4.79576e-16  -0.0231608   4.06034e-18
  4.14904e-18   1.31903e-17  -0.0243965    -4.0394e-16  2.82055e-32

[:, :, 2, 2] =
  5.20013e-18   1.31903e-17  -0.0107163    -2.79847e-16  2.68361e-32
 -0.000843455  -0.0188606    -3.03908e-16   0.00608983   7.34009e-19

[:, :, 1, 3] =
 -6.57512e-19   4.79576e-16  -0.0365597     8.10246e-16  -1.66438e-31
 -0.000138896  -0.0107163     8.16931e-16  -0.0264051     6.56118e-18

[:, :, 2, 3] =
  0.00026375   -0.0243965     8.16931e-16  -0.0487226    7.91459e-18
 -5.03956e-18  -3.03908e-16  -0.0701737    -8.91138e-16  1.22495e-31

[:, :, 1, 4] =
  8.1783e-5    -0.0231608     8.10246e-16  -0.0522729    6.74563e-18
 -6.50068e-18  -2.79847e-16  -0.0487226    -5.70841e-16  8.06101e-32

[:, :, 2, 4] =
 -1.42467e-18  -4.0394e-16  -0.0264051    -5.70841e-16  7.88974e-32
  0.000514164   0.00608983  -8.91138e-16  -0.0346224    3.96199e-18

[:, :, 1, 5] =
  1.32479e-20  4.06034e-18  -1.66438e-31  6.74563e-18  -0.019997
 -5.24529e-33  2.68361e-32   7.91459e-18  7.88974e-32  -2.16731e-17

[:, :, 2, 5] =
 -1.71104e-34  2.82055e-32  6.56118e-18  8.06101e-32  -2.16731e-17
 -1.56145e-20  7.34009e-19  1.22495e-31  3.96199e-18  -0.0128322
Module of t 2.338412865813863e-10
Module of t2 0.14359626453728463
 --------------Energy at step 1 : -74.99122976095094
 --------------E_2 at step 1 : 8.00236697416617
E1 - E0 82.99359673511711
 --------------Difference at step 1 : 74.99122976095094
 --------------Module of omegas 0.24839128485149845
Omega_bj_0 1.2228224148014377e-10
Omega_bjck_0 0.24839128485149845

######## END OF ITERATION 1 #########

global amplitudes = -(build_omega(F, g, L, t, t2, o, v)) = [3.210501759487655e-5, -2.2362655904057084e-15, 0.001212065382113288, 2.549592666021533e-16, 9.949141739497842e-17, -0.003676220461540385, -0.008568261272624951, -2.1578463422731396e-17, -1.4363506187690202e-17, -1.8346731523329593e-31, 0.002010729211699746, -7.368450109364859e-17, 0.0010355251291696969, -4.387573245028367e-18, 1.0712547596502092e-16, -0.001167522762231079, -0.002838024256923705, 3.600484269824209e-17, -4.1073251008135225e-21, -4.184274629306439e-33, -7.54108866490872e-17, 0.0017810111748926064, 7.035094816064097e-17, 0.0014095255521554355, -0.0010836878855787725, 1.5753792249705294e-16, 1.1681393581422407e-16, -0.0014009554919314651, 9.971956847800543e-32, 4.841047182385605e-21, 0.0010355251291696743, 6.906646516113146e-17, -0.005519785534911523, -5.264219027547452e-17, 5.836933827717356e-16, -0.01716277979169323, -0.025021198002469075, -2.982546926876196e-16, -1.2588521604045242e-18, -9.368403476102217e-33, -1.351746573168475e-19, 0.0014095255521554436, -5.751967301532163e-17, -0.0027165704517901953, -0.019208898874239426, -1.414550260902947e-16, -2.575044152207763e-16, -0.0026594301358525345, -1.4333359741109696e-32, -2.2756923217518714e-19, 1.2149358601200794e-16, -0.0010836878855787608, 5.792737699655077e-16, -0.01920889887423951, -0.014817214938763226, 5.562391266218893e-16, 4.996786302838291e-16, -0.029869482069479546, 4.7190725498473887e-32, -2.0342020556827574e-18, -0.0011675227622310806, 1.596161333123436e-16, -0.017162779791693193, -1.7396541236582948e-16, 5.251826908766284e-16, -0.021608114514603538, -0.029266434967830414, -5.953818232341616e-16, -2.453808436825761e-18, -4.062003871834525e-32, -0.002838024256923722, 1.1782716769456779e-16, -0.025021198002469058, -2.4288464900553785e-16, 5.032891238200969e-16, -0.02926643496783017, -0.012926209383995638, -4.597719887141739e-16, -2.0913869057257786e-18, -2.3111546974939733e-32, 3.934632074367816e-17, -0.0014009554919314719, -2.9017276765235935e-16, -0.002659430135852585, -0.029869482069479612, -6.110717016650882e-16, -4.673796749477336e-16, -0.012235327881847995, -1.987498093355773e-32, -1.2283598909797837e-18, -4.1073251008176414e-21, 9.99855033586247e-32, -1.2588521604045117e-18, -1.410223449512475e-32, 4.5791858388232396e-32, -2.45380843682577e-18, -2.0913869057257832e-18, -2.089462386164481e-32, -0.003936359252980764, -8.93037726419126e-17, -4.423114612443095e-33, 4.841047182385829e-21, -6.683077066657837e-33, -2.2756923217518454e-19, -2.0342020556827548e-18, -3.8326833189469285e-32, -2.312392203011369e-32, -1.2283598909797892e-18, -9.535013192948492e-17, -0.0010908514359331367]
addition_t1 = reshape(amplitudes[1:n], (nv, no)) ./ pre_t[v, o] = [3.095875232289031e-6 0.0014366778488849115 1.9401915769048084e-16 -0.018745912832214034 1.2250180029985756e-16; -2.1449928812050632e-16 2.8362905963869496e-16 -0.006471634796207939 -4.21180321447328e-17 1.2408842550728963e-30]
addition_t2 = reshape(amplitudes[n + 1:end], (nv, no, nv, no)) ./ pre_t2[v, o, v, o] = [9.694694523909399e-5 4.617144033179043e-5 5.5817815534859615e-18 -0.00013105837098548794 7.013939482003786e-22; -1.813130352143902e-18 -5.997540797049234e-21 -5.3368531803898845e-5 1.80776474935422e-18 -2.1513334726112566e-34;;; -1.813130352143902e-18 3.0643979480632283e-18 -4.953636302258499e-5 5.413563358620045e-18 4.253004439456569e-33; 8.541597894010047e-5 6.223382338236374e-5 7.259524623564018e-18 -6.404164000440893e-5 -8.183173420814295e-22;;;; 4.617144033179043e-5 -0.003271339040628392 2.1352563869814685e-16 -0.00961812194290619 1.8196031663187467e-18; 3.0643979480632283e-18 -1.6504203772630177e-17 -0.0060787212763687174 -1.0699652369604329e-16 1.2889604965481007e-32;;; -5.997540797049234e-21 -1.6504203772630177e-17 -0.006803416678396671 -8.955979333615761e-17 9.356020784088453e-33; 6.223382338236374e-5 -0.001511022393796395 -5.92941564399456e-17 -0.0009422242696280386 3.0272438120763138e-19;;;; 5.5817815534859615e-18 2.1352563869814683e-16 -0.0144475957676061 2.5946341739764816e-16 -1.037645598533383e-31; -4.9536363022584976e-5 -0.006803416678396669 2.4295049741748056e-16 -0.014568704470646412 3.7501757423363436e-18;;; -5.336853180389883e-5 -0.006078721276368717 2.4295049741748056e-16 -0.014274570980638977 4.523745736278717e-18; 7.259524623564018e-18 -5.92941564399456e-17 -0.019019510287280127 -2.8280290364505226e-16 6.618530287682673e-32;;;; -0.00013105837098548794 -0.00961812194290619 2.594634173976482e-16 -0.014140184726713799 4.3365446026456726e-18; 5.413563358620045e-18 -8.95597933361576e-17 -0.014274570980638973 -2.4106480467275736e-16 4.977961440345417e-32;;; 1.80776474935422e-18 -1.0699652369604327e-16 -0.01456870447064641 -2.4106480467275736e-16 4.964159696721437e-32; -6.404164000440893e-5 -0.0009422242696280385 -2.8280290364505226e-16 -0.011940793070700145 2.265594776957078e-18;;;; 7.013939482003786e-22 1.8196031663187467e-18 -1.037645598533383e-31 4.3365446026456726e-18 -0.004549619843006223; 4.253004439456569e-33 9.356020784088453e-33 4.523745736278717e-18 4.964159696721437e-32 -5.179450254250244e-17;;; -2.1513334726112566e-34 1.2889604965481007e-32 3.7501757423363436e-18 4.977961440345417e-32 -5.179450254250244e-17; -8.183173420814295e-22 3.0272438120763138e-19 6.618530287682673e-32 2.265594776957078e-18 -0.0011179902897868938]
(d, V, nconv, niter, nmult, resid) = eigs(A_imp, nev = n_ev, which = :SM, tol = 1.0e-12, maxiter = 1000) = (ComplexF64[0.319905600695286 + 0.0im, 0.3919834057392732 + 0.0im], ComplexF64[-1.1180491690763576e-16 + 0.0im 5.739031340502408e-17 + 0.0im; 4.2945911365012965e-17 + 0.0im 2.7268135793278644e-17 + 0.0im; -1.6822291755531925e-15 + 0.0im 6.8237944961179e-16 + 0.0im; -2.577895616166593e-16 + 0.0im 2.2477713814237254e-16 + 0.0im; -3.5162730495999182e-15 + 0.0im -8.732622018321256e-16 + 0.0im; -1.0737164266748297e-15 + 0.0im -3.583574855280488e-15 + 0.0im; 6.643448196628932e-15 + 0.0im 2.582222174926568e-15 + 0.0im; 5.2077793052886565e-15 + 0.0im 3.049835319415466e-15 + 0.0im; -0.9593866647605016 + 0.0im -2.352626126864675e-14 + 0.0im; -2.9344477000134574e-15 + 0.0im 0.960559896946712 + 0.0im; -4.2582856958030694e-16 + 0.0im -1.7270390324292469e-16 + 0.0im; -1.2256122379758388e-16 + 0.0im -1.880003037564975e-16 + 0.0im; -1.2907104206297242e-16 + 0.0im -3.097545914886483e-17 + 0.0im; 8.83120112378362e-17 + 0.0im 8.338493486123875e-18 + 0.0im; -3.1684932214366565e-16 + 0.0im -1.600335807959353e-16 + 0.0im; 7.797700227005828e-17 + 0.0im 1.5363546807373195e-18 + 0.0im; 7.531966245127198e-17 + 0.0im -1.0374760086163782e-16 + 0.0im; -4.768427225787944e-18 + 0.0im 6.397682533921297e-17 + 0.0im; -0.0002733210718418213 + 0.0im 1.9107995682965094e-17 + 0.0im; -4.5313282079565006e-18 + 0.0im 0.00012605594698269116 + 0.0im; -2.6943894797304906e-16 + 0.0im -9.801935146939101e-17 + 0.0im; 2.4090245595673557e-16 + 0.0im -8.15961126804417e-17 + 0.0im; 1.2064095865584452e-16 + 0.0im -3.0044201300687985e-16 + 0.0im; -1.99702170416467e-17 + 0.0im -2.1988949859066858e-17 + 0.0im; -2.39386824770846e-17 + 0.0im -1.9777830831949956e-16 + 0.0im; 5.603513695065752e-17 + 0.0im 2.0051049045094624e-16 + 0.0im; -3.308905168530563e-17 + 0.0im -4.114866531163048e-17 + 0.0im; 1.264134779775373e-16 + 0.0im 0.0003024833794680012 + 0.0im; 0.0003170157952879113 + 0.0im 3.974372321124985e-17 + 0.0im; -1.4520527679765952e-16 + 0.0im 4.3901658950597596e-17 + 0.0im; 6.719547191436487e-16 + 0.0im -2.883864339515002e-17 + 0.0im; 1.8136266174380762e-17 + 0.0im 2.8988167982158917e-17 + 0.0im; -2.269335844604349e-16 + 0.0im -2.740839213100109e-16 + 0.0im; -5.1857908753934385e-16 + 0.0im -7.639789567626943e-16 + 0.0im; 1.1377209147077403e-16 + 0.0im -5.1875730115749835e-17 + 0.0im; -0.08222445491939324 + 0.0im -2.7044653006005152e-15 + 0.0im; 7.018075656365267e-17 + 0.0im 0.05895963406099361 + 0.0im; -9.207309359766737e-17 + 0.0im 4.981171824056696e-16 + 0.0im; -4.448635419603122e-16 + 0.0im -1.3361963867450237e-16 + 0.0im; -6.110633564019745e-16 + 0.0im -1.9065365397356243e-16 + 0.0im; -2.372069917755783e-16 + 0.0im 2.5078510378946628e-17 + 0.0im; 2.8272531373679044e-16 + 0.0im 7.488698587567816e-16 + 0.0im; 6.2424456987586e-17 + 0.0im 0.05946431411059809 + 0.0im; -0.01453145168769825 + 0.0im 5.784672296740105e-16 + 0.0im; 1.6086749719570782e-16 + 0.0im -9.610644125435615e-17 + 0.0im; -7.075116758581577e-16 + 0.0im -3.496527553067984e-16 + 0.0im; 8.719229477519598e-16 + 0.0im 5.51539425076604e-16 + 0.0im; 9.57125935374435e-16 + 0.0im -1.1084750785410518e-15 + 0.0im; 4.5155436338906645e-15 + 0.0im 0.11695650478351828 + 0.0im; -0.1368935994633351 + 0.0im -2.822662388783007e-15 + 0.0im; -5.035430053811345e-17 + 0.0im 1.66148933816885e-16 + 0.0im; 1.0570861050229311e-15 + 0.0im -1.9288016988432492e-16 + 0.0im; -1.5177537495162623e-16 + 0.0im -2.0841525650554312e-16 + 0.0im; -0.16148655882313898 + 0.0im -3.339532552411937e-15 + 0.0im; -1.4013902784281045e-15 + 0.0im 0.15177618395770132 + 0.0im; 8.3138993144654775e-16 + 0.0im -7.929602732573729e-16 + 0.0im; 1.275940521283171e-15 + 0.0im 6.183953803616928e-16 + 0.0im; -0.14345382500287618 + 0.0im -3.945861890231469e-15 + 0.0im; -5.96563289565957e-16 + 0.0im 0.1344831315161152 + 0.0im; 8.373631362980154e-16 + 0.0im 1.2724228673250771e-15 + 0.0im; -6.177221353588113e-16 + 0.0im 0.12454632551725876 + 0.0im; -0.08490148431465012 + 0.0im 2.9488450050351137e-15 + 0.0im; -1.018578900578669e-15 + 0.0im 1.0138687736380623e-15 + 0.0im; 1.6096238904450505e-17 + 0.0im -4.493529871279003e-16 + 0.0im; -4.77265371324246e-16 + 0.0im 1.1547641492758332e-16 + 0.0im], 2, 11, 198, [0.012821861749263452, 0.057894425847575516, -0.058214823831911004, -0.005920013793319686, 0.2536734303632478, 0.25815566405146717, -0.014667828842742366, -0.3009092236305638, 0.09629581266804671, -0.011060304524941292, -0.001822783085547533, -0.0054716633803223585, -0.03244585509822862, -0.13472869536949197, -0.041779667843067865, 0.09599699300521482, 0.0149303817750704, 0.12324354860380501, 0.04830260065228071, 0.0015576099516312846, 0.0003579826387542723, 0.016490041720802092, -0.02016498462288056, -0.011907381247222059, 0.006006534633620499, 0.13100956416980455, 0.06303096237612153, 0.0011137075724091724, 0.07812541178259358, 0.19563270615492825, 1.1095412618197078, 0.24010432874290732, 0.5026291857743611, 0.09623698087552579, 0.3340249329038025, 0.0018162888495702506, 0.07414030623271109, -0.969838113627629, 0.18825130538140228, -0.4563070266891205, -0.04714512977591447, -0.2167556349164922, 0.08242050388982651, -0.003924357743704865, -0.20790379112037205, 0.12196486716780507, -0.40294261170398976, 0.3565937572002646, -0.02893840820022391, -0.28367115681584376, -0.27704770879508345, 0.6077688349243845, 0.015604813194081215, -0.15181927147056626, -0.005710163223279484, 0.14389286515867877, -0.22006540612935582, -0.05036161526471325, 0.034002255076036166, -0.24631373256397535, 0.008267283751138926, -0.2578466892671156, -0.07582537931192443, 0.10937331825682631, -0.6805902899067444])
[1.1180491690763576e-16, -4.2945911365012965e-17, 1.6822291755531925e-15, 2.577895616166593e-16, 3.5162730495999182e-15, 1.0737164266748297e-15, -6.643448196628932e-15, -5.2077793052886565e-15, 0.9593866647605016, 2.9344477000134574e-15, 4.2582856958030694e-16, 1.2256122379758388e-16, 1.2907104206297242e-16, -8.83120112378362e-17, 3.1684932214366565e-16, -7.797700227005828e-17, -7.531966245127198e-17, 4.768427225787944e-18, 0.0002733210718418213, 4.5313282079565006e-18, 2.6943894797304906e-16, -2.4090245595673557e-16, -1.2064095865584452e-16, 1.99702170416467e-17, 2.39386824770846e-17, -5.603513695065752e-17, 3.308905168530563e-17, -1.264134779775373e-16, -0.0003170157952879113, 1.4520527679765952e-16, -6.719547191436487e-16, -1.8136266174380762e-17, 2.269335844604349e-16, 5.1857908753934385e-16, -1.1377209147077403e-16, 0.08222445491939324, -7.018075656365267e-17, 9.207309359766737e-17, 4.448635419603122e-16, 6.110633564019745e-16, 2.372069917755783e-16, -2.8272531373679044e-16, -6.2424456987586e-17, 0.01453145168769825, -1.6086749719570782e-16, 7.075116758581577e-16, -8.719229477519598e-16, -9.57125935374435e-16, -4.5155436338906645e-15, 0.1368935994633351, 5.035430053811345e-17, -1.0570861050229311e-15, 1.5177537495162623e-16, 0.16148655882313898, 1.4013902784281045e-15, -8.3138993144654775e-16, -1.275940521283171e-15, 0.14345382500287618, 5.96563289565957e-16, -8.373631362980154e-16, 6.177221353588113e-16, 0.08490148431465012, 1.018578900578669e-15, -1.6096238904450505e-17, 4.77265371324246e-16]
(d, V, nconv, niter, nmult, resid) = eigs(A_imp, nev = n_ev, which = :SM, tol = 1.0e-12, maxiter = 1000) = (ComplexF64[0.31990560069528273 + 0.0im, 0.39198340573929086 + 0.0im], ComplexF64[-1.6882314921657458e-17 + 0.0im -1.0634565767074374e-16 + 0.0im; -1.211221709802838e-16 + 0.0im -1.4900452691956342e-17 + 0.0im; 3.862489448880349e-16 + 0.0im -1.0010598899340672e-15 + 0.0im; 4.740392438884838e-17 + 0.0im -5.204082020450961e-16 + 0.0im; -1.8051520422884875e-16 + 0.0im -2.38711480319861e-14 + 0.0im; 1.0891009223609638e-15 + 0.0im -1.1109898332539017e-15 + 0.0im; -3.594148403184189e-15 + 0.0im 5.2001821151888174e-15 + 0.0im; -3.750373507274267e-15 + 0.0im 5.358083377014217e-14 + 0.0im; -0.9553657524631801 + 0.0im 1.2420247161875173e-14 + 0.0im; -1.6913545089313424e-14 + 0.0im -0.9607745336201869 + 0.0im; -3.8856597925816413e-16 + 0.0im -6.868689840028015e-17 + 0.0im; 6.611106163423892e-17 + 0.0im 9.371864416565167e-17 + 0.0im; -1.4337146739912708e-17 + 0.0im 2.310584565829366e-16 + 0.0im; -5.730661192630438e-17 + 0.0im 1.5207221800100735e-16 + 0.0im; -4.6040071554494976e-17 + 0.0im -7.388399850256494e-17 + 0.0im; -2.9288875964633323e-17 + 0.0im -1.4671963352701955e-16 + 0.0im; -8.213050382299902e-17 + 0.0im -5.1362958770972066e-17 + 0.0im; -7.819071305134564e-17 + 0.0im -3.4810162575061145e-17 + 0.0im; -0.0002488076511015927 + 0.0im -2.002464285732183e-17 + 0.0im; 6.782026194104229e-17 + 0.0im 6.0963195292337103e-5 + 0.0im; -7.304797650969112e-17 + 0.0im -2.0835617535506981e-16 + 0.0im; 6.947231466480145e-17 + 0.0im 5.177754319589822e-17 + 0.0im; -1.714205609384894e-17 + 0.0im 3.052392963944594e-17 + 0.0im; -3.1882671068618734e-17 + 0.0im 7.960175592491522e-17 + 0.0im; -3.9124479373135936e-17 + 0.0im -1.2281186338668915e-17 + 0.0im; -8.677187253082876e-17 + 0.0im -3.5793341642836426e-18 + 0.0im; 4.4849732017815357e-17 + 0.0im -2.8319049691282806e-17 + 0.0im; -2.0280993334248742e-16 + 0.0im -0.0004580631091023379 + 0.0im; 0.0003216194903182283 + 0.0im -1.0560323390632823e-16 + 0.0im; -1.3066718016566168e-16 + 0.0im 1.1794602481093227e-15 + 0.0im; -2.160453356655718e-16 + 0.0im -1.7310223982419787e-15 + 0.0im; 2.870887985507319e-17 + 0.0im -9.378529046375414e-16 + 0.0im; 4.0022662097221832e-16 + 0.0im -5.565902270725065e-16 + 0.0im; 9.059163257683726e-17 + 0.0im -5.673494150536067e-16 + 0.0im; 2.080111868091397e-16 + 0.0im 3.4902144061575894e-15 + 0.0im; -0.08515635324296364 + 0.0im 1.794897207246555e-15 + 0.0im; -1.6156264905712034e-15 + 0.0im -0.06951668179161916 + 0.0im; 3.141828517887209e-16 + 0.0im 2.1734241648352967e-15 + 0.0im; -3.28258468206258e-16 + 0.0im 3.6141262636134664e-16 + 0.0im; 2.789017274080385e-16 + 0.0im -6.70841640884728e-15 + 0.0im; -2.6390985179816986e-17 + 0.0im -7.514906047770465e-16 + 0.0im; -2.6230868895719186e-16 + 0.0im 3.683961240636998e-16 + 0.0im; 3.843574893031482e-16 + 0.0im -0.052227836675457905 + 0.0im; -0.016734081769962227 + 0.0im -4.4287438374413525e-16 + 0.0im; 5.226765185073028e-16 + 0.0im 2.277603917575567e-16 + 0.0im; 6.494393937641285e-16 + 0.0im -5.839930602322388e-15 + 0.0im; -8.924943649597652e-17 + 0.0im 8.938905798341548e-15 + 0.0im; -2.893033301207199e-16 + 0.0im -7.552541523123538e-16 + 0.0im; 2.6341781214586236e-15 + 0.0im -0.10890933702195854 + 0.0im; -0.08379044202618006 + 0.0im 3.2284004675621185e-15 + 0.0im; 1.8578497132371444e-16 + 0.0im 9.39129827220971e-16 + 0.0im; -8.028395621658041e-16 + 0.0im 2.152148905746649e-15 + 0.0im; -1.78734515380967e-16 + 0.0im -1.678115955083314e-16 + 0.0im; -0.2167538642705316 + 0.0im 3.3514458506697264e-16 + 0.0im; -3.867555101351303e-15 + 0.0im -0.1550345478497815 + 0.0im; -9.496234983564732e-16 + 0.0im -5.453869510818556e-16 + 0.0im; -1.1630794037373572e-15 + 0.0im 1.2447758354529609e-14 + 0.0im; -0.1421113286951364 + 0.0im 3.2001521868986708e-15 + 0.0im; -2.7108083275233e-15 + 0.0im -0.16197151513420105 + 0.0im; -1.1001421456920669e-15 + 0.0im 3.7625062497734174e-15 + 0.0im; -9.435911032087172e-16 + 0.0im -0.08497081619624178 + 0.0im; -0.0744699542845697 + 0.0im -4.2122933206047375e-15 + 0.0im; -3.7325059740744156e-16 + 0.0im 8.951650569955716e-16 + 0.0im; -1.990101315635258e-16 + 0.0im -2.0076080778136296e-15 + 0.0im; -2.6448658148635797e-16 + 0.0im -1.1277739047764633e-15 + 0.0im], 2, 9, 162, [0.04330092945407106, 0.021232088243367572, 0.04443531481242179, -0.17844476068926635, 0.5257591956112169, 0.04202578385727373, 0.05515672635228168, -0.9699193978419398, -0.009028447953691583, 0.013764483886210687, -0.005219878002284096, -0.0062045686683886905, -0.2755560271309789, -0.05609218967490521, 0.06623084009312324, -0.03025786931072359, 0.11123708398994188, -0.01390490951448007, 0.03283296848862523, 0.04903102071409298, -0.0003353429341373622, -0.19758740085753168, -0.06601509648371508, 0.014686991155760104, -0.051087354243421784, 0.055014385860756104, 0.06977236384320361, -0.05024616920865194, -0.12847458472216844, -0.4752931791988868, 0.6897424685429988, 0.4210509854139841, -0.02851910161184634, 0.012147846890760643, -0.035004583705409695, -0.019388131586211138, -0.017296685703828474, -0.7238736733003245, 0.06380369772883868, 0.5730598165923133, -0.039832210198149476, 0.05300079698560066, -0.0011528794740601708, 0.005061480048341379, -0.02466304042328771, 0.05414311841133676, -0.203005652250783, -0.01813933380019677, -0.11482021454213248, -0.08202260153473868, -0.27382907811921164, -0.028167703772147248, 0.03150458956656746, 0.06718518542463352, 0.040854099924310674, -0.12453804536752501, -0.1629524837182847, -0.045905388550869765, -0.09901813610156442, -0.1740862727782662, 0.1209047357405704, 0.12053238965131627, -0.03304930198870926, 0.12525981906266326, -0.07013233159773158])
[1.6882314921657458e-17, 1.211221709802838e-16, -3.862489448880349e-16, -4.740392438884838e-17, 1.8051520422884875e-16, -1.0891009223609638e-15, 3.594148403184189e-15, 3.750373507274267e-15, 0.9553657524631801, 1.6913545089313424e-14, 3.8856597925816413e-16, -6.611106163423892e-17, 1.4337146739912708e-17, 5.730661192630438e-17, 4.6040071554494976e-17, 2.9288875964633323e-17, 8.213050382299902e-17, 7.819071305134564e-17, 0.0002488076511015927, -6.782026194104229e-17, 7.304797650969112e-17, -6.947231466480145e-17, 1.714205609384894e-17, 3.1882671068618734e-17, 3.9124479373135936e-17, 8.677187253082876e-17, -4.4849732017815357e-17, 2.0280993334248742e-16, -0.0003216194903182283, 1.3066718016566168e-16, 2.160453356655718e-16, -2.870887985507319e-17, -4.0022662097221832e-16, -9.059163257683726e-17, -2.080111868091397e-16, 0.08515635324296364, 1.6156264905712034e-15, -3.141828517887209e-16, 3.28258468206258e-16, -2.789017274080385e-16, 2.6390985179816986e-17, 2.6230868895719186e-16, -3.843574893031482e-16, 0.016734081769962227, -5.226765185073028e-16, -6.494393937641285e-16, 8.924943649597652e-17, 2.893033301207199e-16, -2.6341781214586236e-15, 0.08379044202618006, -1.8578497132371444e-16, 8.028395621658041e-16, 1.78734515380967e-16, 0.2167538642705316, 3.867555101351303e-15, 9.496234983564732e-16, 1.1630794037373572e-15, 0.1421113286951364, 2.7108083275233e-15, 1.1001421456920669e-15, 9.435911032087172e-16, 0.0744699542845697, 3.7325059740744156e-16, 1.990101315635258e-16, 2.6448658148635797e-16]
Projection L1|R2: -6.918410246788826e-15
scalar = l1_vec' * r1_vec = 0.9969926722694099
Check <L1|R1>: 0.9999999999999999
t before projection
65-element Vector{Float64}:
  3.095874384998691e-6
  1.7238736256603743e-17
  0.0014366779200256422
 -3.366567170738664e-16
  7.161510437253657e-17
 -0.006471634706914397
 -0.01874591303628924
 -8.338211789689495e-16
  1.688303064030946e-16
  1.7834490477896404e-30
 -0.0005345871501555438
 -1.999759883325753e-18
 -0.0003919441800065101
  5.1941288652611026e-18
  4.9242695441227e-18
  0.00021038150437396714
 -4.9275387305804756e-5
  3.830953636975292e-19
  1.394928993654538e-20
 -3.8623714704925455e-34
 -0.0003827087452462689
  7.213434974173448e-18
 -0.0007812211703558383
 -0.00018843237270150962
  2.2199652549398317e-18
 -1.087113383624656e-18
  0.0004501226794856881
 -9.922824138974398e-34
 -1.6432783685243677e-20
 -0.03146781574943667
 -3.3139151592005502e-18
  6.931019082157611e-16
 -0.030475257156749203
 -0.03277888670773858
 -5.109363053913575e-16
  5.879944648007617e-18
  4.109507937877939e-32
 -0.02037159105801069
 -0.017519688905105097
 -3.632023148239441e-16
 -3.694072272105836e-16
  0.005147603369710586
  3.6192149056675943e-32
  1.036733363692196e-18
 -0.05100727534988703
  1.0598815836626641e-15
  1.0697096905097403e-15
 -0.04097380890467224
 -2.702028868136882e-31
  1.0311355242692793e-17
 -0.08919319584555621
 -0.06299717458396956
 -1.1739408282235895e-15
  1.2438336899199953e-17
  1.886804974814972e-31
 -0.06641304158946021
 -8.11905492283963e-16
  1.108216992281889e-17
  1.3038972846851337e-31
 -0.04656318221951559
  1.2853901343435352e-31
  6.227585530649225e-18
 -0.024546664897813875
 -7.346757384700493e-17
 -0.013950159175346317
t after projection
65-element Vector{Float64}:
  3.095874384998691e-6
  1.7238736256603743e-17
  0.0014366779200256422
 -3.366567170738664e-16
  7.161510437253667e-17
 -0.006471634706914397
 -0.01874591303628924
 -8.338211789689496e-16
  1.9485010488841694e-16
  1.8630350381151662e-30
 -0.0005345871501555438
 -1.9997598833257494e-18
 -0.0003919441800065101
  5.1941288652611e-18
  4.924269544122709e-18
  0.00021038150437396714
 -4.9275387305804756e-5
  3.830953636975293e-19
  2.136210843021483e-20
 -2.6334170648012997e-34
 -0.0003827087452462689
  7.213434974173442e-18
 -0.0007812211703558383
 -0.00018843237270150962
  2.2199652549398325e-18
 -1.0871133836246575e-18
  0.0004501226794856881
 -4.4207782890463526e-33
 -2.50306591957552e-20
 -0.03146781574943667
 -3.3139151592005683e-18
  6.931019082157611e-16
 -0.030475257156749203
 -0.03277888670773858
 -5.109363053913575e-16
  8.109977466008243e-18
  3.9191687127867123e-32
 -0.02037159105801069
 -0.017519688905105097
 -3.632023148239441e-16
 -3.694072272105836e-16
  0.005147603369710586
  3.4499117611655665e-32
  1.4308449961563543e-18
 -0.05100727534988703
  1.0598815836626641e-15
  1.0697096905097403e-15
 -0.04097380890467224
 -3.9267022946207272e-31
  1.402408547212078e-17
 -0.08919319584555621
 -0.06299717458396956
 -1.1739408282235895e-15
  1.6818059771119548e-17
  2.2668800163321664e-31
 -0.06641304158946021
 -8.11905492283963e-16
  1.497282189415449e-17
  1.465692910457378e-31
 -0.04656318221951559
  1.4529243108371357e-31
  8.530222823948928e-18
 -0.024546664897813875
 -7.346757384700493e-17
 -0.013950159175346317
Omega original restricted
65-element Vector{Float64}:
  3.210501759487655e-5
 -2.2362655904057084e-15
  0.001212065382113288
  2.549592666021533e-16
  9.949141739497842e-17
 -0.003676220461540385
 -0.008568261272624951
 -2.1578463422731396e-17
 -1.4363506187690202e-17
 -1.8346731523329593e-31
  0.002010729211699746
 -7.54108866490872e-17
  0.0010355251291696743
 -1.351746573168475e-19
  1.2149358601200794e-16
 -0.0011675227622310806
 -0.002838024256923722
  3.934632074367816e-17
 -4.1073251008176414e-21
 -4.423114612443095e-33
  0.0017810111748926064
  6.906646516113146e-17
  0.0014095255521554436
 -0.0010836878855787608
  1.596161333123436e-16
  1.1782716769456779e-16
 -0.0014009554919314719
  9.99855033586247e-32
  4.841047182385829e-21
 -0.005519785534911523
 -5.751967301532163e-17
  5.792737699655077e-16
 -0.017162779791693193
 -0.025021198002469058
 -2.9017276765235935e-16
 -1.2588521604045117e-18
 -6.683077066657837e-33
 -0.0027165704517901953
 -0.01920889887423951
 -1.7396541236582948e-16
 -2.4288464900553785e-16
 -0.002659430135852585
 -1.410223449512475e-32
 -2.2756923217518454e-19
 -0.014817214938763226
  5.251826908766284e-16
  5.032891238200969e-16
 -0.029869482069479612
  4.5791858388232396e-32
 -2.0342020556827548e-18
 -0.021608114514603538
 -0.02926643496783017
 -6.110717016650882e-16
 -2.45380843682577e-18
 -3.8326833189469285e-32
 -0.012926209383995638
 -4.673796749477336e-16
 -2.0913869057257832e-18
 -2.312392203011369e-32
 -0.012235327881847995
 -2.089462386164481e-32
 -1.2283598909797892e-18
 -0.003936359252980764
 -9.535013192948492e-17
 -0.0010908514359331367
Omega restricted
65-element Vector{Float64}:
 -3.095875232289031e-6
  2.1449928812050632e-16
 -0.0014366778488849115
 -2.8362905963869496e-16
 -1.9401915769048084e-16
  0.006471634796207939
  0.018745912832214034
  4.21180321447328e-17
 -1.2250180029985756e-16
 -1.2408842550728963e-30
 -9.694694523909399e-5
  1.813130352143902e-18
 -4.617144033179043e-5
  5.997540797049234e-21
 -5.5817815534859615e-18
  5.336853180389883e-5
  0.00013105837098548794
 -1.80776474935422e-18
 -7.013939482003786e-22
  2.1513334726112566e-34
 -8.541597894010047e-5
 -3.0643979480632283e-18
 -6.223382338236374e-5
  4.9536363022584976e-5
 -7.259524623564018e-18
 -5.413563358620045e-18
  6.404164000440893e-5
 -4.253004439456569e-33
  8.183173420814295e-22
  0.003271339040628392
  1.6504203772630177e-17
 -2.1352563869814683e-16
  0.006078721276368717
  0.00961812194290619
  1.0699652369604327e-16
 -1.8196031663187467e-18
 -1.2889604965481007e-32
  0.001511022393796395
  0.006803416678396669
  5.92941564399456e-17
  8.95597933361576e-17
  0.0009422242696280385
 -9.356020784088453e-33
 -3.0272438120763138e-19
  0.0144475957676061
 -2.4295049741748056e-16
 -2.594634173976482e-16
  0.01456870447064641
  1.037645598533383e-31
 -3.7501757423363436e-18
  0.019019510287280127
  0.014274570980638973
  2.8280290364505226e-16
 -4.523745736278717e-18
 -6.618530287682673e-32
  0.014140184726713799
  2.4106480467275736e-16
 -4.3365446026456726e-18
 -4.977961440345417e-32
  0.011940793070700145
 -4.964159696721437e-32
 -2.265594776957078e-18
  0.004549619843006223
  5.179450254250244e-17
  0.0011179902897868938
Omega resricted on L2-1.737360565070082e-16
Omega resricted on L1 (<L1|H|HF>): -2.622785407091089e-17
Omega resricted on R1 (<R1|H|HF>): -2.622785407091089e-17
<L1[D]|R1[S]H[S]|HF> additional: -0.000963112436194399
<L1|H|R1> with nuclear repulsion : -74.68584293159503
<HF|H|R1>: -2.939594999605421e-16
L1 * A * R1: 0.3199056006952761
Reduced matrix[-75.00478541985412 -2.939594999605421e-16; 8.734215399997806e-17 -74.68584293159503]
Matrix
2×2 Matrix{Float64}:
 -75.0048        -2.93959e-16
   8.73422e-17  -74.6858
NEW E0 FROM MATRIX: -75.00478541985412
NEW E1 FROM MATRIX: -74.68584293159503
[1.0 -9.216693002086115e-16; 0.0 1.0]
Evaluating remaining element <mu_tilde|H|R1>
Norm of element <mu_tilde|H|R1>: 0.003695519216109921
65-element Vector{Float64}:
  1.0768070590142542e-19
 -4.136174131934636e-20
  1.6201758395043306e-18
  2.482803327141069e-19
  3.386566303124886e-18
  1.03410964347674e-18
 -6.398387577386577e-18
 -5.015677013879333e-18
  0.0009239972279499059
  2.8262030732450118e-18
  5.047556432858138e-19
  8.168960159427537e-20
  1.409325377479224e-18
  1.331459990641407e-19
  3.2814347462620474e-18
  4.420821536506438e-19
 -5.802770275313685e-18
 -4.403419554718407e-18
  0.0008123153182782086
  2.4881639269532276e-18
  2.595000015880681e-19
 -1.786737492450964e-19
 -1.1619080759639585e-19
  1.9233564379033896e-20
  1.7349080438582017e-19
 -1.2857869216900505e-20
  3.1868477190772527e-20
 -1.9852772484665446e-15
 -3.053218549118451e-7
 -1.9496198632249973e-18
 -9.673640721140802e-19
 -4.3849715169220804e-18
 -7.007760537285114e-18
  7.140841034708735e-18
  6.358920715236286e-18
 -0.0011124468195498872
 -3.7124206261652575e-18
  8.867674148282983e-20
  4.2845360967182227e-19
 -3.144879093504443e-19
 -1.8313821166317502e-20
 -2.7229626568737823e-19
  9.479760458789484e-17
  1.3995421836380272e-5
 -1.5493348712853003e-19
 -1.1635733731216564e-17
 -4.205736313691445e-18
 -9.218198913634609e-19
  2.941676206578582e-17
  0.00013184392807855292
 -3.712622634514842e-18
  2.1225408470157843e-17
  1.838849822960827e-17
 -0.003205104241387784
 -8.92937556920549e-18
  5.558764341973965e-18
  3.756308253240479e-18
 -0.0007802172981556856
 -2.2344626520893694e-18
 -8.064748501794194e-19
  1.0758937868768532e-17
  8.176967539480323e-5
  6.728546655070757e-17
 -1.5502487863976644e-20
  4.59660214487319e-19
Evaluating remaining element <HF|H|nu_tilde>
Norm of element <HF|H|nu_tilde>: 0.631078150715556
65-element Vector{Float64}:
  0.00028348645448951845
 -4.979236425818082e-15
 -0.003376974241077001
  1.199440971831467e-15
  2.4700445750060097e-16
 -0.00721565921525631
 -0.0052951721832213946
  6.285843405611379e-16
  2.951708095899683e-16
  5.093044706492993e-30
  0.05239336012754763
 -4.98732999343334e-18
  0.019651963684992408
 -2.645453300864631e-16
  4.770489558936221e-17
 -0.029156979521037844
 -0.003541965152492765
 -1.3140530330524311e-16
  7.335999023713718e-20
 -1.9996546456055102e-32
  0.039043531449969804
 -1.5525775109992426e-16
  0.03820659895705575
  0.02369421286935847
  2.2724877535296173e-16
  4.917941054394248e-16
 -0.0224954053985897
  5.979773798806655e-32
 -9.482828428047173e-20
  0.19030556275555352
 -1.9862583799934434e-16
 -2.581268532253489e-15
  0.2150135516546591
  0.1205037915945526
  2.8622937353617317e-15
  2.5108027083874622e-17
  4.763613299285915e-31
  0.1356328370711587
 -0.016737182000169673
  1.797173521111972e-15
  9.992007221626409e-16
 -0.03437710461989834
 -1.1332634482102953e-31
  4.933980405492546e-18
  0.14998000751864307
 -3.5318969970887792e-15
 -3.1988300897012323e-15
  0.01676122299106253
 -7.766774068944536e-31
  2.4705293353282373e-17
  0.31889801799346934
  0.2912998997620643
  3.899658373995862e-15
  6.390905302287212e-17
  1.140333921487294e-30
  0.19114032976697187
  2.2273849431542207e-15
  4.190098511643022e-17
  7.99271531889746e-31
  0.14190557721937125
  2.7821425029641252e-31
  2.1957182968804267e-17
  0.06920626869936716
  8.153200337091e-17
  0.0500826884913902
Evaluating remaining element <L1|H|nu_tilde>
Norm of element <L1|H|nu_tilde>: 0.00029665410085076034
65-element Vector{Float64}:
  1.638170290560593e-19
 -7.3346221668858e-20
  6.872441344598392e-18
  6.88275631945098e-19
  2.4453243127858386e-18
  1.4378624100374513e-17
  9.773200025411764e-18
  2.203754279121454e-18
 -8.098339266263978e-5
  4.153413137544727e-18
  3.7536156214041523e-19
 -6.386444695226826e-20
  1.3849935620211464e-20
  5.5359193861232e-20
  4.44755179358349e-20
  2.829356871749506e-20
  7.933950952998292e-20
  7.553360243184333e-20
  2.4035256192084396e-7
 -6.551556447521108e-20
  7.056562858699603e-20
 -6.711147642898653e-20
  1.6559527331677916e-20
  3.079922035473542e-20
  3.779493439818998e-20
  8.382315323951904e-20
 -4.332562903197721e-20
  1.9591795849541056e-19
 -3.106900777343795e-7
  1.2622679155057633e-19
  2.0870358965394553e-19
 -2.773328228651236e-20
 -3.8662594688584093e-19
 -8.751310854803224e-20
 -2.0094246071780844e-19
  8.226253322662253e-5
  1.5607235725938861e-18
 -3.035061542708823e-19
  3.1710344700521533e-19
 -2.694239683139784e-19
  2.5494155310336563e-20
  2.533948016703706e-19
 -3.7129608691074397e-19
  1.616541696766802e-5
 -5.049146990572326e-19
 -6.273698634765528e-19
  8.621652355473849e-20
  2.7947209926576714e-19
 -2.5446623415527403e-18
  8.094303899540897e-5
 -1.7947154609731952e-19
  7.755571210274747e-19
  1.7266068179693895e-19
  0.00020938804073349353
  3.736126171619423e-18
  9.173529820311524e-19
  1.1235551365399788e-18
  0.00013728204007642963
  2.6186884668210773e-18
  1.0627566396107902e-18
  9.115255823436324e-19
  7.193928409828502e-5
  3.6056663421790487e-19
  1.9224728322348376e-19
  2.5549868411391974e-19
Building the whole matrix...
(d, V, nconv, niter, nmult, resid) = eigs(A_imp, nev = n_ev, which = :SM, tol = 1.0e-12, maxiter = 1000) = (ComplexF64[-2.3813699366646636e-15 + 0.0im, 0.31894334393345974 + 0.0im], ComplexF64[-1.0 + 0.0im 1.224212169020861e-15 + 0.0im; 3.0386400020601458e-15 + 0.0im -0.9999939939331942 + 0.0im; 3.26324424544191e-17 + 0.0im -1.575714073451362e-16 + 0.0im; -1.9028966391648423e-16 + 0.0im -6.345811768908741e-17 + 0.0im; -5.433837765224972e-16 + 0.0im -8.342096713444275e-17 + 0.0im; -1.0299113305109725e-16 + 0.0im -8.93797180479407e-18 + 0.0im; -2.5912305701254475e-16 + 0.0im -3.5080940037136414e-16 + 0.0im; -5.195628220004571e-16 + 0.0im -3.570634575295961e-16 + 0.0im; 2.2661214801521093e-15 + 0.0im 9.891725896089192e-16 + 0.0im; 1.7464031596145239e-15 + 0.0im 5.868342206992403e-16 + 0.0im; 3.240489354096048e-16 + 0.0im 0.000852359104920708 + 0.0im; -5.881495285046951e-16 + 0.0im -4.204824647558631e-18 + 0.0im; -5.981332457618153e-16 + 0.0im -4.987713572500797e-17 + 0.0im; 3.327855448731963e-16 + 0.0im 3.6141301574495053e-16 + 0.0im; 5.0994346491621215e-17 + 0.0im 7.530318793960137e-18 + 0.0im; 1.4921269256913155e-16 + 0.0im -9.316952782070661e-17 + 0.0im; 4.736358021574734e-17 + 0.0im -1.0790560350978479e-17 + 0.0im; -7.638937601221738e-17 + 0.0im -1.6968828537151453e-16 + 0.0im; -3.0914632571194953e-17 + 0.0im -1.3443439642455098e-16 + 0.0im; -1.47385189221189e-16 + 0.0im -5.385314999055803e-18 + 0.0im; 3.4863579206199516e-17 + 0.0im 3.717401246430363e-5 + 0.0im; 2.0308806882410206e-18 + 0.0im 4.643350269964675e-19 + 0.0im; 1.3878915244523002e-16 + 0.0im 3.532702426845894e-16 + 0.0im; 1.3127145089412862e-16 + 0.0im 9.133451923859321e-17 + 0.0im; 2.1977571253674364e-16 + 0.0im -1.8635704319961278e-16 + 0.0im; 4.8335189986493084e-17 + 0.0im 4.6407251961727344e-17 + 0.0im; 2.526312824400141e-17 + 0.0im 8.794796994444758e-17 + 0.0im; -2.122534765966383e-17 + 0.0im -1.3411734526619225e-17 + 0.0im; -6.224609769502182e-17 + 0.0im -1.6430783754580516e-16 + 0.0im; -3.593522450798272e-18 + 0.0im -9.68112330529898e-17 + 0.0im; -7.292877763804561e-17 + 0.0im -2.127149544442572e-6 + 0.0im; 1.4201204073211946e-16 + 0.0im 2.6334239710223525e-18 + 0.0im; 1.2386045782986376e-16 + 0.0im 2.295527626487859e-17 + 0.0im; 4.1425615891747506e-17 + 0.0im 2.6426682963534663e-17 + 0.0im; -2.9039747364291485e-16 + 0.0im -1.0047361964334933e-16 + 0.0im; -2.843630180992074e-17 + 0.0im -6.346980640167783e-17 + 0.0im; -6.838436803696431e-17 + 0.0im 1.0524525005832264e-17 + 0.0im; 1.986687381093407e-16 + 0.0im -0.0005763890280406091 + 0.0im; 1.4330811192957172e-16 + 0.0im 7.356806727249745e-18 + 0.0im; -1.9596746780169955e-16 + 0.0im -7.011695850016018e-17 + 0.0im; -1.9203296300378442e-16 + 0.0im -2.1383119358429947e-17 + 0.0im; -3.180444165794331e-16 + 0.0im 9.034293911297635e-18 + 0.0im; -1.2178192397953901e-17 + 0.0im 4.330604852996912e-18 + 0.0im; -2.6336569503901417e-16 + 0.0im 2.821300385985462e-17 + 0.0im; -1.986530734353202e-16 + 0.0im 7.090424175424476e-17 + 0.0im; -1.0606094853755673e-16 + 0.0im -0.00020363863926936898 + 0.0im; -2.314909337028412e-17 + 0.0im -7.391626507239382e-17 + 0.0im; -6.455906562523367e-16 + 0.0im -1.0446367445094373e-16 + 0.0im; -3.9745645781185985e-17 + 0.0im 8.375091638955254e-17 + 0.0im; 3.704619916693273e-16 + 0.0im 9.238921148659588e-17 + 0.0im; -2.9924435806806467e-16 + 0.0im 3.784613000709044e-18 + 0.0im; 2.640909593972837e-18 + 0.0im 0.00028785719442884973 + 0.0im; 1.061523753769593e-16 + 0.0im -3.0210475935177777e-18 + 0.0im; 4.963610927760747e-16 + 0.0im 1.437808497320787e-16 + 0.0im; -2.5804444056539775e-16 + 0.0im -2.4260626715723234e-18 + 0.0im; -2.972096882329603e-16 + 0.0im -0.0032496838689598283 + 0.0im; 2.6057669485348264e-16 + 0.0im 2.780615391319247e-17 + 0.0im; 4.220795574121494e-17 + 0.0im 1.2314709053278368e-16 + 0.0im; 3.938236231111132e-16 + 0.0im 1.3359509142156587e-16 + 0.0im; -7.916915456476745e-17 + 0.0im -0.0004070374711128581 + 0.0im; -4.3364913881128065e-17 + 0.0im 3.910424687438187e-17 + 0.0im; -1.2933116225280293e-16 + 0.0im 9.670865027907852e-17 + 0.0im; 3.270710803049088e-17 + 0.0im 5.829414343337897e-17 + 0.0im; 6.048527996563861e-17 + 0.0im -0.0003186150350261704 + 0.0im; 4.320885744728577e-17 + 0.0im 1.250303421327831e-16 + 0.0im; -5.429569597381639e-17 + 0.0im -1.9723289331230197e-17 + 0.0im; -4.208175333201977e-18 + 0.0im -3.9625798664733406e-17 + 0.0im], 2, 12, 209, [4.63277456098251e-15, -5.453018163378572e-5, -1.055608354400008, -2.276509277330428, -0.06849543601940543, 0.047870563559790275, -0.027449980114264978, -0.6639593583435519, 1.406912162980004, 0.08863766440305985, -0.011251625123921952, 0.00660631507548499, 0.009259466536419417, 0.027876299366080774, -0.1638828759817834, -1.4382519200676323, 1.0962222292376265, 3.3783139906419932, -0.48135616074689846, -0.5788081063959698, -0.46333174745688505, -0.000817323891214015, 0.08907124674754188, 0.5646436381469111, 2.054396241146339, 0.9344563778979754, -0.9039491661764246, -0.697969941840657, -2.148513366241211, -0.0013237836496409734, -0.5582864560041508, -0.7222028517145083, 0.06677273568641923, 0.03723527920367629, -0.2634103383513049, 0.240254897950958, -0.038565195206736076, 0.215986087610398, -0.35471903345266903, -0.03840441671585265, 0.19648539655878394, 0.12273236203708168, -0.02555649530217722, 0.07006819809507282, 0.2716085340374357, 0.3158349295135169, -0.1280162209868215, -0.036235661285509944, -0.0653052507690427, -0.10222868523005732, -0.007575620409045776, -0.0220588689689283, 0.4515311231842406, 0.6317479074991137, -0.05408668295642364, -0.049011667177943176, -0.11738404159315051, 0.2724897040350478, -0.08817129190607058, 0.03402382118870137, 0.12020601268174659, 0.12652677247633137, 0.03475541463776965, -0.06538131135425053, 0.05422277141040519, -0.051958433603548085, -0.031818774609312005])
The first 2 eigvals are: ComplexF64[-75.00478541985412 + 0.0im, -74.68584207592066 + 0.0im]
NEW E0 FROM FULL MATRIX: -75.00478541985412 + 0.0im
NEW E1 FROM FULL MATRIX: -74.68584207592066 + 0.0im
Omega tilde, projection removed
65-element Vector{Float64}:
 -3.095875232289031e-6
  2.1449928812050632e-16
 -0.0014366778488849115
 -2.8362905963869496e-16
 -1.9401915769048074e-16
  0.006471634796207939
  0.018745912832214034
  4.211803214473266e-17
 -9.733914685894121e-17
 -1.1639199890182232e-30
 -9.694694523909399e-5
  1.813130352143905e-18
 -4.617144033179043e-5
  5.9975407970469175e-21
 -5.581781553485953e-18
  5.336853180389883e-5
  0.00013105837098548794
 -1.80776474935422e-18
  6.4672312385718626e-21
  3.3398036224681093e-34
 -8.541597894010047e-5
 -3.0643979480632344e-18
 -6.223382338236374e-5
  4.9536363022584976e-5
 -7.259524623564018e-18
 -5.413563358620047e-18
  6.404164000440893e-5
 -7.568558692447725e-33
 -7.496326674903669e-21
  0.003271339040628392
  1.650420377263016e-17
 -2.1352563869814683e-16
  0.006078721276368717
  0.00961812194290619
  1.0699652369604327e-16
  3.369678383672905e-19
 -1.4730295607218612e-32
  0.001511022393796395
  0.006803416678396669
  5.929415643994562e-17
  8.955979333615761e-17
  0.0009422242696280385
 -1.0993280332414712e-32
  7.840441309581011e-20
  0.0144475957676061
 -2.4295049741748056e-16
 -2.594634173976482e-16
  0.01456870447064641
 -1.466845962717672e-32
 -1.597503923702648e-19
  0.019019510287280127
  0.014274570980638973
  2.8280290364505226e-16
 -2.882998370518601e-19
 -2.942984315782122e-32
  0.014140184726713799
  2.410648046727573e-16
 -5.740586145562476e-19
 -3.413303950065569e-32
  0.011940793070700145
 -3.344007094465201e-32
 -3.881103594870476e-20
  0.004549619843006223
  5.179450254250244e-17
  0.0011179902897868938
Omega_tilde on L1: 5.746512830867705e-34
Omega_tilde on R1: -2.5083620896590057e-16
DIIS dimension: 2
t at step 2 : 
2×5 Matrix{Float64}:
 3.09587e-6    0.00143668    7.16151e-17  -0.0187459    1.9485e-16
 1.72387e-17  -3.36657e-16  -0.00647163   -8.33821e-16  1.86304e-30
t2 at step 2 : 
2×5×2×5 Array{Float64, 4}:
[:, :, 1, 1] =
 -0.000534587  -0.000391944  4.92427e-18  -4.92754e-5    2.13621e-20
 -1.99976e-18   5.19413e-18  0.000210382   3.83095e-19  -2.63342e-34

[:, :, 2, 1] =
 -1.99976e-18   7.21343e-18  -0.000188432  -1.08711e-18  -4.42078e-33
 -0.000382709  -0.000781221   2.21997e-18   0.000450123  -2.50307e-20

[:, :, 1, 2] =
 -0.000391944  -0.0314678     6.93102e-16  -0.0327789    8.10998e-18
  7.21343e-18  -3.31392e-18  -0.0304753    -5.10936e-16  3.91917e-32

[:, :, 2, 2] =
  5.19413e-18  -3.31392e-18  -0.0175197    -3.69407e-16  3.44991e-32
 -0.000781221  -0.0203716    -3.63202e-16   0.0051476    1.43084e-18

[:, :, 1, 3] =
  4.92427e-18   6.93102e-16  -0.0510073     1.06971e-15  -3.9267e-31
 -0.000188432  -0.0175197     1.05988e-15  -0.0409738     1.40241e-17

[:, :, 2, 3] =
 0.000210382  -0.0304753     1.05988e-15  -0.0629972    1.68181e-17
 2.21997e-18  -3.63202e-16  -0.0891932    -1.17394e-15  2.26688e-31

[:, :, 1, 4] =
 -4.92754e-5   -0.0327789     1.06971e-15  -0.066413     1.49728e-17
 -1.08711e-18  -3.69407e-16  -0.0629972    -8.11905e-16  1.46569e-31

[:, :, 2, 4] =
 3.83095e-19  -5.10936e-16  -0.0409738    -8.11905e-16  1.45292e-31
 0.000450123   0.0051476    -1.17394e-15  -0.0465632    8.53022e-18

[:, :, 1, 5] =
  2.13621e-20  8.10998e-18  -3.9267e-31   1.49728e-17  -0.0245467
 -4.42078e-33  3.44991e-32   1.68181e-17  1.45292e-31  -7.34676e-17

[:, :, 2, 5] =
 -2.63342e-34  3.91917e-32  1.40241e-17  1.46569e-31  -7.34676e-17
 -2.50307e-20  1.43084e-18  2.26688e-31  8.53022e-18  -0.0139502
Module of t 0.01988354506556075
Module of t2 0.1879072990241452
 --------------Energy at step 2 : -75.00478541985412
 --------------E_2 at step 2 : 8.00236697416617
E1 - E0 83.00715239402028
 --------------Difference at step 2 : 0.01355565890317223
 --------------Module of omegas 0.08529593883814925
Omega_bj_0 0.009402118449609372
Omega_bjck_0 0.08477616027481316

######## END OF ITERATION 2 #########

global amplitudes = -(build_omega(F, g, L, t, t2, o, v)) = [-0.0008464283580151303, 2.0691922985706392e-15, 0.001242083362644547, -9.887330087334731e-17, -3.519512990541025e-17, 0.003502898339021135, 0.0009572568545810174, -1.0594270664195204e-17, -6.911130097984745e-17, -6.805821613400349e-31, 0.000107783169741628, 6.101908443735305e-17, -0.0003208471665512692, -1.8399651497018412e-18, 1.5046206747670598e-18, -0.00048640260369954975, -0.00036630747838175014, 5.031567512502821e-18, 1.1143937662965596e-19, -5.085575416554971e-33, 5.930080544314491e-17, 0.00013657173145807593, -3.315987561792588e-17, 0.0003675101016977016, -0.00022783888027051472, -2.369682163589841e-17, -2.144519927387681e-17, -0.0003276151675341467, 8.820272476253423e-32, -1.1252405670545028e-18, -0.00032084716655129264, -3.444232343235312e-17, -0.0009158120687337049, 2.5713196270045116e-17, 2.1354050903127659e-16, -0.0027552799837519347, -0.008194732708974986, -3.5948382901887794e-17, 7.178065266404015e-18, 7.600403727759448e-32, 2.4039046216717664e-18, 0.00036751010169771203, 2.0670754806037255e-17, 0.00039463661901567267, -0.007596494389143097, 1.41818679611477e-17, -7.211664775488494e-17, -0.0021102511821809466, 5.652731783042426e-32, -2.0405482517672805e-19, 1.5900641449760294e-17, -0.000227838880270503, 2.0881525624064534e-16, -0.007596494389143169, -0.005516320036981268, 2.4451458345180936e-16, 2.7162401058898266e-16, -0.015812918452208974, -1.4115073641999835e-31, 4.817951993003393e-18, -0.0004864026036995494, -2.167058615935807e-17, -0.0027552799837519035, -1.916365623897777e-17, 2.1187054261187806e-16, -0.007155084881390216, -0.011611316460299028, -2.72913073289398e-16, 8.534032808262185e-18, 1.0642417936602283e-31, -0.00036630747838176325, -2.0572770467414056e-17, -0.008194732708974976, -5.732930153648872e-17, 2.7535419754604395e-16, -0.011611316460298778, -0.006445709231271769, -1.9266513524931993e-16, 4.570885550630901e-18, 5.14220045363365e-32, 8.42023946363637e-18, -0.00032761516753415296, -2.9482963323140834e-17, -0.0021102511821809978, -0.01581291845220904, -2.9032232901356393e-16, -2.0173114762431979e-16, -0.005609206173772106, 7.817094416517427e-32, 4.152674720427179e-18, 1.1143937662963983e-19, 8.931036764196491e-32, 7.178065266404067e-18, 5.80487195420646e-32, -1.4760590374122383e-31, 8.534032808262151e-18, 4.570885550630888e-18, 7.546107068960472e-32, -0.0012047796388745208, -2.3966212781486487e-17, -6.094461445422856e-33, -1.1252405670545022e-18, 8.687319619363297e-32, -2.0405482517671483e-19, 4.8179519930034e-18, 1.1597645710021929e-31, 5.028462991577064e-32, 4.152674720427159e-18, -3.028247798638085e-17, 0.0002543357248390696]
addition_t1 = reshape(amplitudes[1:n], (nv, no)) ./ pre_t[v, o] = [-8.162078035753187e-5 0.0014722585760749958 -6.863435699127278e-17 0.002094316802797221 3.345893955066777e-17; 1.9847386505970153e-16 -1.0999145755247636e-16 0.00616651776343396 -2.0678480373840616e-17 -8.709847085711742e-31]
addition_t2 = reshape(amplitudes[n + 1:end], (nv, no, nv, no)) ./ pre_t2[v, o, v, o] = [5.196746033149055e-6 -1.4305761771252692e-5 7.305233967173737e-19 -1.691587423165779e-5 6.260020810217965e-21; 1.4257900289102066e-18 1.0665842493610496e-19 -2.2233907264842503e-5 3.8686748330665257e-19 -2.6246137662003856e-34;;; 1.4257900289102066e-18 -1.5281654418884399e-18 -1.0414723310957084e-5 -9.452149157687677e-19 3.605445226061292e-33; 6.549879249769158e-6 1.6226423653913054e-5 -9.85603087647028e-19 -1.4976216403763265e-5 -5.28186740450886e-20;;;; -1.4305761771252692e-5 -0.0005427623510693597 7.697122374685792e-17 -0.003150046551594598 5.618676185134583e-18; -1.5281654418884399e-18 5.931089861412084e-18 -0.0009758663376717029 -1.087136677006625e-17 3.032575234455302e-32;;; 1.0665842493610496e-19 5.931089861412084e-18 -0.0026905298925672793 -2.1139254451594115e-17 1.975561724752793e-32; 1.6226423653913054e-5 0.0002195064620362848 -6.531716940409912e-18 -0.00074765260875137 3.8289597374141405e-19;;;; 7.305233967173737e-19 7.69712237468579e-17 -0.00537871403961044 1.4195486790535487e-16 -2.86133776439228e-31; -1.0414723310957082e-5 -0.002690529892567279 9.801171022934412e-17 -0.007712679289610414 8.36686970883744e-18;;; -2.22339072648425e-5 -0.0009758663376717028 9.801171022934412e-17 -0.005663366965378126 1.1294314718929566e-17; -9.85603087647028e-19 -6.531716940409912e-18 -0.006297921570898367 -1.3436066081002889e-16 1.1273238041423602e-31;;;; -1.691587423165779e-5 -0.003150046551594598 1.4195486790535487e-16 -0.007051063193956535 9.59291051008551e-18; -9.452149157687677e-19 -2.1139254451594112e-17 -0.005663366965378125 -1.040487687101629e-16 5.410931053548928e-32;;; 3.8686748330665257e-19 -1.0871366770066248e-17 -0.007712679289610412 -1.040487687101629e-16 6.840651189679913e-32; -1.4976216403763265e-5 -0.0007476526087513699 -1.3436066081002889e-16 -0.005474178612840753 5.7736914634881075e-18;;;; 6.260020810217965e-21 5.618676185134583e-18 -2.86133776439228e-31 9.59291051008551e-18 -0.001392476905486395; 3.605445226061292e-33 1.975561724752793e-32 1.1294314718929566e-17 6.840651189679913e-32 -1.644954077482366e-17;;; -2.6246137662003856e-34 3.032575234455302e-32 8.36686970883744e-18 5.410931053548928e-32 -1.644954077482366e-17; -5.28186740450886e-20 3.8289597374141405e-19 1.1273238041423602e-31 5.7736914634881075e-18 0.0002606632409781417]
(d, V, nconv, niter, nmult, resid) = eigs(A_imp, nev = n_ev, which = :SM, tol = 1.0e-12, maxiter = 1000) = (ComplexF64[0.3208865209087977 + 0.0im, 0.39285378543856836 + 0.0im], ComplexF64[1.2256998875944532e-16 + 0.0im -1.228001836464176e-16 + 0.0im; -2.232591396244854e-16 + 0.0im 9.680640301047799e-17 + 0.0im; 1.9796927228444114e-16 + 0.0im -5.423657257218895e-15 + 0.0im; 2.800287921956931e-16 + 0.0im 1.1359443862336515e-15 + 0.0im; -2.0148094521581662e-16 + 0.0im 7.051905239211996e-17 + 0.0im; 8.220290073659491e-16 + 0.0im 7.564453612585081e-15 + 0.0im; -1.5818536915731963e-15 + 0.0im 7.910724912735787e-15 + 0.0im; -8.015458093860687e-16 + 0.0im 4.661292716487359e-15 + 0.0im; 0.9590897916230321 + 0.0im 2.1622537076609903e-14 + 0.0im; -9.34370565566039e-15 + 0.0im 0.9600547619662918 + 0.0im; -1.057000112016791e-15 + 0.0im -1.039189310478311e-15 + 0.0im; -6.787243676220662e-18 + 0.0im -1.1738049714858414e-16 + 0.0im; -1.2493223747954132e-16 + 0.0im 9.538718600112986e-17 + 0.0im; 1.5917788694089884e-16 + 0.0im -1.8022363146235745e-16 + 0.0im; -1.1128153001208113e-16 + 0.0im 1.5953017236954338e-16 + 0.0im; 6.721230911702567e-17 + 0.0im -4.343816328657208e-17 + 0.0im; 3.036146105618756e-17 + 0.0im 1.1071978569325883e-16 + 0.0im; -4.393114957453423e-18 + 0.0im 9.497046509082456e-17 + 0.0im; 0.0002810932878910231 + 0.0im -5.884555942718508e-19 + 0.0im; 8.382428511366241e-17 + 0.0im 0.00012747094089367165 + 0.0im; 5.4250699189376315e-18 + 0.0im -2.996491829650214e-16 + 0.0im; -7.39659972908785e-17 + 0.0im 7.018321554872467e-18 + 0.0im; -3.4237357485207297e-17 + 0.0im 1.5913511041099823e-16 + 0.0im; 1.0221710441373893e-16 + 0.0im -2.357016640262544e-17 + 0.0im; 2.7145323786445567e-16 + 0.0im -1.0607594708972513e-16 + 0.0im; -4.025396697541272e-16 + 0.0im 1.50340860922586e-16 + 0.0im; 1.2266724292754179e-16 + 0.0im -1.314048276091106e-16 + 0.0im; -7.513774838971772e-17 + 0.0im 0.0003054184162212648 + 0.0im; -0.00031068648983301753 + 0.0im -4.796738384739734e-18 + 0.0im; -6.961064473036176e-16 + 0.0im -9.801574580251485e-16 + 0.0im; -2.1556318115324985e-16 + 0.0im 7.077745228997893e-16 + 0.0im; 1.3869433372288823e-16 + 0.0im -7.395393511897164e-16 + 0.0im; -1.4651692516933725e-16 + 0.0im -6.355365237060828e-16 + 0.0im; 2.697161759207754e-16 + 0.0im -6.305105033153068e-16 + 0.0im; -1.650487646556125e-16 + 0.0im -1.357180065871698e-15 + 0.0im; 0.0826446400259551 + 0.0im 1.8424552239552575e-15 + 0.0im; -3.575124179156284e-16 + 0.0im 0.05880949712256902 + 0.0im; 1.1032996640698532e-17 + 0.0im -1.3565010039366544e-15 + 0.0im; 1.6117819438392955e-16 + 0.0im -2.651995642547553e-16 + 0.0im; 1.1861654430183049e-16 + 0.0im 2.332756595508288e-15 + 0.0im; -4.4087857248223913e-16 + 0.0im 8.072593917213936e-16 + 0.0im; -2.8420169953537143e-16 + 0.0im -1.730451530493075e-16 + 0.0im; -7.621196241740106e-16 + 0.0im 0.059523087761225134 + 0.0im; 0.014607407453764296 + 0.0im 1.503626517649283e-15 + 0.0im; -2.9274204523069234e-16 + 0.0im 2.7050816443364255e-15 + 0.0im; 1.3163460847292667e-16 + 0.0im -3.669986988439678e-15 + 0.0im; 8.504131945619868e-17 + 0.0im 4.980202748685119e-15 + 0.0im; -1.1137475165346767e-16 + 0.0im 1.992485464607694e-15 + 0.0im; -6.047315829554308e-15 + 0.0im 0.116298120161053 + 0.0im; 0.13705365266421188 + 0.0im 5.1761102577536195e-15 + 0.0im; 4.469542680018492e-16 + 0.0im -1.276347522785849e-17 + 0.0im; 2.8539866158133515e-17 + 0.0im -3.954391916514698e-16 + 0.0im; -3.6316418072002274e-16 + 0.0im 3.681212423199644e-15 + 0.0im; 0.16117525512489064 + 0.0im 4.578605195906747e-15 + 0.0im; -1.1954659739302407e-15 + 0.0im 0.15355557472549938 + 0.0im; -8.845216728403958e-16 + 0.0im 3.2067925554194237e-15 + 0.0im; -5.423846108499916e-16 + 0.0im 1.195781303711959e-15 + 0.0im; 0.14490142324301591 + 0.0im 3.69838671535352e-15 + 0.0im; -1.0984153886851115e-15 + 0.0im 0.13524149489054407 + 0.0im; -5.494925380220914e-17 + 0.0im -1.9815865150109284e-16 + 0.0im; -5.83025432698121e-16 + 0.0im 0.1260887003091663 + 0.0im; 0.0857058583551364 + 0.0im 7.414065291918388e-15 + 0.0im; 9.624679571609185e-17 + 0.0im -3.2758054524334666e-15 + 0.0im; -1.8353563702011118e-16 + 0.0im -2.629481383653685e-16 + 0.0im; 4.1722181518673597e-16 + 0.0im 4.6909045438252565e-15 + 0.0im], 2, 10, 180, [0.21936159702438654, 0.06178826163896487, 0.41999699220938, -0.46229044129469293, 0.5855228768322575, -0.45745278334624506, -0.1132005091599297, -0.7362392828811077, -0.17341616716782063, -0.08389114528201742, 0.007068753399489582, 0.014169378757501863, 0.261786213186234, 0.3830650053863919, 0.0027494588040515946, 0.027395678694733392, -0.08127659295784986, -0.042064497118477755, 0.0006812165177599207, 0.027315568171147945, 0.01531276485408447, 0.41592468399488675, 0.4939645071261131, -0.048484064533326515, 0.15258930716986957, 0.06414254626183988, -0.008898951674433882, -0.027085069291898377, 0.000841065650411101, 0.10548277251869383, 0.15954627438398813, 1.4524649651490391, -0.05630652202326539, 0.11072620874025953, 1.6740976690745943, 0.04742061332414049, 0.3541098780468061, 1.1759423329600602, -0.07562419722597252, -1.4227714786737853, -0.06328017776931208, 0.00372219848898072, 0.33349520693713847, 0.07876907645300972, -0.31356781961700053, 0.6959845703452749, -0.3844368903680042, 0.07453679505205778, 0.1591998944696692, 0.5033478674653699, -0.1254072847325547, 0.29706443113222325, -0.9482599721789794, 0.2787197441330221, 0.01939038931244729, -0.1742900216156547, 0.26216111201211767, 0.04356243500794553, -0.007180513649659397, -0.04679024941522092, 0.15344870752909176, 0.4787470335393736, 0.3444604619140166, 0.06971413767639781, 0.2130519109421924])
[1.2256998875944532e-16, -2.232591396244854e-16, 1.9796927228444114e-16, 2.800287921956931e-16, -2.0148094521581662e-16, 8.220290073659491e-16, -1.5818536915731963e-15, -8.015458093860687e-16, 0.9590897916230321, -9.34370565566039e-15, -1.057000112016791e-15, -6.787243676220662e-18, -1.2493223747954132e-16, 1.5917788694089884e-16, -1.1128153001208113e-16, 6.721230911702567e-17, 3.036146105618756e-17, -4.393114957453423e-18, 0.0002810932878910231, 8.382428511366241e-17, 5.4250699189376315e-18, -7.39659972908785e-17, -3.4237357485207297e-17, 1.0221710441373893e-16, 2.7145323786445567e-16, -4.025396697541272e-16, 1.2266724292754179e-16, -7.513774838971772e-17, -0.00031068648983301753, -6.961064473036176e-16, -2.1556318115324985e-16, 1.3869433372288823e-16, -1.4651692516933725e-16, 2.697161759207754e-16, -1.650487646556125e-16, 0.0826446400259551, -3.575124179156284e-16, 1.1032996640698532e-17, 1.6117819438392955e-16, 1.1861654430183049e-16, -4.4087857248223913e-16, -2.8420169953537143e-16, -7.621196241740106e-16, 0.014607407453764296, -2.9274204523069234e-16, 1.3163460847292667e-16, 8.504131945619868e-17, -1.1137475165346767e-16, -6.047315829554308e-15, 0.13705365266421188, 4.469542680018492e-16, 2.8539866158133515e-17, -3.6316418072002274e-16, 0.16117525512489064, -1.1954659739302407e-15, -8.845216728403958e-16, -5.423846108499916e-16, 0.14490142324301591, -1.0984153886851115e-15, -5.494925380220914e-17, -5.83025432698121e-16, 0.0857058583551364, 9.624679571609185e-17, -1.8353563702011118e-16, 4.1722181518673597e-16]
(d, V, nconv, niter, nmult, resid) = eigs(A_imp, nev = n_ev, which = :SM, tol = 1.0e-12, maxiter = 1000) = (ComplexF64[0.3208865209087965 + 0.0im, 0.3928537854385646 + 0.0im], ComplexF64[-6.482018341782791e-17 + 0.0im -2.7405691932829295e-17 + 0.0im; -5.965692557915831e-17 + 0.0im -1.2193095582744137e-16 + 0.0im; -3.063886673709062e-16 + 0.0im 6.536086892763215e-16 + 0.0im; -3.5857613554172524e-16 + 0.0im 3.3115487050497745e-15 + 0.0im; -1.195049185477034e-15 + 0.0im -2.6019092343476578e-14 + 0.0im; -1.4650838333429042e-15 + 0.0im -3.765876371165111e-15 + 0.0im; 2.720225427627841e-15 + 0.0im 6.869020198720431e-15 + 0.0im; 2.384932864023168e-15 + 0.0im -3.4685467257547617e-15 + 0.0im; 0.9560991800706399 + 0.0im -4.221808969259759e-15 + 0.0im; -1.7012910585746285e-14 + 0.0im -0.9611279864472352 + 0.0im; -7.243790245868978e-17 + 0.0im 4.3255409160996044e-16 + 0.0im; 1.247419446631107e-16 + 0.0im 1.1598265467853867e-17 + 0.0im; 2.198571434747978e-16 + 0.0im 1.6544777696696063e-17 + 0.0im; 9.220839070171833e-17 + 0.0im 4.2528478006632285e-17 + 0.0im; -9.361206297953298e-17 + 0.0im -4.6825732599684876e-17 + 0.0im; 4.675623075781837e-18 + 0.0im -2.08795481233982e-17 + 0.0im; -2.4022658558393743e-17 + 0.0im 6.99318270375442e-17 + 0.0im; -3.128343725560898e-17 + 0.0im -6.231767443922523e-17 + 0.0im; 0.0002506582808548687 + 0.0im -3.839045875010992e-18 + 0.0im; -3.7561340066276025e-17 + 0.0im 5.945584647217522e-5 + 0.0im; 2.4240295551377615e-16 + 0.0im -3.1034779363940644e-16 + 0.0im; 7.838295064454788e-17 + 0.0im 1.9908791913892795e-16 + 0.0im; -1.095613062166172e-16 + 0.0im 1.2989999194776236e-17 + 0.0im; 1.9811520146985615e-16 + 0.0im 9.249612806636522e-17 + 0.0im; -5.798166493552848e-17 + 0.0im 2.4677583218772868e-18 + 0.0im; 6.35841940249328e-17 + 0.0im 1.530804892207394e-17 + 0.0im; 6.703881991757192e-17 + 0.0im 1.3958725217622042e-16 + 0.0im; 1.93615521273667e-16 + 0.0im -0.0004596030879251474 + 0.0im; -0.0003219623998896818 + 0.0im -2.863110857694974e-17 + 0.0im; 1.6304413619369404e-16 + 0.0im 1.0806700945316145e-15 + 0.0im; 3.377785621774397e-16 + 0.0im -4.86929028894354e-16 + 0.0im; 1.9189048080514254e-16 + 0.0im -3.876918888462643e-17 + 0.0im; -1.3971784967821276e-16 + 0.0im -3.3608132067605676e-15 + 0.0im; 1.8678108347863875e-18 + 0.0im 4.167290023528141e-16 + 0.0im; 5.410231344969242e-16 + 0.0im 2.5851455237536355e-15 + 0.0im; 0.08470481228906668 + 0.0im -1.2759533171862883e-15 + 0.0im; -8.061138951190285e-16 + 0.0im -0.06858955247357483 + 0.0im; -5.621335183009122e-16 + 0.0im 2.677358457000235e-16 + 0.0im; 2.414971842735815e-16 + 0.0im -6.499863535478579e-16 + 0.0im; -2.0949896264344626e-16 + 0.0im -1.4725732016301249e-15 + 0.0im; -6.770182593230104e-16 + 0.0im 1.0036292180142602e-15 + 0.0im; 2.3308122915871387e-16 + 0.0im 1.1459528197350527e-15 + 0.0im; -1.98367044396454e-15 + 0.0im -0.05287627818126028 + 0.0im; 0.016730005652345333 + 0.0im -3.5565696115556827e-16 + 0.0im; -1.0085810720487324e-15 + 0.0im -4.835504068917233e-15 + 0.0im; -3.449502414752506e-16 + 0.0im -7.0679776434309176e-15 + 0.0im; 4.1190413143530184e-16 + 0.0im 4.173782026903625e-15 + 0.0im; -6.551865015408896e-17 + 0.0im 3.88235521396368e-15 + 0.0im; -6.551396942032605e-15 + 0.0im -0.10909791825280087 + 0.0im; 0.08529744636947954 + 0.0im -4.1556401357789195e-15 + 0.0im; 1.6126213925009035e-16 + 0.0im -2.6777016975677077e-15 + 0.0im; 3.53909203487764e-16 + 0.0im -1.5898297876075794e-15 + 0.0im; -3.7510655837939376e-16 + 0.0im 1.3232790439924148e-15 + 0.0im; 0.21377969311978787 + 0.0im 1.1266054124693323e-15 + 0.0im; -1.978009548342233e-15 + 0.0im -0.15445121018931562 + 0.0im; 1.5840577158452415e-16 + 0.0im 4.271327032973565e-15 + 0.0im; 7.966284258986547e-16 + 0.0im -2.529586730697015e-15 + 0.0im; 0.14105218396190344 + 0.0im -6.385816222960015e-15 + 0.0im; -2.3211199582307043e-15 + 0.0im -0.1595288293666742 + 0.0im; 6.631185747833156e-16 + 0.0im -4.8116640940368164e-15 + 0.0im; -1.848685150557429e-15 + 0.0im -0.0867489014335232 + 0.0im; 0.07447323624544949 + 0.0im -1.827138220225997e-15 + 0.0im; -1.0813745941320497e-16 + 0.0im -2.5231357495699744e-15 + 0.0im; -5.477823808811499e-17 + 0.0im -1.314069799899714e-15 + 0.0im; -3.4026016518408183e-16 + 0.0im -4.973419313155227e-16 + 0.0im], 2, 10, 180, [0.031223992306487692, 0.7004706633716452, -0.05467102773836288, -0.046127131313287426, 0.7714121637675326, 0.08076362623654433, 0.38814597081619245, -1.3460268858603688, 0.15305878112527516, 0.1684049148717546, 0.007622994560619895, -0.0377558687131587, 0.40887477489905855, -0.9182214368939209, 0.3806850103368302, -0.7042511426550072, 0.18778497912290362, 0.1471644801040896, 0.41469754993139907, 0.014305518872807454, 0.01290111265198486, -1.0164286518399377, 0.7549573260090291, -0.1712535222844879, 0.27578862967616824, 0.06462866242784734, 0.42052168811754276, -0.019206969974714442, -0.1848969319634154, -1.3507546504498347, -2.8257642216676984, -0.5668581814094701, 1.8239636704380109, -0.022580523635858028, -1.8498879254647402, -0.04015496591186551, 0.08634441955435801, -1.7290870098165285, 0.07420819178924162, 1.4197107297115596, 0.5718672539850478, -0.6358082380429442, -0.24507623090376318, -0.11776460821465666, 0.046406836266608624, 0.5348940971870506, -0.766632384200154, -0.9637505000532391, 0.48265995153011076, 0.11067892403820286, 0.03814594245366694, -0.1919440428522518, -0.7033502903905701, -0.4204792513609783, 0.07873404149032931, -0.29319553513242924, -0.4966249556420613, 0.153941303237575, -1.6626755165994915, -0.2657986564336564, 0.5258200317781423, -1.1063812505808472, -0.17904746359493828, 0.07041734338413635, -0.3962985519232173])
[6.482018341782791e-17, 5.965692557915831e-17, 3.063886673709062e-16, 3.5857613554172524e-16, 1.195049185477034e-15, 1.4650838333429042e-15, -2.720225427627841e-15, -2.384932864023168e-15, -0.9560991800706399, 1.7012910585746285e-14, 7.243790245868978e-17, -1.247419446631107e-16, -2.198571434747978e-16, -9.220839070171833e-17, 9.361206297953298e-17, -4.675623075781837e-18, 2.4022658558393743e-17, 3.128343725560898e-17, -0.0002506582808548687, 3.7561340066276025e-17, -2.4240295551377615e-16, -7.838295064454788e-17, 1.095613062166172e-16, -1.9811520146985615e-16, 5.798166493552848e-17, -6.35841940249328e-17, -6.703881991757192e-17, -1.93615521273667e-16, 0.0003219623998896818, -1.6304413619369404e-16, -3.377785621774397e-16, -1.9189048080514254e-16, 1.3971784967821276e-16, -1.8678108347863875e-18, -5.410231344969242e-16, -0.08470481228906668, 8.061138951190285e-16, 5.621335183009122e-16, -2.414971842735815e-16, 2.0949896264344626e-16, 6.770182593230104e-16, -2.3308122915871387e-16, 1.98367044396454e-15, -0.016730005652345333, 1.0085810720487324e-15, 3.449502414752506e-16, -4.1190413143530184e-16, 6.551865015408896e-17, 6.551396942032605e-15, -0.08529744636947954, -1.6126213925009035e-16, -3.53909203487764e-16, 3.7510655837939376e-16, -0.21377969311978787, 1.978009548342233e-15, -1.5840577158452415e-16, -7.966284258986547e-16, -0.14105218396190344, 2.3211199582307043e-15, -6.631185747833156e-16, 1.848685150557429e-15, -0.07447323624544949, 1.0813745941320497e-16, 5.477823808811499e-17, 3.4026016518408183e-16]
Projection L1|R2: -5.237236228680328e-15
scalar = l1_vec' * r1_vec = -0.9971976926134798
Check <L1|R1>: 0.9999999999999998
t before projection
65-element Vector{Float64}:
 -7.852490597253318e-5
  2.1571260131630527e-16
  0.002908936496100638
 -4.466481746263427e-16
  2.980747381263888e-18
 -0.00030511694348043725
 -0.01665159623349202
 -8.544996593427903e-16
  2.283090444390847e-16
  9.92050329543992e-31
 -0.0005293904041223948
 -5.739698544155428e-19
 -0.0004062499417777628
  5.3007872901972055e-18
  5.6547929408400825e-18
  0.00018814759710912465
 -6.619126153746255e-5
  7.699628470041819e-19
  2.762212924043279e-20
 -5.258030831001685e-34
 -0.00037615886599649974
  5.685269532285002e-18
 -0.0007649947467019252
 -0.0001988470960124667
  1.2343621672928045e-18
 -2.032328299393425e-18
  0.00043514646308192483
 -8.153330629850604e-34
 -7.78493332408438e-20
 -0.032010578100506025
  2.6171747022115153e-18
  7.70073131962619e-16
 -0.031451123494420904
 -0.03592893325933318
 -5.218076721614238e-16
  1.3728653651142825e-17
  6.951743947242015e-32
 -0.020152084595974406
 -0.020210218797672375
 -3.69734031764354e-16
 -3.905464816621777e-16
  0.0043999507609592155
  5.42547348591836e-32
  1.8137409698977684e-18
 -0.056385989389497466
  1.1578932938920081e-15
  1.2116645584150952e-15
 -0.04868648819428265
 -6.788040059013007e-31
  2.239095518095822e-17
 -0.09549111741645458
 -0.06866054154934768
 -1.3083014890336185e-15
  2.8112374490049114e-17
  3.394203820474527e-31
 -0.07346410478341675
 -9.15954260994126e-16
  2.4565732404239998e-17
  2.0067860158122708e-31
 -0.05203736083235634
  2.136989429805127e-31
  1.4303914287437035e-17
 -0.02593914180330027
 -8.991711462182858e-17
 -0.013689495934368176
t after projection
65-element Vector{Float64}:
 -7.852490597253318e-5
  2.1571260131630532e-16
  0.002908936496100638
 -4.466481746263427e-16
  2.980747381263923e-18
 -0.00030511694348043725
 -0.01665159623349202
 -8.544996593427902e-16
  6.058429968664187e-17
  2.6260690208341277e-30
 -0.0005293904041223948
 -5.739698544155416e-19
 -0.0004062499417777628
  5.300787290197178e-18
  5.654792940840102e-18
  0.00018814759710912465
 -6.619126153746255e-5
  7.699628470041827e-19
 -2.1535207616800194e-20
 -1.5184917326150144e-32
 -0.00037615886599649974
  5.685269532285015e-18
 -0.0007649947467019252
 -0.0001988470960124667
  1.234362167292757e-18
 -2.0323282993933547e-18
  0.00043514646308192483
  1.2324687589942548e-32
 -2.3516764319333547e-20
 -0.032010578100506025
  2.617174702211553e-18
  7.70073131962619e-16
 -0.031451123494420904
 -0.03592893325933318
 -5.218076721614238e-16
 -7.241653388846375e-19
  1.320388838298386e-31
 -0.020152084595974406
 -0.020210218797672375
 -3.69734031764354e-16
 -3.905464816621776e-16
  0.0043999507609592155
  1.8753351704609215e-31
 -7.407890731459213e-19
 -0.056385989389497466
  1.1578932938920081e-15
  1.2116645584150952e-15
 -0.04868648819428265
  3.7874505030642673e-31
 -1.5768621300720203e-18
 -0.09549111741645458
 -0.06866054154934768
 -1.3083014890336185e-15
 -7.38065769863943e-20
  5.48482377169271e-31
 -0.07346410478341675
 -9.15954260994126e-16
 -7.744958413057396e-19
  3.9276847920112915e-31
 -0.05203736083235634
  3.156578969153599e-31
 -6.842477615803001e-19
 -0.02593914180330027
 -8.991711462182854e-17
 -0.013689495934368176
Omega original restricted
65-element Vector{Float64}:
 -0.0008464283580151303
  2.0691922985706392e-15
  0.001242083362644547
 -9.887330087334731e-17
 -3.519512990541025e-17
  0.003502898339021135
  0.0009572568545810174
 -1.0594270664195204e-17
 -6.911130097984745e-17
 -6.805821613400349e-31
  0.000107783169741628
  5.930080544314491e-17
 -0.00032084716655129264
  2.4039046216717664e-18
  1.5900641449760294e-17
 -0.0004864026036995494
 -0.00036630747838176325
  8.42023946363637e-18
  1.1143937662963983e-19
 -6.094461445422856e-33
  0.00013657173145807593
 -3.444232343235312e-17
  0.00036751010169771203
 -0.000227838880270503
 -2.167058615935807e-17
 -2.0572770467414056e-17
 -0.00032761516753415296
  8.931036764196491e-32
 -1.1252405670545022e-18
 -0.0009158120687337049
  2.0670754806037255e-17
  2.0881525624064534e-16
 -0.0027552799837519035
 -0.008194732708974976
 -2.9482963323140834e-17
  7.178065266404067e-18
  8.687319619363297e-32
  0.00039463661901567267
 -0.007596494389143169
 -1.916365623897777e-17
 -5.732930153648872e-17
 -0.0021102511821809978
  5.80487195420646e-32
 -2.0405482517671483e-19
 -0.005516320036981268
  2.1187054261187806e-16
  2.7535419754604395e-16
 -0.01581291845220904
 -1.4760590374122383e-31
  4.8179519930034e-18
 -0.007155084881390216
 -0.011611316460298778
 -2.9032232901356393e-16
  8.534032808262151e-18
  1.1597645710021929e-31
 -0.006445709231271769
 -2.0173114762431979e-16
  4.570885550630888e-18
  5.028462991577064e-32
 -0.005609206173772106
  7.546107068960472e-32
  4.152674720427159e-18
 -0.0012047796388745208
 -3.028247798638085e-17
  0.0002543357248390696
Omega restricted
65-element Vector{Float64}:
  8.162078035753187e-5
 -1.9847386505970153e-16
 -0.0014722585760749958
  1.0999145755247636e-16
  6.863435699127278e-17
 -0.00616651776343396
 -0.002094316802797221
  2.0678480373840616e-17
 -3.345893955066777e-17
  8.709847085711742e-31
 -5.196746033149055e-6
 -1.4257900289102066e-18
  1.4305761771252692e-5
 -1.0665842493610496e-19
 -7.305233967173737e-19
  2.22339072648425e-5
  1.691587423165779e-5
 -3.8686748330665257e-19
 -6.260020810217965e-21
  2.6246137662003856e-34
 -6.549879249769158e-6
  1.5281654418884399e-18
 -1.6226423653913054e-5
  1.0414723310957082e-5
  9.85603087647028e-19
  9.452149157687677e-19
  1.4976216403763265e-5
 -3.605445226061292e-33
  5.28186740450886e-20
  0.0005427623510693597
 -5.931089861412084e-18
 -7.69712237468579e-17
  0.0009758663376717028
  0.003150046551594598
  1.0871366770066248e-17
 -5.618676185134583e-18
 -3.032575234455302e-32
 -0.0002195064620362848
  0.002690529892567279
  6.531716940409912e-18
  2.1139254451594112e-17
  0.0007476526087513699
 -1.975561724752793e-32
 -3.8289597374141405e-19
  0.00537871403961044
 -9.801171022934412e-17
 -1.4195486790535487e-16
  0.007712679289610412
  2.86133776439228e-31
 -8.36686970883744e-18
  0.006297921570898367
  0.005663366965378125
  1.3436066081002889e-16
 -1.1294314718929566e-17
 -1.1273238041423602e-31
  0.007051063193956535
  1.040487687101629e-16
 -9.59291051008551e-18
 -5.410931053548928e-32
  0.005474178612840753
 -6.840651189679913e-32
 -5.7736914634881075e-18
  0.001392476905486395
  1.644954077482366e-17
 -0.0002606632409781417
Omega resricted on L21.599519907118816e-17
Omega resricted on L1 (<L1|H|HF>): -3.100056777612753e-17
Omega resricted on R1 (<R1|H|HF>): -3.100056777612753e-17
<L1[D]|R1[S]H[S]|HF> additional: 0.0008814282765388091
<L1|H|R1> with nuclear repulsion : -74.68790980009035
<HF|H|R1>: -2.2367180851452705e-16
L1 * A * R1: 0.3208865209088007
Reduced matrix[-75.0096777492757 -2.2367180851452705e-16; 7.117046809965917e-17 -74.68790980009035]
Matrix
2×2 Matrix{Float64}:
 -75.0097        -2.23672e-16
   7.11705e-17  -74.6879
NEW E0 FROM MATRIX: -75.0096777492757
NEW E1 FROM MATRIX: -74.68790980009035
[1.0 -6.951338972101561e-16; 0.0 1.0]
Evaluating remaining element <mu_tilde|H|R1>
Norm of element <mu_tilde|H|R1>: 0.003369658404139414
65-element Vector{Float64}:
 -1.0803665394761909e-19
  1.967869186607475e-19
 -1.7449571447731718e-19
 -2.468252956862941e-19
  1.7759100229698744e-19
 -7.245596112274765e-19
  1.3942905730999152e-18
  7.065051413340674e-19
 -0.0008453688620762547
  8.235806372554661e-18
  8.312954586811597e-19
  1.888125920506226e-19
  1.2207654189753669e-22
 -3.6962349986996413e-19
  2.6308233383586136e-19
 -4.1605852354467724e-19
  1.5544147799611894e-18
  6.602696183829822e-19
 -0.0007856602013212806
  7.577809981483917e-18
 -4.781810029181878e-21
 -2.9745717888287673e-20
  3.017777500197882e-20
 -9.009704617656766e-20
 -8.155030503210632e-19
 -1.6572164271391347e-19
 -1.0812237652293999e-19
  1.8479081896290342e-15
  2.738478572774089e-7
  6.977547739146235e-19
  3.0908634207464724e-19
 -2.079293219450298e-19
  9.896766176187815e-19
 -4.48854373692341e-19
 -1.9538046746384767e-19
  0.0003350097174293204
 -3.65830979451857e-18
 -9.724795214081835e-21
 -1.4206701809146767e-19
  6.182081705127635e-19
  1.0414934888442914e-18
  2.5050341421090496e-19
 -4.199818501052787e-17
 -1.2875381976671618e-5
  2.580311163981442e-19
 -6.360529832983942e-19
 -5.4471317972110125e-19
  9.816885539988489e-20
 -3.7301414865948714e-17
 -0.00012080296486116483
  1.727715863877054e-18
 -2.1913822167191563e-18
 -1.7487032553716183e-18
  0.0023333663063350102
 -2.3062581449252968e-17
 -2.908469349733907e-18
 -1.3907409960270893e-18
  0.0021084096917052416
 -2.0816792789303298e-17
  4.8433826075956434e-20
  2.249253284674855e-17
 -7.554356701924717e-5
  2.2892330431050264e-17
  1.6177350022280348e-19
 -3.677511054944382e-19
Evaluating remaining element <HF|H|nu_tilde>
Norm of element <HF|H|nu_tilde>: 0.6310289724198271
65-element Vector{Float64}:
  0.00012092781034395142
 -4.974650557499128e-15
 -0.0015201412516521599
  1.2072509726259403e-15
  2.1061541293802362e-16
 -0.00432015928703357
 -0.0029208559339445376
  6.565792359781509e-16
  2.1864621038739088e-16
 -3.680487806661501e-30
  0.05239336012754763
 -4.987329993433293e-18
  0.019651963684992408
 -2.645453300864631e-16
  4.7704895589362177e-17
 -0.029156979521037844
 -0.003541965152492765
 -1.3140530330524314e-16
  5.622274440990105e-20
 -8.425022365258887e-33
  0.039043531449969804
 -1.552577510999242e-16
  0.03820659895705575
  0.02369421286935847
  2.2724877535296173e-16
  4.917941054394248e-16
 -0.0224954053985897
  4.3428032496009594e-32
 -7.221628448444029e-20
  0.19030556275555352
 -1.9862583799934434e-16
 -2.581268532253489e-15
  0.2150135516546591
  0.1205037915945526
  2.8622937353617317e-15
  1.8999320490729116e-17
 -1.808116425915661e-31
  0.1356328370711587
 -0.016737182000169673
  1.797173521111972e-15
  9.992007221626407e-16
 -0.03437710461989834
 -4.449380087668745e-31
  3.752546409239211e-18
  0.14998000751864307
 -3.5318969970887792e-15
 -3.1988300897012323e-15
  0.01676122299106253
 -1.4694807390503647e-30
  1.913224853251578e-17
  0.31889801799346934
  0.2912998997620643
  3.899658373995862e-15
  4.79508636431608e-17
 -4.436682678007327e-31
  0.19114032976697187
  2.2273849431542203e-15
  3.163805664150434e-17
 -5.206280586911249e-31
  0.14190557721937125
 -4.146607579039051e-31
  1.67043742282363e-17
  0.06920626869936716
  8.153200337090992e-17
  0.0500826884913902
Evaluating remaining element <L1|H|nu_tilde>
Norm of element <L1|H|nu_tilde>: 0.00026936501830099677
65-element Vector{Float64}:
  1.724967419139309e-19
 -1.7691265340955896e-20
  1.8375351645316754e-18
 -1.7398840158942615e-18
  1.2852498229762482e-18
  7.612395071155778e-18
  2.2911999792753654e-18
 -9.599562780897004e-19
  7.392472859324699e-5
  7.191525750330913e-19
  6.402824233669532e-20
 -1.102600598767359e-19
 -1.9433288353270417e-19
 -8.150348070463845e-20
  8.27441940013338e-20
 -4.132807787220667e-21
  2.123375403678611e-20
  2.7651594451802746e-20
 -2.2155817059208179e-7
  3.320066570986193e-20
 -2.1426124517642423e-19
 -6.92831016441488e-20
  9.684181384411299e-20
 -1.7511506683299133e-19
  5.125029808385531e-20
 -5.620240296347048e-20
 -5.925596492935792e-20
 -1.7113777588087504e-19
  2.84584255807197e-7
 -1.4411556808592636e-19
 -2.985642447000915e-19
 -1.6961300355298662e-19
  1.2349734095434744e-19
 -1.6509678042791182e-21
 -4.782131893601234e-19
 -7.487102834626648e-5
  7.125283045998365e-19
  4.968727684498579e-19
 -2.1346062922123608e-19
  1.8517723310763407e-19
  5.984199942705714e-19
 -2.0602172230511158e-19
  1.753376721181759e-18
 -1.4787739841218265e-5
  8.914901053929308e-19
  3.0490332968813583e-19
 -3.640842245820951e-19
  5.791227889338096e-20
  5.790814156823054e-18
 -7.539486072171798e-5
 -1.4254045163065108e-19
 -3.128222032522839e-19
  3.315586565430485e-19
 -0.00018896099325272644
  1.7483730258172426e-18
 -1.4001569325297894e-19
 -7.041440485501018e-19
 -0.00012467676603396
  2.051650118705325e-18
 -5.861339901221391e-19
  1.6340625115649174e-18
 -6.582728455784513e-5
  9.55832681783105e-20
  4.841877227302669e-20
  3.007577466279444e-19
Building the whole matrix...
(d, V, nconv, niter, nmult, resid) = eigs(A_imp, nev = n_ev, which = :SM, tol = 1.0e-12, maxiter = 1000) = (ComplexF64[-8.005973285380918e-15 + 0.0im, 0.32176875907750624 + 0.0im], ComplexF64[0.9999999999999999 + 0.0im 9.258043987617952e-16 + 0.0im; -6.354508546382253e-16 + 0.0im -0.9999939258735456 + 0.0im; 1.8530451428206496e-17 + 0.0im -5.661564311207717e-17 + 0.0im; -5.991974916079831e-17 + 0.0im -2.0246217978880635e-16 + 0.0im; -1.0982570790846101e-16 + 0.0im -6.035581537425783e-16 + 0.0im; 1.8874148923028043e-17 + 0.0im 1.8252383891916548e-16 + 0.0im; -3.714708624133191e-16 + 0.0im 3.704602505306686e-15 + 0.0im; -8.40548395381874e-16 + 0.0im 2.1929946881862156e-15 + 0.0im; 1.1956312641420777e-15 + 0.0im 3.257308960109411e-16 + 0.0im; -2.5600401171704725e-16 + 0.0im -4.1654300893628e-15 + 0.0im; -1.0193841140605086e-16 + 0.0im -0.0008812453583279668 + 0.0im; -2.5990084340177687e-15 + 0.0im -1.5426422996858398e-16 + 0.0im; 1.0252170463087949e-16 + 0.0im 1.5043322115967441e-16 + 0.0im; -5.548552378586824e-16 + 0.0im 2.997663473920479e-17 + 0.0im; -3.453316953418406e-16 + 0.0im -5.822300859641858e-17 + 0.0im; -1.074015678245053e-16 + 0.0im 1.8802860043907614e-17 + 0.0im; -1.0441237616904533e-16 + 0.0im 1.0352343022932233e-17 + 0.0im; -8.24176962619167e-17 + 0.0im 1.429421753328827e-16 + 0.0im; 1.0088790436000105e-16 + 0.0im 4.5042348245639355e-17 + 0.0im; -2.2706729218444252e-17 + 0.0im -6.677595899756251e-17 + 0.0im; -4.96104545306444e-17 + 0.0im -3.173740802107315e-5 + 0.0im; -2.840371938315025e-17 + 0.0im 8.402212296807565e-18 + 0.0im; -1.45953600966105e-16 + 0.0im 2.382297137823478e-16 + 0.0im; -1.49649701319181e-16 + 0.0im -5.414799169923147e-17 + 0.0im; -7.141186035366794e-18 + 0.0im 1.0383154464048096e-16 + 0.0im; -5.935438336675566e-17 + 0.0im 1.6022752861260303e-17 + 0.0im; 8.506846670418986e-17 + 0.0im -7.007166769281958e-17 + 0.0im; -7.328636056296665e-17 + 0.0im -8.233185389713983e-17 + 0.0im; 8.609436676998637e-17 + 0.0im -1.3432090187727769e-17 + 0.0im; -3.1984805679202554e-17 + 0.0im 1.0232926131427906e-16 + 0.0im; 2.798719220039224e-17 + 0.0im 1.2521639100815877e-6 + 0.0im; -6.969665619134486e-16 + 0.0im 1.6914466330030188e-16 + 0.0im; 1.3391244142728559e-16 + 0.0im 1.6575273556082726e-16 + 0.0im; 1.6560291887211824e-17 + 0.0im -4.8054005088115676e-17 + 0.0im; -2.9600853069795733e-16 + 0.0im -4.630701961816775e-18 + 0.0im; 9.025377669601598e-17 + 0.0im -2.7677683824524483e-17 + 0.0im; -1.287225591969557e-16 + 0.0im -3.609453112085907e-16 + 0.0im; 1.481826572500389e-16 + 0.0im 0.0003423385349128727 + 0.0im; -2.164135693011959e-16 + 0.0im 2.783011653752568e-16 + 0.0im; 4.806487593710428e-16 + 0.0im 4.5275607148540503e-17 + 0.0im; -2.1724953529030418e-16 + 0.0im -2.3502350562331833e-16 + 0.0im; -5.581463646568945e-17 + 0.0im 6.339627916293072e-16 + 0.0im; -7.005524856437238e-17 + 0.0im -1.807410150101076e-16 + 0.0im; 6.115182679166938e-17 + 0.0im -2.8064304761351867e-16 + 0.0im; -2.4731198807793193e-16 + 0.0im -1.8827005980582678e-16 + 0.0im; 1.0257463601753521e-16 + 0.0im 0.00012113802315332048 + 0.0im; -2.1814891827893287e-16 + 0.0im 5.742554572739714e-16 + 0.0im; 2.7213371216832947e-16 + 0.0im 6.834086242348517e-16 + 0.0im; 3.306984805046214e-17 + 0.0im -1.0266065885743047e-15 + 0.0im; -1.6775980711108114e-16 + 0.0im 3.0132916932319226e-16 + 0.0im; -2.0656790911476039e-16 + 0.0im 1.052572450655065e-16 + 0.0im; -8.594317539061519e-17 + 0.0im -9.872980388785306e-5 + 0.0im; -3.191212708945861e-16 + 0.0im -2.4186449238420526e-16 + 0.0im; -1.8066340219749062e-16 + 0.0im -2.223223774692624e-16 + 0.0im; 8.863884391548306e-17 + 0.0im 1.5305354571754063e-16 + 0.0im; -2.578327007729288e-16 + 0.0im 0.0022361613060133136 + 0.0im; -1.0682049476826528e-15 + 0.0im 4.9232979419387564e-17 + 0.0im; -1.211228419708032e-16 + 0.0im 6.715769724384173e-16 + 0.0im; 2.666667685623638e-17 + 0.0im -1.356646842885959e-15 + 0.0im; 7.884772318544551e-17 + 0.0im 0.002492356570939543 + 0.0im; -2.3050757478464276e-16 + 0.0im 1.8575434532305761e-16 + 0.0im; 2.758773747199537e-17 + 0.0im -7.314129782002358e-16 + 0.0im; -6.345757574387168e-16 + 0.0im 3.9848534040610105e-16 + 0.0im; -1.8556397715200045e-16 + 0.0im -0.00012937336768508549 + 0.0im; 2.0226896009250232e-16 + 0.0im 1.3248551562852712e-16 + 0.0im; 7.536114804402817e-17 + 0.0im -1.086136895257634e-17 + 0.0im; 1.3480937640081633e-16 + 0.0im 4.73431345774844e-19 + 0.0im], 2, 13, 226, [-2.088359907164039e-15, -0.0016454143025436616, -0.680283169907676, 2.134342605520372, 0.697141842471034, -0.1307893433733406, -1.7494622434698608, -2.1404819460909827, -0.6381093910251285, 1.5398696672653356, 0.09005297379687147, 0.195475905119431, 0.06757466227094835, -0.023399105342908247, 1.3909934953493799, 1.7960938074652648, -1.7523281042307277, -5.679462126274123, -0.9033811102374824, 1.350246798420841, 0.9733016416051772, -0.454792419370578, -0.0008277991648011363, -0.9163720616936334, 0.04361952752432222, -1.0674321840801353, -0.2400892682419584, 1.5537582610313412, -0.48918284328892164, -0.510165433345856, 1.2667402438514352, -1.5058732178259273, -0.34104257955808454, -0.23839073310304423, 0.09389422204095293, 0.38830567406537586, 0.4067556295474123, -0.13707175723791584, -0.6698072038941795, 0.05450096162423702, 0.6665163810599023, -0.9791671735560096, 0.1656272038145835, 0.25464266928585794, 0.42856152568467404, -0.13339962774093042, -0.8602799909271106, -0.1700457438533212, 0.6061082791889745, -0.272725693558394, -0.17832007805663397, 0.4453575022822438, 0.5099509444513265, 0.4817902475532052, 0.014771335090061427, 0.18302256567672565, -0.18699204648282983, -0.8996992341019114, 0.8517770034862236, -0.7693492249860646, -0.37161691965523436, 0.9823635045436423, -0.6003354220693434, -0.6070627267981292, -0.3732447441922262, 0.15112871511992776, 0.10463149420912886])
The first 2 eigvals are: ComplexF64[-75.00967774927571 + 0.0im, -74.6879089901982 + 0.0im]
NEW E0 FROM FULL MATRIX: -75.00967774927571 + 0.0im
NEW E1 FROM FULL MATRIX: -74.6879089901982 + 0.0im
Omega tilde, projection removed
65-element Vector{Float64}:
  8.162078035753187e-5
 -1.9847386505970153e-16
 -0.0014722585760749958
  1.0999145755247637e-16
  6.863435699127277e-17
 -0.00616651776343396
 -0.002094316802797221
  2.0678480373840592e-17
 -3.726611462065934e-18
  5.813245281126881e-31
 -5.196746033149055e-6
 -1.4257900289102068e-18
  1.4305761771252692e-5
 -1.0665842493610002e-19
 -7.305233967173772e-19
  2.22339072648425e-5
  1.691587423165779e-5
 -3.868674833066527e-19
  2.454030712462224e-21
  2.861061808571568e-33
 -6.549879249769158e-6
  1.5281654418884376e-18
 -1.6226423653913054e-5
  1.0414723310957082e-5
  9.856030876470365e-19
  9.452149157687551e-19
  1.4976216403763265e-5
 -5.934758087562354e-33
  4.3187216459892983e-20
  0.0005427623510693597
 -5.9310898614120906e-18
 -7.69712237468579e-17
  0.0009758663376717028
  0.003150046551594598
  1.0871366770066244e-17
 -3.0566454206762998e-18
 -4.140884028695369e-32
 -0.0002195064620362848
  0.002690529892567279
  6.5317169404099155e-18
  2.11392544515941e-17
  0.0007476526087513699
 -4.338175831025119e-32
  6.994195106251649e-20
  0.00537871403961044
 -9.801171022934412e-17
 -1.4195486790535487e-16
  0.007712679289610412
  9.86635522014808e-32
 -4.118128660454698e-18
  0.006297921570898367
  0.005663366965378125
  1.3436066081002889e-16
 -6.297790298595747e-18
 -1.4979250436311476e-31
  0.007051063193956535
  1.0404876871016289e-16
 -5.100884117983055e-18
 -8.816081123876354e-32
  0.005474178612840753
 -8.648063133836331e-32
 -3.1167611927385154e-18
  0.001392476905486395
  1.6449540774823653e-17
 -0.0002606632409781417
Omega_tilde on L1: -1.620084697383715e-32
Omega_tilde on R1: -1.3861786094214344e-17
DIIS dimension: 3
t at step 3 : 
2×5 Matrix{Float64}:
 -0.000100909   0.00331269   -1.58417e-17  -0.0160772    2.37629e-17
  2.70143e-16  -4.76812e-16   0.001386     -8.60171e-16  2.83533e-30
t2 at step 3 : 
2×5×2×5 Array{Float64, 4}:
[:, :, 1, 1] =
 -0.000527965  -0.000410173  5.85513e-18  -7.08303e-5   -3.32995e-20
 -1.82958e-19   5.33004e-18  0.00018205    8.76058e-19  -1.9277e-32

[:, :, 2, 1] =
 -1.82958e-19   5.26618e-18  -0.000201703  -2.29155e-18   1.6917e-32
 -0.000374363  -0.000760545   9.64068e-19   0.000431039  -2.31016e-20

[:, :, 1, 2] =
 -0.000410173  -0.0321594     7.91182e-16  -0.0367928    -3.14686e-18
  5.26618e-18   4.24373e-18  -0.0317187    -5.24789e-16   1.57502e-31

[:, :, 2, 2] =
  5.33004e-18   4.24373e-18  -0.0209481    -3.96344e-16   2.29502e-31
 -0.000760545  -0.0200919    -3.71525e-16   0.00419491   -1.33634e-18

[:, :, 1, 3] =
  5.85513e-18   7.91182e-16  -0.0578611     1.25059e-15   5.903e-31
 -0.000201703  -0.0209481     1.18477e-15  -0.0508016    -5.8553e-18

[:, :, 2, 3] =
 0.00018205   -0.0317187     1.18477e-15  -0.0702137    -4.70627e-18
 9.64068e-19  -3.71525e-16  -0.0972183    -1.34515e-15   6.36732e-31

[:, :, 1, 4] =
 -7.08303e-5   -0.0367928     1.25059e-15  -0.0753978    -5.09308e-18
 -2.29155e-18  -3.96344e-16  -0.0702137    -9.44489e-16   4.60287e-31

[:, :, 2, 4] =
 8.76058e-19  -5.24789e-16  -0.0508016    -9.44489e-16   3.62379e-31
 0.000431039   0.00419491   -1.34515e-15  -0.0535386    -3.21124e-18

[:, :, 1, 5] =
 -3.32995e-20  -3.14686e-18   5.903e-31    -5.09308e-18  -0.026321
  1.6917e-32    2.29502e-31  -4.70627e-18   3.62379e-31  -9.44283e-17

[:, :, 2, 5] =
 -1.9277e-32    1.57502e-31  -5.8553e-18    4.60287e-31  -9.44283e-17
 -2.31016e-20  -1.33634e-18   6.36732e-31  -3.21124e-18  -0.013618
Module of t 0.016473704983833944
Module of t2 0.2105304181979597
 --------------Energy at step 3 : -75.01101496416916
 --------------E_2 at step 3 : 8.00236697416617
E1 - E0 83.01338193833533
 --------------Difference at step 3 : 0.006229544315047519
 --------------Module of omegas 0.03489570875709021
Omega_bj_0 0.003930120800200668
Omega_bjck_0 0.03467368800914452

######## END OF ITERATION 3 #########

global amplitudes = -(build_omega(F, g, L, t, t2, o, v)) = [0.0012755508263249753, -3.0224369241286487e-15, -0.000883190253663251, 8.391642768153385e-17, 6.631265250284113e-17, -0.004255293894811574, -0.0032314100550175306, -2.6114183882879477e-17, -1.1523709142098222e-17, -1.0602349584421608e-30, 0.00014421495589564425, -7.580577547330376e-17, 0.0003765239610151823, 7.389989903751582e-18, 2.243580476291137e-17, -0.00015501514041135699, -0.0004481144394479764, 2.508558315406229e-17, 4.987815692230596e-19, 4.215152597865281e-31, -7.752694178645778e-17, 0.00017245641645644697, 5.773182746774e-17, 0.0004230247901490201, -0.00023465273911063756, 8.000355382107337e-17, 6.369716113590177e-17, -0.0003266877344325955, -3.223462048956425e-31, 1.779290293795556e-19, 0.00037652396101515756, 5.646855381733405e-17, 0.0006171446123123755, -7.10966997345974e-18, 5.399131321058808e-17, -0.00024872331669448065, -0.0028830724762735423, -9.192347977269603e-18, 6.804180184372626e-18, -2.002559631800306e-32, 1.1606156259958259e-17, 0.00042302479014903055, -1.2096647265409213e-17, 0.001222010297021357, -0.002333960336414014, 3.321946760628619e-17, -3.6527173869455934e-17, -0.0018680559962777716, -1.2520451529696007e-31, 1.9684563663102336e-18, 3.67178388199049e-17, -0.0002346527391106253, 4.8876381989400155e-17, -0.0023339603364140936, -0.0005865644521230414, 1.1032790883978481e-16, 6.934518247269964e-17, -0.004646985160950004, -4.7923451382237025e-31, 8.171445098950009e-18, -0.00015501514041135772, 8.207769407028194e-17, -0.00024872331669444634, -5.086774394329433e-19, 7.653940706075916e-17, -0.0015842003035250343, -0.0020237792292829254, -4.6185664864203033e-17, 8.90497881457703e-18, -4.027420036510662e-31, -0.0004481144394479897, 6.455548327371578e-17, -0.002883072476273525, -2.1510836861868363e-17, 7.254228840357305e-17, -0.0020237792292826747, -0.0015442226402853922, -5.5006214260583784e-17, 7.106278765038098e-18, -2.3183874711325844e-31, 2.843822430004572e-17, -0.0003266877344326026, -2.9414539217251975e-18, -0.0018680559962778224, -0.0046469851609500755, -6.349404522682444e-17, -6.508076172597038e-17, -0.0009837991752938344, -1.0819898101739448e-31, 5.360049165943099e-18, 4.987815692230579e-19, -3.22211650887043e-31, 6.8041801843726294e-18, -1.2472262956311954e-31, -4.80039262940391e-31, 8.904978814577023e-18, 7.106278765038097e-18, -1.0781982185127414e-31, -3.864113689091505e-5, -1.244523331361781e-17, 4.213860323304464e-31, 1.779290293795557e-19, -1.893580083967569e-32, 1.9684563663102336e-18, 8.171445098950004e-18, -4.016184008562368e-31, -2.3246121906964986e-31, 5.360049165943095e-18, -1.881613721874675e-17, 0.0005798435347641833]
addition_t1 = reshape(amplitudes[1:n], (nv, no)) ./ pre_t[v, o] = [0.00012300090473632032 -0.0010468576138827816 1.2931693325611562e-16 -0.007069781054650398 -1.1008984600609637e-18; -2.899076797479632e-16 9.335270605673675e-17 -0.007491038235017795 -5.0971100891916534e-17 -2.3938339437707507e-30]
addition_t2 = reshape(amplitudes[n + 1:end], (nv, no, nv, no)) ./ pre_t2[v, o, v, o] = [6.953298012741625e-6 1.6788248889179973e-5 1.6869281921480151e-18 -2.0693673884517148e-5 2.323548829056006e-20; -1.86400740672927e-18 5.149515230719046e-19 -7.085883649343343e-6 1.306592800855752e-18 1.9448654288268175e-32;;; -1.86400740672927e-18 2.5054434166310765e-18 -1.0726191021891845e-5 2.9659984678109928e-18 -1.4877215840754137e-32; 8.270882206574202e-6 1.8677525949237247e-5 3.7329875670060965e-18 -1.4933820812211835e-5 7.987917691814713e-21;;;; 1.6788248889179973e-5 0.00036575501914012465 1.801628387586528e-17 -0.001108249998433286 3.038616272354598e-18; 2.5054434166310765e-18 -3.47090866425411e-18 -8.809293922487409e-5 -1.0846136485617613e-18 -8.656969579166875e-33;;; 5.149515230719046e-19 -3.47090866425411e-18 -0.0008266431503146014 -7.93177383471776e-18 -5.013110537299857e-32; 1.8677525949237247e-5 0.0006797117752025307 -1.733769906386989e-19 -0.0006618439315206417 7.703866272498253e-19;;;; 1.6869281921480151e-18 1.8016283875865277e-17 -0.000571932453632099 3.739812597612359e-17 -2.9072320110038048e-31; -1.0726191021891844e-5 -0.0008266431503146013 3.5407273203180864e-17 -0.0022665459458547747 4.871873694383024e-18;;; -7.085883649343341e-6 -8.809293922487407e-5 3.5407273203180864e-17 -0.0009870891445880878 5.3772344729148694e-18; 3.7329875670060965e-18 -1.733769906386989e-19 -0.0013944166183330468 -2.938493192433509e-17 -1.9669623797539188e-31;;;; -2.0693673884517148e-5 -0.001108249998433286 3.739812597612359e-17 -0.0016892495505948187 4.931765413536439e-18; 2.9659984678109928e-18 -7.93177383471776e-18 -0.0009870891445880876 -3.356731572715428e-17 -1.296984477147692e-31;;; 1.306592800855752e-18 -1.0846136485617612e-18 -0.0022665459458547743 -3.356731572715428e-17 -6.060488893833812e-32; -1.4933820812211835e-5 -0.0006618439315206416 -2.938493192433509e-17 -0.000960116679238092 3.173012886260179e-18;;;; 2.323548829056006e-20 3.038616272354598e-18 -2.9072320110038048e-31 4.931765413536439e-18 -4.466118864077319e-5; -1.4877215840754137e-32 -5.013110537299857e-32 5.3772344729148694e-18 -6.060488893833812e-32 -1.0220987085127342e-17;;; 1.9448654288268175e-32 -8.656969579166875e-33 4.871873694383024e-18 -1.296984477147692e-31 -1.0220987085127342e-17; 7.987917691814713e-21 7.703866272498253e-19 -1.9669623797539188e-31 3.173012886260179e-18 0.0005942692287034775]
(d, V, nconv, niter, nmult, resid) = eigs(A_imp, nev = n_ev, which = :SM, tol = 1.0e-12, maxiter = 1000) = (ComplexF64[0.3236500698703388 + 0.0im, 0.395248436571856 + 0.0im], ComplexF64[-5.630787309905825e-17 + 0.0im 8.466163187662422e-17 + 0.0im; -4.487694053555663e-17 + 0.0im -2.5591734968264236e-17 + 0.0im; -2.0626748040901312e-16 + 0.0im -3.984549388585439e-16 + 0.0im; 3.0535291520512384e-16 + 0.0im -6.567375789489467e-16 + 0.0im; -1.0890335563911872e-15 + 0.0im -2.4355131433140358e-14 + 0.0im; 3.0404108641459204e-16 + 0.0im -6.312198351163133e-15 + 0.0im; 1.4295072131390733e-15 + 0.0im 1.314829108642453e-14 + 0.0im; -1.749196892687305e-15 + 0.0im 6.974664704840166e-15 + 0.0im; 0.9589324504214125 + 0.0im 4.405913789732011e-15 + 0.0im; 5.253623829979605e-15 + 0.0im -0.9599585159315775 + 0.0im; -6.578900173652305e-17 + 0.0im -3.0284830716812423e-16 + 0.0im; -6.955968720636451e-17 + 0.0im -5.415880279621022e-17 + 0.0im; 4.256707926019484e-17 + 0.0im -1.924744219251896e-16 + 0.0im; 3.507916127636169e-17 + 0.0im -5.14477662150322e-17 + 0.0im; -1.263020690073447e-16 + 0.0im -3.333061129545071e-16 + 0.0im; 2.2187144862782473e-17 + 0.0im -7.492197433758848e-17 + 0.0im; 2.0296702713504083e-17 + 0.0im -9.20960937552264e-17 + 0.0im; 1.679869520055227e-17 + 0.0im -3.1197101744353294e-18 + 0.0im; 0.0002792079427452589 + 0.0im -2.36534028538251e-16 + 0.0im; 9.310586614161406e-17 + 0.0im -0.0001294883229371312 + 0.0im; 1.9455816124323481e-16 + 0.0im -2.8449507220884223e-16 + 0.0im; -1.0897204284323501e-16 + 0.0im 1.3659756336854408e-16 + 0.0im; -1.2116785768436419e-16 + 0.0im -8.700687690282975e-17 + 0.0im; 8.156202955088065e-18 + 0.0im -5.542477188638293e-17 + 0.0im; 2.201396060219258e-16 + 0.0im 5.348283627204244e-16 + 0.0im; -1.1507621747008117e-16 + 0.0im 1.0835730763412262e-16 + 0.0im; -1.141923817476787e-16 + 0.0im -2.371831408192829e-18 + 0.0im; 5.715152133531886e-18 + 0.0im -0.0003047120515824303 + 0.0im; -0.00031148475958579026 + 0.0im 2.0100906814547925e-18 + 0.0im; 1.537122112844262e-16 + 0.0im 9.782434505019095e-16 + 0.0im; 4.123098625391051e-16 + 0.0im -1.5303614108366448e-15 + 0.0im; -1.8106298361011912e-16 + 0.0im 1.2051428617712067e-15 + 0.0im; -2.110108360425595e-16 + 0.0im -3.756584874389013e-15 + 0.0im; -3.741434192360035e-16 + 0.0im -2.585079245989449e-15 + 0.0im; -4.7827726369200933e-17 + 0.0im 9.92576317094241e-16 + 0.0im; 0.0822212548351733 + 0.0im 1.927656935230647e-15 + 0.0im; 1.5984782315826274e-16 + 0.0im -0.058376625885087206 + 0.0im; 1.3041248728658836e-15 + 0.0im 3.808525633795338e-16 + 0.0im; -2.846936375022407e-16 + 0.0im -8.980239185184972e-16 + 0.0im; 2.3867028215981575e-16 + 0.0im 3.529954994359011e-16 + 0.0im; 8.971315256868726e-17 + 0.0im -2.858661160814049e-16 + 0.0im; -2.3751709838392396e-16 + 0.0im 2.652355521418813e-15 + 0.0im; 9.578664352440263e-17 + 0.0im -0.059125163105781975 + 0.0im; 0.014191318958231456 + 0.0im -1.5008397676855945e-15 + 0.0im; 2.7443978852238888e-17 + 0.0im 2.6429070365255118e-15 + 0.0im; -2.684829183841715e-16 + 0.0im -1.3665116730688218e-15 + 0.0im; 1.30587724285512e-16 + 0.0im 1.3440203336632971e-15 + 0.0im; -1.517364400559519e-17 + 0.0im -4.1699308485505605e-15 + 0.0im; -4.243321025159546e-15 + 0.0im -0.11606086428489679 + 0.0im; 0.13735019191576683 + 0.0im 1.8162059524303538e-15 + 0.0im; -3.9167796723656114e-16 + 0.0im 2.2824336788977862e-15 + 0.0im; 2.498791322489275e-16 + 0.0im 4.087964941469492e-15 + 0.0im; -5.563231193648871e-16 + 0.0im -7.289629220708082e-15 + 0.0im; 0.16073482435621866 + 0.0im -7.662451687270149e-16 + 0.0im; 1.613509680623309e-15 + 0.0im -0.1535002379735177 + 0.0im; -4.797303048301792e-16 + 0.0im -3.65820102198021e-15 + 0.0im; -4.461172549436809e-16 + 0.0im 1.9820242745934036e-15 + 0.0im; 0.14640125115830277 + 0.0im 6.229865514083153e-15 + 0.0im; 7.332480085089715e-16 + 0.0im -0.13572181472790978 + 0.0im; 5.136246213564669e-16 + 0.0im 7.652379911340893e-15 + 0.0im; 9.250574973130064e-16 + 0.0im -0.12697662951207078 + 0.0im; 0.08574711043335753 + 0.0im -8.662028073904226e-15 + 0.0im; 1.4774136383790475e-16 + 0.0im 4.454776940768045e-15 + 0.0im; -3.7065207328443834e-16 + 0.0im -2.486643624155497e-15 + 0.0im; -1.4159086112705104e-16 + 0.0im -1.794695785173509e-15 + 0.0im], 2, 10, 180, [-0.3531085537801609, -0.16174805087869734, -0.20503887227840253, 0.40974970868493027, 1.4301717114665664, 0.4131996836087893, 0.11539471355288626, -1.6863082760865882, 0.217629503146999, 0.027539558959763833, 0.00797494136792361, 0.004348764647325874, -0.025782346594063196, 0.5449891374886967, 0.11236733230360799, -0.07050869336476323, -0.09481540935498166, -0.3567185218508051, -0.11325306209266663, 0.004674787582418662, 0.030912828033520485, -0.4974866106038868, 0.7444328488260168, -0.05961076590563729, -0.20537596486804577, -0.2984879756495011, -0.21146329020464186, 0.019175037591266514, -0.7402509814761598, -0.9933943062079481, 2.5030060778044647, 1.0384606766226272, 1.647984699043377, 0.33000577796983444, 1.0493850401526807, -0.13579568030853884, 0.34406585323769, -1.1548098284736683, 0.8334811590763354, -0.3823428829974983, 0.06626912290904442, -0.48136259087057365, 0.31593149705573087, -0.07872650508444062, -0.5538756905243628, -0.2698110093160519, 0.22018838775285174, 0.7952573760869353, -0.04557988053940671, -0.5373262707058593, -0.7834997968540559, 0.5967712355487168, 0.27668687284982235, -0.18696885189809678, -0.0628423311509397, -0.10599005787456638, -0.6722088882357488, -0.45314283481395257, -0.20096519933816043, -0.2582057799739391, -0.18110791452770572, -0.3080392356611608, -0.2812600648611712, -0.7429764353714388, 0.10954954154007897])
[5.630787309905825e-17, 4.487694053555663e-17, 2.0626748040901312e-16, -3.0535291520512384e-16, 1.0890335563911872e-15, -3.0404108641459204e-16, -1.4295072131390733e-15, 1.749196892687305e-15, -0.9589324504214125, -5.253623829979605e-15, 6.578900173652305e-17, 6.955968720636451e-17, -4.256707926019484e-17, -3.507916127636169e-17, 1.263020690073447e-16, -2.2187144862782473e-17, -2.0296702713504083e-17, -1.679869520055227e-17, -0.0002792079427452589, -9.310586614161406e-17, -1.9455816124323481e-16, 1.0897204284323501e-16, 1.2116785768436419e-16, -8.156202955088065e-18, -2.201396060219258e-16, 1.1507621747008117e-16, 1.141923817476787e-16, -5.715152133531886e-18, 0.00031148475958579026, -1.537122112844262e-16, -4.123098625391051e-16, 1.8106298361011912e-16, 2.110108360425595e-16, 3.741434192360035e-16, 4.7827726369200933e-17, -0.0822212548351733, -1.5984782315826274e-16, -1.3041248728658836e-15, 2.846936375022407e-16, -2.3867028215981575e-16, -8.971315256868726e-17, 2.3751709838392396e-16, -9.578664352440263e-17, -0.014191318958231456, -2.7443978852238888e-17, 2.684829183841715e-16, -1.30587724285512e-16, 1.517364400559519e-17, 4.243321025159546e-15, -0.13735019191576683, 3.9167796723656114e-16, -2.498791322489275e-16, 5.563231193648871e-16, -0.16073482435621866, -1.613509680623309e-15, 4.797303048301792e-16, 4.461172549436809e-16, -0.14640125115830277, -7.332480085089715e-16, -5.136246213564669e-16, -9.250574973130064e-16, -0.08574711043335753, -1.4774136383790475e-16, 3.7065207328443834e-16, 1.4159086112705104e-16]
(d, V, nconv, niter, nmult, resid) = eigs(A_imp, nev = n_ev, which = :SM, tol = 1.0e-12, maxiter = 1000) = (ComplexF64[0.3236500698703326 + 0.0im, 0.3952484365718645 + 0.0im], ComplexF64[-1.5874630026927722e-16 + 0.0im -1.2558968827295638e-16 + 0.0im; -1.0193746422182864e-16 + 0.0im 4.771193310275457e-17 + 0.0im; 8.003404449042549e-16 + 0.0im 1.0872486970200723e-15 + 0.0im; 2.0181497024542798e-16 + 0.0im -4.820113280353633e-16 + 0.0im; -1.5965671007087996e-15 + 0.0im 3.478936218637743e-16 + 0.0im; 2.6133973318149724e-15 + 0.0im -2.836543731105773e-16 + 0.0im; -7.244145104903155e-15 + 0.0im -8.361710440625261e-16 + 0.0im; -1.2409448782619158e-16 + 0.0im 1.0127129136900589e-14 + 0.0im; -0.9553526538571468 + 0.0im 1.2270644310811972e-14 + 0.0im; 1.8017282289399352e-14 + 0.0im 0.9605622309877491 + 0.0im; 2.628613223337724e-16 + 0.0im -2.4778601806493185e-16 + 0.0im; 1.0263497026214477e-16 + 0.0im 1.4722104883981888e-16 + 0.0im; -2.0134758698644578e-16 + 0.0im -5.5092233727334705e-17 + 0.0im; -6.04633745948672e-17 + 0.0im -3.2961601543227954e-17 + 0.0im; 1.1506475406252255e-16 + 0.0im 1.8295018398949797e-17 + 0.0im; -7.578994797940116e-17 + 0.0im -3.023578852153737e-17 + 0.0im; -8.455805634276178e-17 + 0.0im -1.4575256303243472e-16 + 0.0im; -8.671658966276281e-18 + 0.0im -1.4339796152814417e-16 + 0.0im; -0.00024933009680889876 + 0.0im 2.9551607978532887e-17 + 0.0im; 4.8543865238177984e-17 + 0.0im -6.151362389048164e-5 + 0.0im; -2.21567901897338e-16 + 0.0im 8.030047368190033e-17 + 0.0im; 2.5747179868708726e-17 + 0.0im -1.9696835094675787e-17 + 0.0im; 5.15846745611985e-17 + 0.0im -3.1824911120875244e-16 + 0.0im; 1.0022853170184115e-16 + 0.0im -2.9185988214539584e-17 + 0.0im; -6.99330101105166e-17 + 0.0im -6.15222539438414e-17 + 0.0im; -4.500459265590962e-17 + 0.0im 1.7520925991921495e-16 + 0.0im; -2.1585332204191316e-17 + 0.0im 2.074227234638142e-17 + 0.0im; -1.3891972174554179e-16 + 0.0im 0.0004593054475668986 + 0.0im; 0.00031955283868669005 + 0.0im 1.4733891003627224e-16 + 0.0im; 1.5835551855788128e-16 + 0.0im 4.911372958229889e-16 + 0.0im; -1.348579048465997e-16 + 0.0im 7.397174955432503e-16 + 0.0im; -9.761985993355083e-17 + 0.0im -5.253798180280795e-16 + 0.0im; 3.5363860832735674e-16 + 0.0im 8.656512030175665e-16 + 0.0im; 4.725475759929608e-16 + 0.0im -3.816023632066999e-16 + 0.0im; 1.491772396725433e-16 + 0.0im 2.3183693760085414e-16 + 0.0im; -0.0852342075971849 + 0.0im 9.02539682015267e-16 + 0.0im; 6.231205624828043e-16 + 0.0im 0.06953099675954756 + 0.0im; 1.8037069776685926e-15 + 0.0im 5.190239572172009e-16 + 0.0im; -9.385778104754144e-18 + 0.0im -4.879862015068595e-16 + 0.0im; 1.5071601575134945e-16 + 0.0im -9.004238024575156e-16 + 0.0im; -9.249043464971138e-17 + 0.0im -1.2346156197181444e-16 + 0.0im; -4.72925940867022e-16 + 0.0im -7.613923708000107e-16 + 0.0im; 2.3604819407871054e-15 + 0.0im 0.0525096094313089 + 0.0im; -0.016901180476159378 + 0.0im 1.172007523195247e-15 + 0.0im; 1.829006070630944e-15 + 0.0im 2.168764415618108e-15 + 0.0im; -2.4495465578357925e-16 + 0.0im -3.3418313161592927e-16 + 0.0im; -2.4913601820940375e-16 + 0.0im -4.515611516752018e-16 + 0.0im; -3.093448793019715e-16 + 0.0im -3.786597352640343e-15 + 0.0im; 6.69745975575145e-15 + 0.0im 0.10887075031427369 + 0.0im; -0.08432250327388889 + 0.0im 4.563687617058449e-16 + 0.0im; -2.024229192565654e-16 + 0.0im -1.1826002338022304e-15 + 0.0im; -1.2997640821369898e-15 + 0.0im 1.2451772754985914e-15 + 0.0im; -3.164745518678144e-16 + 0.0im 8.81146603483548e-16 + 0.0im; -0.21652251792041338 + 0.0im 3.96104902156642e-15 + 0.0im; 1.7998919888404776e-15 + 0.0im 0.15581421966496356 + 0.0im; -1.0146030948811743e-15 + 0.0im -2.0026305116822363e-15 + 0.0im; -2.994110446115084e-16 + 0.0im 1.8151775990610178e-15 + 0.0im; -0.14226836805648427 + 0.0im 2.236600279390566e-15 + 0.0im; 2.862798741195067e-15 + 0.0im 0.162079364357553 + 0.0im; -1.6475662947618622e-15 + 0.0im -6.547796767563414e-16 + 0.0im; 1.436124513396914e-15 + 0.0im 0.08560102445103168 + 0.0im; -0.07428356862697573 + 0.0im 5.813408543443101e-15 + 0.0im; 2.859079011077137e-16 + 0.0im 1.8386442152755103e-15 + 0.0im; -1.1214600836403972e-17 + 0.0im -9.71228881074644e-16 + 0.0im; 4.596940275746397e-16 + 0.0im -3.097404506932684e-16 + 0.0im], 2, 9, 162, [-0.06297533755489772, 0.11010978395081394, -0.19016179320312504, 0.3234678647272186, 0.583427514681923, 0.29358441962635823, -0.1360108738074886, -1.0818320043961187, 0.07808010127297207, 0.04029956261026112, 0.003040718614374277, 0.0043108004908586515, 0.13901086393820447, 0.2502648686517853, 0.01652373964597243, 0.04021847343027065, -0.004013187353714246, 0.03313094925249098, -0.1277549130075693, -0.01837161017577963, -0.004964559700538843, 0.0313509202747271, -0.2925778699644065, -0.020512153371432293, -0.14329054274416045, -0.11532851627235721, 0.01910971823309825, 0.012449881286824888, 0.09854071900252802, 0.08708940932896057, 0.19819928750799073, -0.19848607931714252, -0.1370131327490379, 0.08829102773244325, -0.1587187535707791, -0.23990239382186068, 0.4556546712708958, -0.3669275158484371, 0.13997117196227157, 0.06427609196459957, 0.10385586254961536, 0.12948449317734842, 0.3828981239766362, -0.3589636003837387, -0.3033364419900012, 0.13474784642408283, 0.02737591422212454, 0.9836706682295144, -0.41583986134278167, 0.13158489551030572, 0.14978001977280497, -0.3471989449164483, -0.25113017176963803, -0.021505351005084605, -0.0583506479845662, 0.279495371927642, -0.34420806029131595, -0.22156179080363286, 0.19342329898278687, 0.38913775739048234, -0.7884287363521799, -0.30873357160137616, -0.35140006588930445, 0.4819688625548924, 0.276623324218785])
[1.5874630026927722e-16, 1.0193746422182864e-16, -8.003404449042549e-16, -2.0181497024542798e-16, 1.5965671007087996e-15, -2.6133973318149724e-15, 7.244145104903155e-15, 1.2409448782619158e-16, 0.9553526538571468, -1.8017282289399352e-14, -2.628613223337724e-16, -1.0263497026214477e-16, 2.0134758698644578e-16, 6.04633745948672e-17, -1.1506475406252255e-16, 7.578994797940116e-17, 8.455805634276178e-17, 8.671658966276281e-18, 0.00024933009680889876, -4.8543865238177984e-17, 2.21567901897338e-16, -2.5747179868708726e-17, -5.15846745611985e-17, -1.0022853170184115e-16, 6.99330101105166e-17, 4.500459265590962e-17, 2.1585332204191316e-17, 1.3891972174554179e-16, -0.00031955283868669005, -1.5835551855788128e-16, 1.348579048465997e-16, 9.761985993355083e-17, -3.5363860832735674e-16, -4.725475759929608e-16, -1.491772396725433e-16, 0.0852342075971849, -6.231205624828043e-16, -1.8037069776685926e-15, 9.385778104754144e-18, -1.5071601575134945e-16, 9.249043464971138e-17, 4.72925940867022e-16, -2.3604819407871054e-15, 0.016901180476159378, -1.829006070630944e-15, 2.4495465578357925e-16, 2.4913601820940375e-16, 3.093448793019715e-16, -6.69745975575145e-15, 0.08432250327388889, 2.024229192565654e-16, 1.2997640821369898e-15, 3.164745518678144e-16, 0.21652251792041338, -1.7998919888404776e-15, 1.0146030948811743e-15, 2.994110446115084e-16, 0.14226836805648427, -2.862798741195067e-15, 1.6475662947618622e-15, -1.436124513396914e-15, 0.07428356862697573, -2.859079011077137e-16, 1.1214600836403972e-17, -4.596940275746397e-16]
Projection L1|R2: 2.367442468975723e-14
scalar = l1_vec' * r1_vec = -0.9969490334177966
Check <L1|R1>: 1.0
t before projection
65-element Vector{Float64}:
  2.2092131923111735e-5
 -1.9765158166376107e-17
  0.002265834393713209
 -3.834597738933449e-16
  1.1347523982195968e-16
 -0.0061050354430247904
 -0.02314702712595757
 -9.111416733174786e-16
  2.2662044070623967e-17
  4.4149123694417815e-31
 -0.0005210119387600974
 -2.0469653887994407e-18
 -0.00039338493725281777
  5.8449890602129056e-18
  7.542061516460216e-18
  0.00017496423659930392
 -9.152398291253826e-5
  2.1826510587760134e-18
 -1.0063976002207403e-20
  1.716104195795202e-34
 -0.00036609173013605066
  7.771625412483392e-18
 -0.000741867249743117
 -0.00021242944423787674
  4.697055721242228e-18
  6.744522986826506e-19
  0.0004161055309153428
  2.0397860688808033e-33
 -1.511367268313647e-20
 -0.03179367145232303
  7.728214947465528e-19
  8.091981777906055e-16
 -0.031806840218435106
 -0.03790105912668072
 -5.258736739453521e-16
 -1.0824430823248511e-19
  1.488445388225421e-31
 -0.019412174873688237
 -0.02177471893222892
 -3.7169868153619725e-16
 -4.0427553230168604e-16
  0.0035330688922359807
  1.7937091043012676e-31
 -5.65956269579314e-19
 -0.05843299250907183
  1.2201795195015544e-15
  1.2879927074400112e-15
 -0.053068176698775595
  2.9957651488754207e-31
 -9.834274825366196e-19
 -0.09861269024670441
 -0.07120076522006513
 -1.3745337915297947e-15
  6.7096438148722615e-19
  4.400357543105846e-31
 -0.07708705380279088
 -9.780561456575549e-16
 -1.613103499939831e-19
  3.30588251966644e-31
 -0.05449872859734926
  3.0177441746025407e-31
 -3.8232065132868494e-20
 -0.026365678998205504
 -1.0464926085884133e-16
 -0.01302374183072531
t after projection
65-element Vector{Float64}:
  2.2092131923111735e-5
 -1.9765158166376117e-17
  0.002265834393713209
 -3.8345977389334487e-16
  1.134752398219594e-16
 -0.0061050354430247904
 -0.02314702712595757
 -9.11141673317479e-16
  2.512681895588768e-16
  1.693936800851285e-30
 -0.0005210119387600974
 -2.0469653887994573e-18
 -0.00039338493725281777
  5.844989060212914e-18
  7.542061516460186e-18
  0.00017496423659930392
 -9.152398291253826e-5
  2.1826510587760173e-18
  5.649822194265125e-20
  2.2367723578150698e-32
 -0.00036609173013605066
  7.771625412483366e-18
 -0.000741867249743117
 -0.00021242944423787674
  4.6970557212422805e-18
  6.744522986826232e-19
  0.0004161055309153428
  3.402258367687175e-33
 -8.937055098144607e-20
 -0.03179367145232303
  7.728214947466511e-19
  8.091981777906055e-16
 -0.031806840218435106
 -0.03790105912668072
 -5.258736739453521e-16
  1.949301554778357e-17
  1.8695170132480124e-31
 -0.019412174873688237
 -0.02177471893222892
 -3.716986815361972e-16
 -4.0427553230168604e-16
  0.0035330688922359807
  2.022061115496091e-31
  2.8172045828977865e-18
 -0.05843299250907183
  1.2201795195015544e-15
  1.2879927074400112e-15
 -0.053068176698775595
 -7.12016390540455e-31
  3.176037834251038e-17
 -0.09861269024670441
 -0.07120076522006513
 -1.374533791529795e-15
  3.8989584869988315e-17
  8.24690824261735e-31
 -0.07708705380279088
 -9.78056145657555e-16
  3.474023637235258e-17
  5.053920150872987e-31
 -0.05449872859734926
  5.223048924929864e-31
  2.0403579445480817e-17
 -0.026365678998205504
 -1.0464926085884142e-16
 -0.01302374183072531
Omega original restricted
65-element Vector{Float64}:
  0.0012755508263249753
 -3.0224369241286487e-15
 -0.000883190253663251
  8.391642768153385e-17
  6.631265250284113e-17
 -0.004255293894811574
 -0.0032314100550175306
 -2.6114183882879477e-17
 -1.1523709142098222e-17
 -1.0602349584421608e-30
  0.00014421495589564425
 -7.752694178645778e-17
  0.00037652396101515756
  1.1606156259958259e-17
  3.67178388199049e-17
 -0.00015501514041135772
 -0.0004481144394479897
  2.843822430004572e-17
  4.987815692230579e-19
  4.213860323304464e-31
  0.00017245641645644697
  5.646855381733405e-17
  0.00042302479014903055
 -0.0002346527391106253
  8.207769407028194e-17
  6.455548327371578e-17
 -0.0003266877344326026
 -3.22211650887043e-31
  1.779290293795557e-19
  0.0006171446123123755
 -1.2096647265409213e-17
  4.8876381989400155e-17
 -0.00024872331669444634
 -0.002883072476273525
 -2.9414539217251975e-18
  6.8041801843726294e-18
 -1.893580083967569e-32
  0.001222010297021357
 -0.0023339603364140936
 -5.086774394329433e-19
 -2.1510836861868363e-17
 -0.0018680559962778224
 -1.2472262956311954e-31
  1.9684563663102336e-18
 -0.0005865644521230414
  7.653940706075916e-17
  7.254228840357305e-17
 -0.0046469851609500755
 -4.80039262940391e-31
  8.171445098950004e-18
 -0.0015842003035250343
 -0.0020237792292826747
 -6.349404522682444e-17
  8.904978814577023e-18
 -4.016184008562368e-31
 -0.0015442226402853922
 -6.508076172597038e-17
  7.106278765038097e-18
 -2.3246121906964986e-31
 -0.0009837991752938344
 -1.0781982185127414e-31
  5.360049165943095e-18
 -3.864113689091505e-5
 -1.881613721874675e-17
  0.0005798435347641833
Omega restricted
65-element Vector{Float64}:
 -0.00012300090473632032
  2.899076797479632e-16
  0.0010468576138827816
 -9.335270605673675e-17
 -1.2931693325611562e-16
  0.007491038235017795
  0.007069781054650398
  5.0971100891916534e-17
  1.1008984600609637e-18
  2.3938339437707507e-30
 -6.953298012741625e-6
  1.86400740672927e-18
 -1.6788248889179973e-5
 -5.149515230719046e-19
 -1.6869281921480151e-18
  7.085883649343341e-6
  2.0693673884517148e-5
 -1.306592800855752e-18
 -2.323548829056006e-20
 -1.9448654288268175e-32
 -8.270882206574202e-6
 -2.5054434166310765e-18
 -1.8677525949237247e-5
  1.0726191021891844e-5
 -3.7329875670060965e-18
 -2.9659984678109928e-18
  1.4933820812211835e-5
  1.4877215840754137e-32
 -7.987917691814713e-21
 -0.00036575501914012465
  3.47090866425411e-18
 -1.8016283875865277e-17
  8.809293922487407e-5
  0.001108249998433286
  1.0846136485617612e-18
 -3.038616272354598e-18
  8.656969579166875e-33
 -0.0006797117752025307
  0.0008266431503146013
  1.733769906386989e-19
  7.93177383471776e-18
  0.0006618439315206416
  5.013110537299857e-32
 -7.703866272498253e-19
  0.000571932453632099
 -3.5407273203180864e-17
 -3.739812597612359e-17
  0.0022665459458547743
  2.9072320110038048e-31
 -4.871873694383024e-18
  0.0013944166183330468
  0.0009870891445880876
  2.938493192433509e-17
 -5.3772344729148694e-18
  1.9669623797539188e-31
  0.0016892495505948187
  3.356731572715428e-17
 -4.931765413536439e-18
  1.296984477147692e-31
  0.000960116679238092
  6.060488893833812e-32
 -3.173012886260179e-18
  4.466118864077319e-5
  1.0220987085127342e-17
 -0.0005942692287034775
Omega resricted on L22.017193360693182e-17
Omega resricted on L1 (<L1|H|HF>): -3.4979552909971257e-17
Omega resricted on R1 (<R1|H|HF>): -3.4979552909971257e-17
<L1[D]|R1[S]H[S]|HF> additional: -0.0010576379479523997
<L1|H|R1> with nuclear repulsion : -74.68918738241933
<HF|H|R1>: -7.352265027301814e-17
L1 * A * R1: 0.3236500698703366
Reduced matrix[-75.01177981434172 -7.352265027301814e-17; -2.632331576439222e-17 -74.68918738241933]
Matrix
2×2 Matrix{Float64}:
 -75.0118        -7.35227e-17
  -2.63233e-17  -74.6892
NEW E0 FROM MATRIX: -75.01177981434172
NEW E1 FROM MATRIX: -74.68918738241933
[1.0 -2.279118881831266e-16; 0.0 1.0]
Evaluating remaining element <mu_tilde|H|R1>
Norm of element <mu_tilde|H|R1>: 0.0040569459038129
65-element Vector{Float64}:
  5.955334335805209e-20
  4.746355529840798e-20
  2.1815631470910045e-19
 -3.229528306388303e-19
  1.151803215832879e-18
 -3.2156539072874735e-19
 -1.511901075487563e-18
  1.850017012146515e-18
 -0.001014203349088669
 -5.556431926853456e-18
  1.5305094500039399e-19
  1.4009391116474718e-19
  1.8685442423936932e-19
 -4.89751924792932e-19
  1.747949908985676e-18
 -6.683208204170289e-19
 -2.2361375131071067e-18
  2.575217967734248e-18
 -0.0014218032966686553
 -7.886370472635398e-18
 -2.0577209441481317e-19
  5.636079026886301e-20
  1.2815172435993875e-19
 -8.626309759562847e-21
 -3.8756295216387267e-19
  4.5524851966206436e-20
  1.2077419629849268e-19
  2.696354446516371e-15
  3.2943810194676177e-7
 -4.3325745647026177e-19
 -3.5358780190614084e-20
 -1.2376437412324611e-18
 -8.903954476836731e-20
  1.9214915584719053e-18
 -2.2448932293967475e-18
  0.001171450334735988
  6.725289147544144e-18
 -1.379291954411563e-18
  3.0110279456298036e-19
  8.004250691881725e-19
  4.2349007096950875e-19
  2.512070965384187e-19
 -1.736900629933673e-17
 -1.5009277461721902e-5
 -2.902579347688302e-20
 -3.4710120224519695e-18
 -1.9868828516425965e-18
  1.6048221709094868e-20
 -3.7750986347316456e-17
 -0.00014526677512865992
  1.4625821341362015e-18
  5.1807827619682215e-18
 -5.4428136010336875e-18
  0.0031363840273748414
  1.6407899270907253e-17
  2.934145175211371e-18
 -2.497646187186331e-18
  0.0014730661814825567
  8.143161273629942e-18
 -5.432288905493142e-19
  1.6729228937513778e-17
 -9.068939792158406e-5
 -7.95800738416556e-17
  3.920156981920316e-19
  1.4975186781122746e-19
Evaluating remaining element <HF|H|nu_tilde>
Norm of element <HF|H|nu_tilde>: 0.631097504859953
65-element Vector{Float64}:
  0.00030567595066996624
 -4.981947456111614e-15
 -0.0036703349632585427
  1.1899472325057546e-15
  2.6253150303858075e-16
 -0.008203069524972842
 -0.005929763038016484
  6.147389059509214e-16
 -5.3065681110894197e-17
  1.4301326429174248e-30
  0.05239336012754763
 -4.987329993433313e-18
  0.019651963684992408
 -2.645453300864631e-16
  4.77048955893622e-17
 -0.029156979521037844
 -0.003541965152492765
 -1.3140530330524314e-16
 -1.8387509186275704e-20
  3.5799960751969276e-33
  0.039043531449969804
 -1.5525775109992423e-16
  0.03820659895705575
  0.02369421286935847
  2.2724877535296173e-16
  4.917941054394248e-16
 -0.0224954053985897
 -1.0245003280566032e-32
  2.3566271509353863e-20
  0.19030556275555352
 -1.986258379993444e-16
 -2.581268532253489e-15
  0.2150135516546591
  0.1205037915945526
  2.8622937353617317e-15
 -6.285822671377681e-18
  4.595367833026453e-32
  0.1356328370711587
 -0.016737182000169673
  1.797173521111972e-15
  9.992007221626409e-16
 -0.03437710461989834
  1.7408000047233653e-31
 -1.246422374361315e-18
  0.14998000751864307
 -3.5318969970887792e-15
 -3.1988300897012323e-15
  0.01676122299106253
  4.939219306443406e-31
 -6.218586618312569e-18
  0.31889801799346934
  0.2912998997620643
  3.899658373995862e-15
 -1.5968027278907515e-17
  1.3273780784064225e-31
  0.19114032976697187
  2.2273849431542203e-15
 -1.0491958083023102e-17
  2.1112468500956385e-31
  0.14190557721937125
  1.059108106911023e-31
 -5.478238760580742e-18
  0.06920626869936716
  8.153200337090993e-17
  0.0500826884913902
Evaluating remaining element <L1|H|nu_tilde>
Norm of element <L1|H|nu_tilde>: 0.00032596045289267787
65-element Vector{Float64}:
  8.72877493207311e-19
  3.2907628126460444e-19
 -8.767656750057712e-18
 -6.205012039995066e-20
 -1.2274854282706262e-19
 -1.288077267406316e-17
 -1.4029393732922586e-17
  1.2634732646133579e-18
  8.942328720069784e-5
  3.709988696297969e-18
  2.7886291097153543e-19
  1.0888283723398675e-19
 -2.1360454906652039e-19
 -6.414406081879759e-20
  1.2206927966129416e-19
 -8.040363385633635e-20
 -8.970549766882948e-20
 -9.199543092983706e-21
 -2.645079769501379e-7
  5.149895560876511e-20
 -2.3505576838912856e-19
  2.7314530200753516e-20
  5.472487310776545e-20
  1.0632990759016368e-19
 -7.419015699714791e-20
 -4.774423107854352e-20
 -2.2899331553636692e-20
 -1.4737640993880155e-19
  3.390055030318884e-7
  1.6799535390522597e-19
 -1.4306733139420645e-19
 -1.0356243386441334e-19
  3.75166231663665e-19
  5.013137400511712e-19
  1.58258350587469e-19
 -9.042280938814766e-5
  6.610528030424125e-19
  1.913506992457636e-18
 -9.957133977669126e-21
  1.5989079910769818e-19
 -9.812075665772952e-20
 -5.017151377511194e-19
  2.5041754315905294e-18
 -1.7930033770630335e-5
  1.9403461586224574e-18
 -2.598661825230538e-19
 -2.6430208388556704e-19
 -3.281761377839754e-19
  7.10516521419629e-18
 -8.945560539144542e-5
 -2.147453418025716e-19
 -1.378886754060883e-18
 -3.35739826607926e-19
 -0.00022970324847374965
  1.9094597675540754e-18
 -1.0763666940700836e-18
 -3.176375844726781e-19
 -0.0001509289038918594
  3.0370705869067085e-18
 -1.747861301528765e-18
  1.5235480776244632e-18
 -7.88055542015769e-5
  3.033124419553121e-19
 -1.1897285636615804e-20
  4.876777364869219e-19
Building the whole matrix...
(d, V, nconv, niter, nmult, resid) = eigs(A_imp, nev = n_ev, which = :SM, tol = 1.0e-12, maxiter = 1000) = (ComplexF64[1.1051291776594809e-15 + 0.0im, 0.32259351306013184 + 0.0im], ComplexF64[-1.0000000000000009 + 0.0im -6.569773426781554e-16 + 0.0im; -3.362695893222482e-16 + 0.0im 0.9999933214032035 + 0.0im; 2.972086141255888e-18 + 0.0im 3.2360302824887884e-16 + 0.0im; 8.990181564974158e-17 + 0.0im 2.900150091000174e-17 + 0.0im; -1.1921112182475677e-16 + 0.0im 5.740375302110076e-16 + 0.0im; -1.7815438247689938e-17 + 0.0im -4.939776122216594e-16 + 0.0im; -1.652946401273819e-16 + 0.0im -1.1529076663124723e-15 + 0.0im; -7.066671777224484e-17 + 0.0im -1.3543062152773481e-15 + 0.0im; -4.491522015695543e-16 + 0.0im -2.5322052507314043e-16 + 0.0im; 3.923846210301237e-17 + 0.0im 1.030193500873931e-15 + 0.0im; -1.201411302839324e-16 + 0.0im 0.000980232553153457 + 0.0im; 8.339150957282559e-17 + 0.0im -4.048021521608595e-17 + 0.0im; 2.0919439236367135e-16 + 0.0im -1.4007345654780758e-16 + 0.0im; -4.150786057753343e-17 + 0.0im 5.3546876866442287e-17 + 0.0im; 1.4487087862381844e-17 + 0.0im 1.7429429378777834e-16 + 0.0im; -1.6319584016421163e-16 + 0.0im 9.167067441327742e-17 + 0.0im; 2.0602308022746654e-16 + 0.0im -3.392288880340499e-17 + 0.0im; 1.7586860122718594e-16 + 0.0im -5.59842459216434e-17 + 0.0im; 2.5833088163612588e-17 + 0.0im -4.089756448295782e-17 + 0.0im; -8.61197125495132e-17 + 0.0im -2.2200343605195255e-17 + 0.0im; 2.283024223953444e-17 + 0.0im 6.517567755142161e-5 + 0.0im; -4.504338616380716e-18 + 0.0im 8.559785127057544e-18 + 0.0im; 4.455519407563259e-17 + 0.0im 2.9772518030139085e-17 + 0.0im; -2.870758438517097e-16 + 0.0im -7.066523805543037e-17 + 0.0im; -5.028475507144753e-17 + 0.0im 1.317100161962212e-16 + 0.0im; 3.435954946213001e-17 + 0.0im 1.0196950074381483e-18 + 0.0im; 4.387193804582309e-17 + 0.0im 2.7077126027771963e-18 + 0.0im; -7.272652610357791e-18 + 0.0im -3.1885087776315187e-17 + 0.0im; -1.484117258041496e-17 + 0.0im 1.3643786553270322e-17 + 0.0im; 8.534110864519871e-17 + 0.0im -1.309092024293372e-16 + 0.0im; 3.6902130571373314e-17 + 0.0im -2.0988456799166183e-6 + 0.0im; -3.3157811022015944e-16 + 0.0im -1.6276991717091772e-16 + 0.0im; 1.3298322925521416e-16 + 0.0im 6.304965007922028e-17 + 0.0im; 2.1753653258764658e-16 + 0.0im 1.6582486955874493e-17 + 0.0im; -1.9275712623158071e-16 + 0.0im 2.8130738512643824e-16 + 0.0im; 3.9453287830958364e-17 + 0.0im -7.567744455994826e-17 + 0.0im; -6.495124566709839e-17 + 0.0im 2.8759863452158256e-16 + 0.0im; -2.4542118230215836e-16 + 0.0im -0.000729303357766451 + 0.0im; 2.762777091777864e-16 + 0.0im -7.555098987893129e-16 + 0.0im; 7.018092350079045e-16 + 0.0im 4.480009721213788e-16 + 0.0im; 1.1124908351555823e-16 + 0.0im 3.284732533759624e-16 + 0.0im; -8.118439839100528e-17 + 0.0im 5.114876881988365e-16 + 0.0im; -1.9274856205184606e-18 + 0.0im 6.177410845050883e-16 + 0.0im; 1.0045834261916604e-16 + 0.0im -2.7800086687587635e-16 + 0.0im; -1.8395792299029553e-16 + 0.0im 6.529600514452084e-16 + 0.0im; -8.878923841532518e-17 + 0.0im -0.00017342635373126508 + 0.0im; 3.983569501686368e-17 + 0.0im 6.016775735897206e-16 + 0.0im; 1.122783170706159e-16 + 0.0im -2.1217391180401143e-16 + 0.0im; -2.2633552863992986e-16 + 0.0im 2.689805799843465e-16 + 0.0im; 1.0949982632872446e-16 + 0.0im -2.0354642412332327e-15 + 0.0im; 2.5475358158060006e-16 + 0.0im 1.3195567089017914e-16 + 0.0im; 2.742293484684762e-18 + 0.0im 0.0002109692352212819 + 0.0im; 4.429336285746752e-17 + 0.0im -5.27381213884197e-17 + 0.0im; 1.3358680684523704e-16 + 0.0im -4.487351424713596e-16 + 0.0im; 1.9624499668521227e-16 + 0.0im 1.5613613266144908e-16 + 0.0im; -2.418654555844183e-16 + 0.0im -0.003109391970222038 + 0.0im; -1.1025193771203811e-17 + 0.0im -3.7161076015469247e-16 + 0.0im; 9.780917850064365e-17 + 0.0im 1.876550038317005e-16 + 0.0im; -1.644517814592682e-16 + 0.0im 4.790822006180931e-16 + 0.0im; 1.4352991043649129e-16 + 0.0im -0.0014491317079478661 + 0.0im; -1.4055797686435502e-16 + 0.0im -1.0523399578504338e-15 + 0.0im; -8.485562662191923e-17 + 0.0im -1.471918985775364e-15 + 0.0im; 1.5312460192280647e-16 + 0.0im -4.461543065821245e-16 + 0.0im; -3.6953837535916697e-16 + 0.0im -0.00013142153139575525 + 0.0im; 2.6518150347015083e-16 + 0.0im 7.817864095332294e-16 + 0.0im; -1.19805481009317e-16 + 0.0im 2.764388354304515e-16 + 0.0im; 1.3456913437149538e-16 + 0.0im -4.464716159493588e-16 + 0.0im], 2, 12, 211, [1.7087193557592246e-15, 0.003614187815150061, -0.6113053562522048, 1.7591940030723745, -0.3059219656533828, 0.7112008922767095, 0.36542923824424456, 1.0242264909485161, -0.13124615876570686, -0.33542791523869997, -0.4560746363513014, -0.3010752454295356, -0.018014670111589987, -0.051010627630398056, -0.8031552722941804, 1.164413627502344, 0.8068904415754851, 0.3366802250038278, 0.06192237854936309, -0.22889636343210643, -0.16090183613753545, -0.16978198742511674, -0.025902703266376073, -0.6366622345118886, -0.8602841463430669, 0.1659115660815498, -0.6125061070324871, 0.4835808403869368, -0.1316444376143684, -0.04132458069317124, 0.9224269096147114, 0.35986972367389725, -0.299664282524846, -0.0028656722212389526, -0.3927817702615657, 0.009876822602242845, -0.41897700266101606, 0.9979330141567595, 1.243794644635483, -0.9138370410877463, -0.5999396426828539, -1.468607064261632, -1.1479129208252128, 0.3651287074769535, -1.1400722299973463, -0.07585032734162714, -0.6496937561502761, 0.1506848424951209, -0.06722954693549693, 2.07136393920994, -0.25333225992796504, 1.4568407445861393, -0.199421328847781, 0.1051340970426356, -0.11601941290626044, -0.6246150907682575, 0.584238552763933, -0.4348286783908923, -0.13574745759098658, 3.507386573817439, 1.1017989980373069, 1.5040176218714594, 0.5070856358811682, -2.9911633550330365, -0.42132260700940444, -0.2934724266334725, 0.2495781206916042])
The first 2 eigvals are: ComplexF64[-75.01177981434172 + 0.0im, -74.6891863012816 + 0.0im]
NEW E0 FROM FULL MATRIX: -75.01177981434172 + 0.0im
NEW E1 FROM FULL MATRIX: -74.6891863012816 + 0.0im
Omega tilde, projection removed
65-element Vector{Float64}:
 -0.00012300090473632032
  2.899076797479632e-16
  0.0010468576138827816
 -9.335270605673677e-17
 -1.2931693325611557e-16
  0.007491038235017795
  0.007069781054650398
  5.0971100891916595e-17
 -3.244212992654322e-17
  2.210064531040893e-30
 -6.953298012741625e-6
  1.8640074067292724e-18
 -1.6788248889179973e-5
 -5.149515230719058e-19
 -1.6869281921480107e-18
  7.085883649343341e-6
  2.0693673884517148e-5
 -1.3065928008557526e-18
 -3.300205729670207e-20
 -2.2705455859197466e-32
 -8.270882206574202e-6
 -2.5054434166310727e-18
 -1.8677525949237247e-5
  1.0726191021891844e-5
 -3.732987567006104e-18
 -2.965998467810989e-18
  1.4933820812211835e-5
  1.4677302374310724e-32
  2.907679936766115e-21
 -0.00036575501914012465
  3.470908664254096e-18
 -1.801628387586527e-17
  8.809293922487407e-5
  0.001108249998433286
  1.0846136485617629e-18
 -5.914679006185773e-18
  3.0655641914586955e-33
 -0.0006797117752025307
  0.0008266431503146013
  1.7337699063869054e-19
  7.931773834717757e-18
  0.0006618439315206416
  4.678053140776818e-32
 -1.2667926196115606e-18
  0.000571932453632099
 -3.540727320318085e-17
 -3.73981259761236e-17
  0.0022665459458547743
  4.3915267341394225e-31
 -9.676321999695296e-18
  0.0013944166183330468
  0.0009870891445880876
  2.938493192433511e-17
 -1.0999666765958156e-17
  1.4025639073127802e-31
  0.0016892495505948187
  3.35673157271543e-17
 -1.0052815724514282e-17
  1.0404976020499858e-31
  0.000960116679238092
  2.824679126631222e-32
 -6.1724084725409576e-18
  4.466118864077319e-5
  1.0220987085127355e-17
 -0.0005942692287034775
Omega_tilde on L1: -5.5420910472207004e-33
Omega_tilde on R1: 2.6851090960227803e-17
DIIS dimension: 4
t at step 4 : 
2×5 Matrix{Float64}:
 -2.18997e-5    0.00279501   7.06434e-17  -0.0211354    1.73224e-16
  8.51351e-17  -4.2641e-16  -0.00318787   -9.03759e-16  2.10328e-30
t2 at step 4 : 
2×5×2×5 Array{Float64, 4}:
[:, :, 1, 1] =
 -0.000521546  -0.000400019  7.30692e-18  -9.02227e-5   2.77036e-20
 -1.3427e-18    5.75005e-18  0.000172137   1.96491e-18  1.00036e-32

[:, :, 2, 1] =
 -1.3427e-18    6.90229e-18  -0.000212083  -1.82749e-19   9.7838e-33
 -0.000366654  -0.000742851   3.6588e-18    0.000416494  -7.41202e-20

[:, :, 1, 2] =
 -0.000400019  -0.0319842     8.20454e-16  -0.038278     1.26276e-17
  6.90229e-18   2.73627e-18  -0.0319812    -5.27793e-16  1.98788e-31

[:, :, 2, 2] =
  5.75005e-18   2.73627e-18  -0.0221237   -4.06694e-16  2.38822e-31
 -0.000742851  -0.0195218    -3.7296e-16   0.00353356   1.44802e-18

[:, :, 1, 3] =
  7.30692e-18   8.20454e-16  -0.0593745    1.30781e-15  -2.64703e-31
 -0.000212083  -0.0221237     1.2317e-15  -0.054092      2.01699e-17

[:, :, 2, 3] =
 0.000172137  -0.0319812    1.2317e-15  -0.0721053    2.57706e-17
 3.6588e-18   -3.7296e-16  -0.0995516   -1.39465e-15  8.46338e-31

[:, :, 1, 4] =
 -9.02227e-5   -0.038278      1.30781e-15  -0.0781094    2.26204e-17
 -1.82749e-19  -4.06694e-16  -0.0721053    -9.91193e-16  5.44218e-31

[:, :, 2, 4] =
 1.96491e-18  -5.27793e-16  -0.054092     -9.91193e-16  5.20137e-31
 0.000416494   0.00353356   -1.39465e-15  -0.0553717    1.32425e-17

[:, :, 1, 5] =
 2.77036e-20  1.26276e-17  -2.64703e-31  2.26204e-17  -0.0266328
 9.7838e-33   2.38822e-31   2.57706e-17  5.20137e-31  -1.05618e-16

[:, :, 2, 5] =
  1.00036e-32  1.98788e-31  2.01699e-17  5.44218e-31  -1.05618e-16
 -7.41202e-20  1.44802e-18  8.46338e-31  1.32425e-17  -0.0131059
Module of t 0.02155642507180456
Module of t2 0.21707274415781724
 --------------Energy at step 4 : -75.0125883563754
 --------------E_2 at step 4 : 8.00236697416617
E1 - E0 83.01495533054157
 --------------Difference at step 4 : 0.0015733922062395322
 --------------Module of omegas 0.011262423998183533
Omega_bj_0 0.005563864844655479
Omega_bjck_0 0.009792119398029582

######## END OF ITERATION 4 #########

global amplitudes = -(build_omega(F, g, L, t, t2, o, v)) = [-0.0005287040347626554, 6.999938105548883e-16, 0.0004857192522821719, 3.3642469084583294e-17, -3.2952694272641125e-18, 0.0004951812820756137, -6.878824685287713e-5, 6.0639807587031164e-18, -5.759834489926641e-17, -6.140218423242999e-31, -2.9368791427948944e-5, 1.5623999869063008e-17, 2.7416078356240702e-5, -6.047161908561352e-18, -2.054801170296651e-17, -7.709777361475801e-7, -4.729572198041564e-5, -8.219151784686028e-18, 3.2594364296609504e-19, -2.190122001227009e-31, 1.3901178270861308e-17, -5.735715243958819e-5, -1.1680841565230456e-17, -8.236648801180445e-5, -4.608146645506185e-5, -2.389401735107825e-17, -1.5871579756936574e-17, 3.546761612634438e-5, -2.174230048775151e-31, 3.614242692521012e-19, 2.741607835621727e-5, -1.2950801929206617e-17, 0.00022801417008077598, 4.355348986252788e-18, 1.3302015798994943e-18, 0.0006050321426357933, -0.0004197922051293905, -1.8556166940404333e-18, -1.646240225517538e-18, -1.729657793965842e-31, -1.83405248560074e-18, -8.23664880117953e-5, -6.195072025496922e-19, 0.00038124996405884855, -0.00011049868868621371, 3.8403937374347017e-17, -1.8925389548804332e-17, -0.00030773584224494605, -2.256176839964609e-31, 9.104856420036944e-19, -6.217346623520708e-18, -4.608146645504896e-5, -3.90213212230893e-18, -0.00011049868868628332, 0.00036525191990176097, 5.927289485732633e-17, 2.3933084364794803e-17, -0.001359406308855529, -1.8006069418313283e-31, -3.3555926111787937e-18, -7.70977736147699e-7, -2.18580741946325e-17, 0.0006050321426358274, 4.558425114903706e-18, 2.550700005990121e-17, -0.00015954549500177232, -8.621563841663415e-5, 2.9858868923947883e-18, -5.684953184888181e-18, -6.190749603501548e-31, -4.7295721980427415e-5, -1.5048403776964082e-17, -0.0004197922051293658, -3.861079754844461e-18, 2.747671584114531e-17, -8.621563841637177e-5, -0.0006484484007729814, -1.1934957563977382e-17, -5.076328411996954e-18, -3.4757410714187483e-31, -4.84682077053392e-18, 3.5467616126336546e-5, 3.962436084527812e-18, -0.0003077358422449967, -0.0013594063088556067, -1.4808633302471415e-17, -2.227836745581742e-17, -6.256721841105992e-5, -2.7549031421280748e-31, -2.377482039353407e-18, 3.2594364296607963e-19, -2.1642909566412724e-31, -1.6462402255174984e-18, -2.245670363542414e-31, -1.8533686829352798e-31, -5.684953184888215e-18, -5.0763284119969635e-18, -2.7887761049929046e-31, 7.907647267176384e-5, 1.2740767199908395e-18, -2.1990910439690603e-31, 3.6142426925210255e-19, -1.6307277335366774e-31, 9.104856420037073e-19, -3.3555926111787906e-18, -6.105254797931462e-31, -3.4790366830353874e-31, -2.3774820393534208e-18, -5.07497348647602e-18, 0.0002118184579614069]
addition_t1 = reshape(amplitudes[1:n], (nv, no)) ./ pre_t[v, o] = [-5.098273880697674e-5 0.0005757297426596374 -6.426136197284266e-18 -0.0001504971006783747 6.539999327202217e-18; 6.714237105689396e-17 3.7425515054033514e-17 0.000871719323973464 1.1836011282019428e-17 -5.800040583526544e-31]
addition_t2 = reshape(amplitudes[n + 1:end], (nv, no, nv, no)) ./ pre_t2[v, o, v, o] = [-1.4160109664378329e-6 1.2224134309234753e-6 -2.856436445242975e-19 -2.184089957023912e-6 1.590033101812285e-20; 3.342308965381592e-19 -8.137475488868774e-20 -3.5242096482186306e-8 -2.2268693920553846e-19 -9.856311632220869e-33;;; 3.342308965381592e-19 -5.746118722747143e-19 -2.1064259195914708e-6 -6.913981629760257e-19 -9.94964996198368e-33; -2.7508066169991417e-6 -3.6366715450550074e-6 -9.941302583061172e-19 1.6213251005182684e-6 1.5659492328685557e-20;;;; 1.2224134309234753e-6 0.00013513417354424096 -1.4383617848779592e-18 -0.00016136767788725798 1.3848924531789517e-18; -5.746118722747143e-19 -1.7775610627633872e-19 0.00021429056382273385 1.4610843389692893e-18 -5.745304752060466e-32;;; -8.137475488868774e-20 -1.7775610627633872e-19 -3.913647661279514e-5 -1.4237108286345723e-18 -8.206065905908188e-32; -3.6366715450550074e-6 0.00021206047976681818 1.5536879900844505e-18 -0.00010902944028823093 6.507006397801241e-19;;;; -2.856436445242975e-19 -1.438361784877959e-18 0.00035614061845573456 1.4165222838306412e-17 -2.3944054114757763e-31; -2.1064259195914704e-6 -3.9136476612795135e-5 1.1799586048498382e-17 -0.0006630442644831122 2.6480635718684096e-18;;; -3.52420964821863e-8 0.00021429056382273382 1.1799586048498382e-17 -4.2051286792135295e-5 2.2204597779902685e-18; -9.941302583061172e-19 1.5536879900844505e-18 -0.0001404322983120346 -6.853409322575753e-18 -2.409521287075385e-31;;;; -2.184089957023912e-6 -0.00016136767788725798 1.4165222838306412e-17 -0.0007093479534707801 2.3318660860153812e-18; -6.913981629760257e-19 -1.4237108286345719e-18 -4.205128679213529e-5 -1.1490722825645178e-17 -1.5963918979570897e-31;;; -2.2268693920553846e-19 1.4610843389692889e-18 -0.0006630442644831121 -1.1490722825645178e-17 -1.167193512382998e-31; 1.6213251005182684e-6 -0.00010902944028823091 -6.853409322575753e-18 -6.106106965585677e-5 1.5126595843236124e-18;;;; 1.590033101812285e-20 1.3848924531789517e-18 -2.3944054114757763e-31 2.3318660860153812e-18 9.139610133652458e-5; -9.94964996198368e-33 -8.206065905908188e-32 2.2204597779902685e-18 -1.167193512382998e-31 -2.756742144235394e-18;;; -9.856311632220869e-33 -5.745304752060466e-32 2.6480635718684096e-18 -1.5963918979570897e-31 -2.756742144235394e-18; 1.5659492328685557e-20 6.507006397801241e-19 -2.409521287075385e-31 1.5126595843236124e-18 0.00021708820412920236]
(d, V, nconv, niter, nmult, resid) = eigs(A_imp, nev = n_ev, which = :SM, tol = 1.0e-12, maxiter = 1000) = (ComplexF64[0.32309195012306774 + 0.0im, 0.394733271675217 + 0.0im], ComplexF64[1.7076946033715016e-16 + 0.0im -5.3919969175088554e-17 + 0.0im; -1.1818357385113584e-17 + 0.0im 8.871263710230371e-17 + 0.0im; 2.4660338622955384e-16 + 0.0im 4.842915111155821e-15 + 0.0im; -5.0095820160793035e-17 + 0.0im -2.9469547354484132e-15 + 0.0im; -9.453319410589408e-16 + 0.0im -3.5077733547306706e-15 + 0.0im; -5.1480089459698704e-17 + 0.0im -4.850489647283931e-15 + 0.0im; -4.509198874134781e-15 + 0.0im -1.5918096787472332e-14 + 0.0im; -4.336102599757728e-16 + 0.0im 1.5377372277717156e-14 + 0.0im; 0.9588309455718649 + 0.0im -1.4370042187243395e-14 + 0.0im; 1.2323483374014236e-14 + 0.0im 0.959789226513412 + 0.0im; 1.684298851377147e-18 + 0.0im 6.070679195570966e-16 + 0.0im; 2.1241524672915513e-16 + 0.0im -1.320144221581529e-16 + 0.0im; 4.223893891866177e-17 + 0.0im -3.528247170689993e-16 + 0.0im; 1.218758681641749e-16 + 0.0im 1.48392851552769e-16 + 0.0im; -3.717751944555375e-17 + 0.0im -7.219502923632867e-17 + 0.0im; 6.405433794672251e-17 + 0.0im -1.8506752733425e-16 + 0.0im; 4.070214908136889e-17 + 0.0im -2.677726468535025e-16 + 0.0im; 4.257196631968887e-18 + 0.0im -7.712954789704304e-17 + 0.0im; 0.00028255365384887197 + 0.0im -3.819664155397998e-17 + 0.0im; -3.6921040762767385e-17 + 0.0im 0.0001299704795622525 + 0.0im; -1.5547935780181641e-16 + 0.0im 7.681996911582103e-17 + 0.0im; 6.552124833603904e-17 + 0.0im 1.4934539829699583e-16 + 0.0im; -2.940489609676113e-16 + 0.0im -1.2480893462982453e-16 + 0.0im; 5.928952931993608e-17 + 0.0im 3.021181166151348e-17 + 0.0im; 4.858440023699883e-17 + 0.0im -2.6231109376563174e-16 + 0.0im; -8.721521399227787e-17 + 0.0im 4.96987126732754e-17 + 0.0im; 2.186790117570876e-17 + 0.0im -2.403798761800918e-17 + 0.0im; 2.4209485190092288e-18 + 0.0im 0.0003063157494840654 + 0.0im; -0.0003086596202755385 + 0.0im -7.938157967165168e-17 + 0.0im; 1.3366035291810081e-16 + 0.0im -9.429710465168137e-16 + 0.0im; 1.2845717444962773e-16 + 0.0im 7.54251276974956e-16 + 0.0im; -9.101543074283429e-17 + 0.0im 1.1977544479754087e-16 + 0.0im; 3.445284489125795e-16 + 0.0im 3.1902285263184374e-16 + 0.0im; 8.943795373093537e-16 + 0.0im -2.381102223449865e-16 + 0.0im; 3.4373721439249284e-17 + 0.0im -1.5345227649133673e-15 + 0.0im; 0.0823903825339066 + 0.0im -3.250429075325262e-15 + 0.0im; 6.937002076291764e-16 + 0.0im 0.058389405834375754 + 0.0im; -5.63376135363321e-16 + 0.0im -3.4168046754233057e-15 + 0.0im; 3.1694772290211003e-16 + 0.0im 8.797207047706969e-16 + 0.0im; -1.5109467857324635e-16 + 0.0im 1.4709390046826128e-15 + 0.0im; 3.4427380550780924e-17 + 0.0im -9.649917852876122e-16 + 0.0im; -1.602568759603378e-16 + 0.0im 1.0599610197740026e-15 + 0.0im; 6.177928886231844e-16 + 0.0im 0.05918505870647972 + 0.0im; 0.014302672178563411 + 0.0im 1.3895907273656322e-15 + 0.0im; -8.562596296797516e-16 + 0.0im 8.620443994686828e-16 + 0.0im; -4.611544562036121e-16 + 0.0im 2.0565554737009418e-15 + 0.0im; -2.550412757071078e-17 + 0.0im 5.800579844916934e-16 + 0.0im; 6.6351793851628494e-18 + 0.0im -5.454734562512463e-15 + 0.0im; -3.4864679442677584e-15 + 0.0im 0.11564728616448401 + 0.0im; 0.1373114923472785 + 0.0im -3.661155214101988e-15 + 0.0im; 9.750410231252768e-16 + 0.0im 5.236861172195649e-16 + 0.0im; -9.351448225165256e-16 + 0.0im -6.97976045097295e-15 + 0.0im; -3.8558227964282536e-16 + 0.0im -4.406679985025425e-15 + 0.0im; 0.16073208684842039 + 0.0im -4.181476343305359e-16 + 0.0im; 3.640321092133919e-15 + 0.0im 0.15426968948786965 + 0.0im; 1.3664249199174423e-15 + 0.0im -4.763830277256669e-15 + 0.0im; 3.591887884566948e-16 + 0.0im 5.403718405205841e-15 + 0.0im; 0.14688326884376596 + 0.0im -9.707055741014266e-15 + 0.0im; 1.8438668028399465e-15 + 0.0im 0.13596965673179562 + 0.0im; -1.3268274201194982e-15 + 0.0im 1.5243315898121546e-15 + 0.0im; 2.009719556240797e-15 + 0.0im 0.12740155656696647 + 0.0im; 0.08594391660489677 + 0.0im 7.409731522247475e-15 + 0.0im; -1.9046831583764934e-16 + 0.0im 6.045015921971381e-15 + 0.0im; -2.4775884737146125e-16 + 0.0im 7.830568041294504e-16 + 0.0im; 3.621543367684514e-16 + 0.0im -1.940698408083531e-15 + 0.0im], 2, 10, 180, [-0.03913653801902851, -1.1317210412430923, 0.6142905208576813, 0.42951620541317687, 0.9519601634145503, 0.9276239793063361, 0.4112501860635679, -2.2706984081470427, -0.20168908254573986, -0.05314918513152712, 0.03565979402466476, 0.012944787361244478, 1.0406268543254558, -1.0784479512071865, -0.5462761387409037, -0.115937960301794, 0.19799740440725427, 0.2937594051155994, -0.35912130345061793, 0.0900743950768884, -0.010734255671461976, 0.7710755373957849, -0.03368883818758339, -0.1993555620319617, -1.045312148581246, -0.7992773866569696, 0.35045112810346246, -0.0934427720192502, 0.26920952943871207, 0.9366689863669526, -2.44992788458682, 1.241879396429984, 0.9516784476061099, 0.047501640644682465, 1.5879996095472426, 0.01885240761545596, 1.3981304743817626, 2.1900998398658245, -0.16228740058301022, -0.9688940592806924, 0.1848734341031669, -0.8824178572047017, 1.3866423679015516, 0.18655798775072052, -0.6927707165089407, -0.4765350514133459, -0.1438921406350711, 0.3288707344293743, -0.34248776156978444, 0.7505088065817787, -0.060182174788067984, 0.36458493105961387, 0.40145317089464183, 0.27432478912068226, -0.19401967901825465, -0.1968973693781203, -1.0001056947342348, 0.20893965527669434, -0.05202984852355047, -0.08306339675757807, -0.2830575299151767, 0.13395647854745013, 0.34575154210380044, -0.3659531326835415, 1.9554211949180675])
[1.7076946033715016e-16, -1.1818357385113584e-17, 2.4660338622955384e-16, -5.0095820160793035e-17, -9.453319410589408e-16, -5.1480089459698704e-17, -4.509198874134781e-15, -4.336102599757728e-16, 0.9588309455718649, 1.2323483374014236e-14, 1.684298851377147e-18, 2.1241524672915513e-16, 4.223893891866177e-17, 1.218758681641749e-16, -3.717751944555375e-17, 6.405433794672251e-17, 4.070214908136889e-17, 4.257196631968887e-18, 0.00028255365384887197, -3.6921040762767385e-17, -1.5547935780181641e-16, 6.552124833603904e-17, -2.940489609676113e-16, 5.928952931993608e-17, 4.858440023699883e-17, -8.721521399227787e-17, 2.186790117570876e-17, 2.4209485190092288e-18, -0.0003086596202755385, 1.3366035291810081e-16, 1.2845717444962773e-16, -9.101543074283429e-17, 3.445284489125795e-16, 8.943795373093537e-16, 3.4373721439249284e-17, 0.0823903825339066, 6.937002076291764e-16, -5.63376135363321e-16, 3.1694772290211003e-16, -1.5109467857324635e-16, 3.4427380550780924e-17, -1.602568759603378e-16, 6.177928886231844e-16, 0.014302672178563411, -8.562596296797516e-16, -4.611544562036121e-16, -2.550412757071078e-17, 6.6351793851628494e-18, -3.4864679442677584e-15, 0.1373114923472785, 9.750410231252768e-16, -9.351448225165256e-16, -3.8558227964282536e-16, 0.16073208684842039, 3.640321092133919e-15, 1.3664249199174423e-15, 3.591887884566948e-16, 0.14688326884376596, 1.8438668028399465e-15, -1.3268274201194982e-15, 2.009719556240797e-15, 0.08594391660489677, -1.9046831583764934e-16, -2.4775884737146125e-16, 3.621543367684514e-16]
(d, V, nconv, niter, nmult, resid) = eigs(A_imp, nev = n_ev, which = :SM, tol = 1.0e-12, maxiter = 1000) = (ComplexF64[0.32309195012307884 + 0.0im, 0.39473327167521716 + 0.0im], ComplexF64[-5.543855863405715e-17 + 0.0im 3.3715635363915833e-17 + 0.0im; 1.836597796375791e-16 + 0.0im 1.1905024978263466e-16 + 0.0im; 2.104858461875048e-15 + 0.0im 3.623213959691562e-17 + 0.0im; 1.859732288451729e-16 + 0.0im -9.896551157590361e-16 + 0.0im; -1.3808378383640774e-15 + 0.0im -2.159205980391434e-14 + 0.0im; 6.510242107280529e-15 + 0.0im 3.3117016111366786e-15 + 0.0im; -1.9176370089963484e-14 + 0.0im -4.872631696761396e-15 + 0.0im; 1.1804481586111193e-15 + 0.0im 3.884490391844803e-14 + 0.0im; 0.9558193068664377 + 0.0im -9.936272625614263e-15 + 0.0im; -1.0314882408372254e-14 + 0.0im -0.9608166053181691 + 0.0im; 1.0686148287597179e-16 + 0.0im 8.741892664940985e-17 + 0.0im; -3.831341878265624e-17 + 0.0im 2.6068657309198432e-16 + 0.0im; 1.7419497199769424e-16 + 0.0im 8.396469801917083e-17 + 0.0im; -9.582807445137321e-17 + 0.0im -4.161519336727735e-17 + 0.0im; -1.864994572388161e-16 + 0.0im -1.6736330073472083e-16 + 0.0im; -1.5946283108391575e-16 + 0.0im -2.5714400119189408e-18 + 0.0im; 7.190984192170032e-17 + 0.0im -7.17582198200598e-17 + 0.0im; 2.6481701203986313e-17 + 0.0im 1.0196255960629698e-16 + 0.0im; 0.00025040638302656175 + 0.0im 2.5898350731497095e-18 + 0.0im; -1.787090836417918e-16 + 0.0im 6.059763068151643e-5 + 0.0im; -2.893490311967794e-16 + 0.0im 6.244287820106015e-17 + 0.0im; -7.002748737223505e-17 + 0.0im -7.664062552347534e-17 + 0.0im; 1.755182193902581e-16 + 0.0im 3.895016029438212e-18 + 0.0im; 5.553956820527266e-17 + 0.0im -4.154743516530949e-17 + 0.0im; 3.515773700315097e-17 + 0.0im -4.4259256755026387e-17 + 0.0im; -8.657497430537978e-17 + 0.0im 1.762823232206114e-17 + 0.0im; -4.745644264812885e-17 + 0.0im -6.733886581579757e-17 + 0.0im; 2.1314379143059334e-16 + 0.0im -0.00046009335058832526 + 0.0im; -0.0003197801784229304 + 0.0im -1.8724753989049608e-16 + 0.0im; 1.6584228713817692e-16 + 0.0im -1.1257648400220529e-15 + 0.0im; 1.3039253575146695e-16 + 0.0im 2.557952780072016e-16 + 0.0im; -7.076496681513785e-17 + 0.0im 1.0553166412389232e-15 + 0.0im; 2.5397846419432184e-15 + 0.0im 9.568840256235732e-16 + 0.0im; 5.470817146620705e-16 + 0.0im -1.0899208097339522e-16 + 0.0im; 1.1540594184032695e-16 + 0.0im 2.754629725858012e-15 + 0.0im; 0.08493616565105237 + 0.0im -6.021340102457422e-16 + 0.0im; -1.6933492446401478e-16 + 0.0im -0.06892806503257358 + 0.0im; 3.5552450994069386e-16 + 0.0im -5.9851880801732e-16 + 0.0im; -6.149253373541804e-16 + 0.0im 7.493988273822498e-16 + 0.0im; -5.288767108214879e-17 + 0.0im -2.179736304533631e-15 + 0.0im; -1.7374081313991738e-17 + 0.0im -2.982716918388061e-16 + 0.0im; -6.295186677675897e-16 + 0.0im 2.6120047260823655e-16 + 0.0im; -1.7917498619310384e-15 + 0.0im -0.05287781994867935 + 0.0im; 0.01685655097785984 + 0.0im -7.187947896145328e-16 + 0.0im; 3.1508043339557575e-15 + 0.0im 9.739737420756014e-16 + 0.0im; -6.356867583270266e-16 + 0.0im -6.264660386191978e-15 + 0.0im; 3.775025994083779e-16 + 0.0im 7.31228811665679e-15 + 0.0im; -4.1657707529242264e-16 + 0.0im -1.015240040131112e-15 + 0.0im; -6.493831391625561e-15 + 0.0im -0.10899460636306546 + 0.0im; 0.0851300896750327 + 0.0im -1.4981551778123613e-15 + 0.0im; -3.4705724934873203e-16 + 0.0im -8.851526845143465e-16 + 0.0im; -2.8843284846607054e-15 + 0.0im 1.7402623741385948e-15 + 0.0im; -2.4577992464005784e-16 + 0.0im 7.402731418046021e-17 + 0.0im; 0.21472177307615972 + 0.0im -3.0531483076342797e-15 + 0.0im; -6.847373789912897e-16 + 0.0im -0.1553275605211339 + 0.0im; -4.084627339034503e-15 + 0.0im -2.1576129752761457e-15 + 0.0im; 5.620669390372221e-16 + 0.0im 9.679797752874707e-15 + 0.0im; 0.1415865201174427 + 0.0im -1.0640167910953567e-15 + 0.0im; -1.8834624603355633e-15 + 0.0im -0.1605621899871702 + 0.0im; -3.31116169522031e-15 + 0.0im 9.737672614966673e-16 + 0.0im; -8.776923280629279e-16 + 0.0im -0.08658753644770202 + 0.0im; 0.07424067235856127 + 0.0im -3.5662806274114665e-15 + 0.0im; 6.29112987388782e-16 + 0.0im 2.0170255395668483e-15 + 0.0im; 5.1141780688375277e-17 + 0.0im -6.801594922212537e-16 + 0.0im; 4.604919886620318e-16 + 0.0im -6.106912469172677e-16 + 0.0im], 2, 9, 162, [0.09494350519480418, 0.1539479313916372, 0.11015619387959093, 0.16291849034220895, 0.8963827421799498, -0.2963864330514317, 0.047918557735622015, -1.995745676246346, 0.016649871338800405, -0.013202736298310352, -0.0048954333807779875, -0.004522687077013744, -0.1762886066355315, 0.27503170380938274, 0.08412952674277481, -0.05283812038755264, 0.02796358070308162, 0.04611966636117741, -0.01060990655432303, -0.07889428625227841, 0.005715127539330363, -0.21800063285272958, 0.3747585550023538, 0.03848883533977388, -0.1539978056969436, -0.07284069460269016, -0.0738801743456809, 0.07877338158487922, 0.004561528835425509, 0.4542371254051047, 0.02426651727276649, -0.44977507868252103, -0.23635752999108273, -0.08900436712176667, 0.23668563615521623, 0.015440927461239639, -0.22001616665402798, 0.8215442512203932, -0.48974144005290987, -0.7724812129032705, -0.18439040702741535, -0.1145306568792312, -0.1508106750849847, -0.016304843131882563, 0.15871247554455006, 0.6022747737197781, -0.49639092381990696, 0.12167917122968724, -0.0544415491069608, 0.2716773593928307, 0.1280094165667142, -0.7271672375189873, -0.2743598565822099, -0.10663356037345001, 0.047634659070971565, 0.22762945511086785, -0.46123572202786484, -0.010561067711160303, 0.18219729500540918, -0.23739335297187142, 0.05849659268328726, -0.21124362497869748, -0.2752878673442517, 0.0010646590817088917, 0.1152938435003257])
[5.543855863405715e-17, -1.836597796375791e-16, -2.104858461875048e-15, -1.859732288451729e-16, 1.3808378383640774e-15, -6.510242107280529e-15, 1.9176370089963484e-14, -1.1804481586111193e-15, -0.9558193068664377, 1.0314882408372254e-14, -1.0686148287597179e-16, 3.831341878265624e-17, -1.7419497199769424e-16, 9.582807445137321e-17, 1.864994572388161e-16, 1.5946283108391575e-16, -7.190984192170032e-17, -2.6481701203986313e-17, -0.00025040638302656175, 1.787090836417918e-16, 2.893490311967794e-16, 7.002748737223505e-17, -1.755182193902581e-16, -5.553956820527266e-17, -3.515773700315097e-17, 8.657497430537978e-17, 4.745644264812885e-17, -2.1314379143059334e-16, 0.0003197801784229304, -1.6584228713817692e-16, -1.3039253575146695e-16, 7.076496681513785e-17, -2.5397846419432184e-15, -5.470817146620705e-16, -1.1540594184032695e-16, -0.08493616565105237, 1.6933492446401478e-16, -3.5552450994069386e-16, 6.149253373541804e-16, 5.288767108214879e-17, 1.7374081313991738e-17, 6.295186677675897e-16, 1.7917498619310384e-15, -0.01685655097785984, -3.1508043339557575e-15, 6.356867583270266e-16, -3.775025994083779e-16, 4.1657707529242264e-16, 6.493831391625561e-15, -0.0851300896750327, 3.4705724934873203e-16, 2.8843284846607054e-15, 2.4577992464005784e-16, -0.21472177307615972, 6.847373789912897e-16, 4.084627339034503e-15, -5.620669390372221e-16, -0.1415865201174427, 1.8834624603355633e-15, 3.31116169522031e-15, 8.776923280629279e-16, -0.07424067235856127, -6.29112987388782e-16, -5.1141780688375277e-17, -4.604919886620318e-16]
Projection L1|R2: 2.6454092329789583e-14
scalar = l1_vec' * r1_vec = -0.9970875595449087
Check <L1|R1>: 1.0
t before projection
65-element Vector{Float64}:
 -7.288239111194991e-5
  1.5227745196279837e-16
  0.00337074102642412
 -3.889846148831418e-16
  6.421724523159922e-17
 -0.002316148626833076
 -0.021285879570210428
 -8.91923199061658e-16
  1.7976417842110214e-16
  1.523276171275677e-30
 -0.0005229621688980975
 -1.0084725996897464e-18
 -0.00039879693158777847
  5.668679238930474e-18
  7.021275414772372e-18
  0.0001721021956194194
 -9.240675447886569e-5
  1.7422199518944293e-18
  4.360397130069261e-20
  1.4727279991198874e-34
 -0.00036940466250228707
  6.327679790524154e-18
 -0.0007464876566385389
 -0.00021418909731734604
  2.6646675803679856e-18
 -8.741468593964941e-19
  0.00041811491184753224
 -1.6584807375359812e-34
 -5.846070954723575e-20
 -0.03184907141306175
  2.558509416497156e-18
  8.19015355826073e-16
 -0.031766905399285686
 -0.03843938394552146
 -5.263316624062371e-16
  1.4012505657362144e-17
  1.4133473199796146e-31
 -0.01930975600653364
 -0.02216287962350436
 -3.714058984987945e-16
 -4.0811735494645335e-16
  0.003424532844528535
  1.5676151981857194e-31
  2.0987197111194136e-18
 -0.05901836662522675
  1.243499277365943e-15
  1.3219750630258885e-15
 -0.05475499456039753
 -5.041430810685541e-31
  2.2817973338006713e-17
 -0.09969205124267466
 -0.0721473344824381
 -1.4015004758866378e-15
  2.7991069204187306e-17
  6.053858275778882e-31
 -0.07881872035646725
 -1.0026836633381169e-15
  2.4952245258711618e-17
  3.845792340722126e-31
 -0.05543273773818599
  4.034173688727566e-31
  1.4755209510529365e-17
 -0.02654135453860929
 -1.0837431176157641e-16
 -0.012888829516746164
t after projection
65-element Vector{Float64}:
 -7.288239111194991e-5
  1.522774519627984e-16
  0.00337074102642412
 -3.8898461488314176e-16
  6.421724523160021e-17
 -0.002316148626833076
 -0.021285879570210428
 -8.919231990616576e-16
 -8.257599030127296e-16
 -1.1400336022248386e-29
 -0.0005229621688980975
 -1.0084725996899692e-18
 -0.00039879693158777847
  5.668679238930346e-18
  7.021275414772411e-18
  0.0001721021956194194
 -9.240675447886569e-5
  1.7422199518944247e-18
 -2.5270947639754426e-19
  3.8866293884927844e-32
 -0.00036940466250228707
  6.327679790524085e-18
 -0.0007464876566385389
 -0.00021418909731734604
  2.6646675803679348e-18
 -8.741468593964026e-19
  0.00041811491184753224
 -2.7046919095910763e-33
  2.652300125624566e-19
 -0.03184907141306175
  2.558509416497021e-18
  8.190153558260731e-16
 -0.031766905399285686
 -0.03843938394552146
 -5.263316624062371e-16
 -7.239012256296277e-17
 -5.861472785568444e-31
 -0.01930975600653364
 -0.02216287962350436
 -3.7140589849879435e-16
 -4.081173549464534e-16
  0.003424532844528535
 -4.911166381800544e-31
 -1.2900463795438863e-17
 -0.05901836662522675
  1.2434992773659435e-15
  1.3219750630258885e-15
 -0.05475499456039753
  3.152108829968229e-30
 -1.2118031212665175e-16
 -0.09969205124267466
 -0.0721473344824381
 -1.4015004758866374e-15
 -1.4056834654225333e-16
 -3.212211569749554e-30
 -0.07881872035646725
 -1.0026836633381173e-15
 -1.2908394293923854e-16
 -1.5490801683224202e-30
 -0.05543273773818599
 -1.704171481968284e-30
 -7.537400273284783e-17
 -0.02654135453860929
 -1.0837431176157615e-16
 -0.012888829516746164
Omega original restricted
65-element Vector{Float64}:
 -0.0005287040347626554
  6.999938105548883e-16
  0.0004857192522821719
  3.3642469084583294e-17
 -3.2952694272641125e-18
  0.0004951812820756137
 -6.878824685287713e-5
  6.0639807587031164e-18
 -5.759834489926641e-17
 -6.140218423242999e-31
 -2.9368791427948944e-5
  1.3901178270861308e-17
  2.741607835621727e-5
 -1.83405248560074e-18
 -6.217346623520708e-18
 -7.70977736147699e-7
 -4.7295721980427415e-5
 -4.84682077053392e-18
  3.2594364296607963e-19
 -2.1990910439690603e-31
 -5.735715243958819e-5
 -1.2950801929206617e-17
 -8.23664880117953e-5
 -4.608146645504896e-5
 -2.18580741946325e-17
 -1.5048403776964082e-17
  3.5467616126336546e-5
 -2.1642909566412724e-31
  3.6142426925210255e-19
  0.00022801417008077598
 -6.195072025496922e-19
 -3.90213212230893e-18
  0.0006050321426358274
 -0.0004197922051293658
  3.962436084527812e-18
 -1.6462402255174984e-18
 -1.6307277335366774e-31
  0.00038124996405884855
 -0.00011049868868628332
  4.558425114903706e-18
 -3.861079754844461e-18
 -0.0003077358422449967
 -2.245670363542414e-31
  9.104856420037073e-19
  0.00036525191990176097
  2.550700005990121e-17
  2.747671584114531e-17
 -0.0013594063088556067
 -1.8533686829352798e-31
 -3.3555926111787906e-18
 -0.00015954549500177232
 -8.621563841637177e-5
 -1.4808633302471415e-17
 -5.684953184888215e-18
 -6.105254797931462e-31
 -0.0006484484007729814
 -2.227836745581742e-17
 -5.0763284119969635e-18
 -3.4790366830353874e-31
 -6.256721841105992e-5
 -2.7887761049929046e-31
 -2.3774820393534208e-18
  7.907647267176384e-5
 -5.07497348647602e-18
  0.0002118184579614069
Omega restricted
65-element Vector{Float64}:
  5.098273880697674e-5
 -6.714237105689396e-17
 -0.0005757297426596374
 -3.7425515054033514e-17
  6.426136197284266e-18
 -0.000871719323973464
  0.0001504971006783747
 -1.1836011282019428e-17
 -6.539999327202217e-18
  5.800040583526544e-31
  1.4160109664378329e-6
 -3.342308965381592e-19
 -1.2224134309234753e-6
  8.137475488868774e-20
  2.856436445242975e-19
  3.52420964821863e-8
  2.184089957023912e-6
  2.2268693920553846e-19
 -1.590033101812285e-20
  9.856311632220869e-33
  2.7508066169991417e-6
  5.746118722747143e-19
  3.6366715450550074e-6
  2.1064259195914704e-6
  9.941302583061172e-19
  6.913981629760257e-19
 -1.6213251005182684e-6
  9.94964996198368e-33
 -1.5659492328685557e-20
 -0.00013513417354424096
  1.7775610627633872e-19
  1.438361784877959e-18
 -0.00021429056382273382
  0.00016136767788725798
 -1.4610843389692889e-18
 -1.3848924531789517e-18
  5.745304752060466e-32
 -0.00021206047976681818
  3.9136476612795135e-5
 -1.5536879900844505e-18
  1.4237108286345719e-18
  0.00010902944028823091
  8.206065905908188e-32
 -6.507006397801241e-19
 -0.00035614061845573456
 -1.1799586048498382e-17
 -1.4165222838306412e-17
  0.0006630442644831121
  2.3944054114757763e-31
 -2.6480635718684096e-18
  0.0001404322983120346
  4.205128679213529e-5
  6.853409322575753e-18
 -2.2204597779902685e-18
  2.409521287075385e-31
  0.0007093479534707801
  1.1490722825645178e-17
 -2.3318660860153812e-18
  1.5963918979570897e-31
  6.106106965585677e-5
  1.167193512382998e-31
 -1.5126595843236124e-18
 -9.139610133652458e-5
  2.756742144235394e-18
 -0.00021708820412920236
Omega resricted on L2-6.1189984044237755e-18
Omega resricted on L1 (<L1|H|HF>): -2.2838376024005197e-17
Omega resricted on R1 (<R1|H|HF>): -2.2838376024005197e-17
<L1[D]|R1[S]H[S]|HF> additional: 9.988478342957464e-5
<L1|H|R1> with nuclear repulsion : -74.68942748912592
<HF|H|R1>: 6.618630547438929e-17
L1 * A * R1: 0.3230919501230791
Reduced matrix[-75.01261932403243 6.618630547438929e-17; 4.535467709021639e-17 -74.68942748912592]
Matrix
2×2 Matrix{Float64}:
 -75.0126         6.61863e-17
   4.53547e-17  -74.6894
NEW E0 FROM MATRIX: -75.01261932403243
NEW E1 FROM MATRIX: -74.68942748912592
[1.0 2.047895346537301e-16; 0.0 1.0]
Evaluating remaining element <mu_tilde|H|R1>
Norm of element <mu_tilde|H|R1>: 0.0006007227863062837
65-element Vector{Float64}:
 -1.705727056216158e-20
  1.1804740679053844e-21
 -2.4631925826538733e-20
  5.003810147487731e-21
  9.442427620173172e-20
  5.142077586617133e-21
  4.504003529838343e-19
  4.3311066910521625e-20
 -9.577262134402e-5
 -1.2309284679113758e-18
 -8.42601688290543e-20
 -1.539734219656219e-20
 -8.911145096293556e-20
  1.249511880056108e-20
  4.692228757003117e-19
  6.375622522610711e-20
  2.2519568557446946e-18
  2.130972874463965e-19
 -0.0004721849391056738
 -6.064759846552135e-18
  1.5530021981796066e-20
 -9.073545890691709e-21
  2.937101678390836e-20
 -5.922121796380173e-21
 -7.953567762423827e-21
  6.250524766536541e-21
 -2.1842705732780537e-21
  6.258166006904416e-16
  3.0830399324676904e-8
  3.941918635646382e-20
 -2.355075160390985e-20
 -1.9319731745695868e-19
  1.9270942751746058e-20
 -1.0028926096277913e-18
 -9.622019978008463e-20
  0.0001969474346956847
  2.5677702919675417e-18
  5.627270327015497e-20
 -3.165825466059394e-20
  1.9486603559078753e-21
 -1.387027254744885e-20
  1.600722334838919e-20
  2.0334937846311734e-17
 -1.4286193130200089e-6
  8.552730767005484e-20
 -2.0195987221112422e-19
 -1.942999103835847e-19
 -6.627534559035837e-22
 -4.80690256944541e-18
 -1.3715328675499608e-5
 -1.1089834438480588e-19
 -1.1003697865589337e-18
 -7.525043155918999e-20
  0.00023550916426500436
  2.869640253931996e-18
 -1.0754399011579336e-18
 -1.2616857827380965e-19
  0.00018498689191394135
  2.381956628978365e-18
  1.3252986950705617e-19
  2.3811308132898794e-18
 -8.584489497169538e-6
 -2.547986327267445e-16
  2.4747338805365444e-20
 -3.6173707496198007e-20
Evaluating remaining element <HF|H|nu_tilde>
Norm of element <HF|H|nu_tilde>: 0.631055748278632
65-element Vector{Float64}:
  0.0002053488862096547
 -4.9754389956409294e-15
 -0.0024229941722544745
  1.204693745733223e-15
  2.374362250314773e-16
 -0.0062123098628870475
 -0.0043368384956489255
  6.3495016453137665e-16
 -1.205946957690931e-16
  5.930494936828699e-32
  0.05239336012754763
 -4.987329993433318e-18
  0.019651963684992408
 -2.645453300864631e-16
  4.770489558936221e-17
 -0.029156979521037844
 -0.003541965152492765
 -1.3140530330524314e-16
 -1.6621883605986842e-20
  1.1862643243049189e-32
  0.039043531449969804
 -1.5525775109992423e-16
  0.03820659895705575
  0.02369421286935847
  2.2724877535296173e-16
  4.917941054394248e-16
 -0.0224954053985897
 -1.4148406481005125e-32
  2.1226890628757777e-20
  0.19030556275555352
 -1.986258379993444e-16
 -2.581268532253489e-15
  0.2150135516546591
  0.1205037915945526
  2.8622937353617317e-15
 -5.638031436446466e-18
  1.1240390004638432e-32
  0.1356328370711587
 -0.016737182000169673
  1.797173521111972e-15
  9.992007221626409e-16
 -0.03437710461989834
  1.1893569683046607e-31
 -1.118931654081075e-18
  0.14998000751864307
 -3.5318969970887792e-15
 -3.1988300897012323e-15
  0.01676122299106253
  4.310581393488438e-31
 -5.650904041833142e-18
  0.31889801799346934
  0.2912998997620643
  3.899658373995862e-15
 -1.4253152322257127e-17
  4.545261537144768e-32
  0.19114032976697187
  2.2273849431542203e-15
 -9.398461129959323e-18
  1.2502354538072018e-31
  0.14190557721937125
  5.826089392210938e-32
 -4.9280685254868755e-18
  0.06920626869936716
  8.153200337090993e-17
  0.0500826884913902
Evaluating remaining element <L1|H|nu_tilde>
Norm of element <L1|H|nu_tilde>: 3.062829334612095e-5
65-element Vector{Float64}:
 -1.0352170742156236e-19
 -2.3334486065185526e-20
 -2.2117202943515946e-17
  3.913521250336979e-20
  1.2681478304971225e-19
 -5.795289409629631e-17
 -3.7346826817150904e-17
 -5.3855057132352876e-20
  8.4228356645147e-6
  4.0346628774116397e-19
 -1.0705013789261798e-20
  3.838105792132142e-21
 -1.7450249866172202e-20
  9.599725090760654e-21
  1.8682870644314098e-20
  1.5974434938445723e-20
 -7.203679273746345e-21
 -2.6528452434148967e-21
 -2.508484545670907e-8
  1.7902457959264245e-20
  2.898598527278669e-20
  7.015111504836634e-21
 -1.7582808213696178e-20
 -5.563761867099986e-21
 -3.521980504938302e-21
  8.672781518666982e-21
  4.754022303126412e-21
 -2.1352007898002815e-20
  3.203447236010421e-8
 -1.6613506783519388e-20
 -1.3062273287526395e-20
  7.088989644958782e-21
 -2.5442684194560164e-19
 -5.480475417047869e-20
 -1.1560968138513774e-20
 -8.508611335263312e-6
  1.6963387112031952e-20
 -3.5615215874862626e-20
  6.160109366424605e-20
  5.2981039845147905e-21
  1.7404753802443984e-21
  6.306300303610194e-20
  1.7949130465596921e-19
 -1.6886309809758293e-6
 -3.1563668156664147e-19
  6.368090101688163e-20
 -3.7816904869635966e-20
  4.173125073017737e-20
  6.505295708199818e-19
 -8.528037973326983e-6
  3.4766994991577415e-20
  2.889420525531206e-19
  2.4621382855498e-20
 -2.1510084642030373e-5
  6.859462256042624e-20
  4.0918384072126735e-19
 -5.630592212411236e-20
 -1.4183647928505627e-5
  1.8867875558914567e-19
  3.3170072744497784e-19
  8.792418205115132e-20
 -7.437173806065231e-6
 -6.302236337874093e-20
 -5.1232067227803886e-21
 -4.6130494878057426e-20
Building the whole matrix...
(d, V, nconv, niter, nmult, resid) = eigs(A_imp, nev = n_ev, which = :SM, tol = 1.0e-12, maxiter = 1000) = (ComplexF64[5.7176930915592e-15 + 0.0im, 0.32319184500078324 + 0.0im], ComplexF64[-1.0000000000000016 + 0.0im 7.280723438557348e-15 + 0.0im; -1.9907594520018656e-15 + 0.0im 0.9999999319142937 + 0.0im; 8.746111885666666e-17 + 0.0im -2.2054823400667241e-16 + 0.0im; -2.7386588483768952e-17 + 0.0im -1.4251161906449649e-16 + 0.0im; -2.5026423363077607e-16 + 0.0im 2.1681309274792914e-15 + 0.0im; -4.440777521295512e-16 + 0.0im 5.147691464814446e-15 + 0.0im; -1.2480513296968982e-16 + 0.0im -2.6740879718017032e-14 + 0.0im; 4.660515487057872e-16 + 0.0im -5.8397283446454664e-15 + 0.0im; 3.361246901684252e-16 + 0.0im -5.9964882793773245e-15 + 0.0im; 1.6626934447854064e-16 + 0.0im -8.382607673713547e-15 + 0.0im; -9.1413664256323e-18 + 0.0im 9.689861733523708e-5 + 0.0im; 5.575667199558315e-17 + 0.0im 4.9177742223754585e-15 + 0.0im; -1.952214147052961e-16 + 0.0im 1.6659691530760652e-16 + 0.0im; 7.102876481429409e-17 + 0.0im 1.2541435411189712e-16 + 0.0im; 4.841595007618289e-16 + 0.0im -1.212800430271381e-16 + 0.0im; -4.3469519185607883e-17 + 0.0im -1.278483003747594e-16 + 0.0im; 1.0520777293327652e-16 + 0.0im 5.859856690294444e-18 + 0.0im; -5.631240375364679e-17 + 0.0im 1.6901197772212642e-16 + 0.0im; 3.511061754406141e-17 + 0.0im 8.272698645445247e-17 + 0.0im; 3.682929447182553e-17 + 0.0im -4.244095625637485e-17 + 0.0im; -2.6608633928704404e-17 + 0.0im 2.273313594217256e-5 + 0.0im; -5.610292815371354e-17 + 0.0im -4.575614077592246e-19 + 0.0im; -9.006992046280295e-18 + 0.0im 2.7599599296870852e-17 + 0.0im; -1.7925381066466393e-16 + 0.0im 4.3769934168557344e-17 + 0.0im; 7.973120973515402e-18 + 0.0im -7.195742401848425e-17 + 0.0im; 5.609212742954888e-17 + 0.0im 4.1242560513499263e-17 + 0.0im; -5.92394896869552e-17 + 0.0im 6.79635083382e-17 + 0.0im; 1.9639161169186984e-17 + 0.0im -8.898427952015627e-17 + 0.0im; 1.2204578147329687e-16 + 0.0im -6.592270918116106e-17 + 0.0im; -1.1726233978666943e-17 + 0.0im -1.0909398755796099e-17 + 0.0im; 6.002995962478418e-18 + 0.0im -2.41321530431258e-7 + 0.0im; -1.1255559748124082e-16 + 0.0im -1.4047069424010057e-15 + 0.0im; -2.732131593056716e-16 + 0.0im 1.4854843093757468e-15 + 0.0im; -1.911092552371925e-16 + 0.0im 4.558648497558039e-15 + 0.0im; -1.9918476331479751e-16 + 0.0im 4.530158496687357e-15 + 0.0im; -1.5246711214849605e-16 + 0.0im 2.1513517857452908e-15 + 0.0im; 2.17690161706075e-16 + 0.0im 4.809244070660016e-15 + 0.0im; 7.380549117062135e-17 + 0.0im -0.00013912878230544829 + 0.0im; -2.0073636370261147e-16 + 0.0im 1.4428650405362795e-14 + 0.0im; 3.537776461304231e-16 + 0.0im 5.758165393889193e-15 + 0.0im; -1.1602581364187705e-16 + 0.0im 1.6433509413317437e-15 + 0.0im; 5.469291821245361e-17 + 0.0im -1.4644752497410416e-15 + 0.0im; -1.170306981692546e-16 + 0.0im -8.549811606659928e-16 + 0.0im; 7.95916475441538e-17 + 0.0im -1.6712353142075081e-15 + 0.0im; 2.7125366038862823e-16 + 0.0im -9.212374358027377e-15 + 0.0im; 1.9226069007473337e-16 + 0.0im -6.0304224916353106e-6 + 0.0im; 1.1515600180098733e-16 + 0.0im -1.9719090162341724e-15 + 0.0im; 1.1821746323191838e-17 + 0.0im -3.478918389330461e-15 + 0.0im; 1.5180564358353621e-16 + 0.0im -4.963489703983144e-15 + 0.0im; 1.1357669952542184e-16 + 0.0im 2.701788799269051e-15 + 0.0im; 5.643798655891594e-17 + 0.0im 6.537042139138107e-15 + 0.0im; 3.3580060784183605e-16 + 0.0im 2.750987971229136e-6 + 0.0im; 3.6050180880029877e-16 + 0.0im -2.6262794524301383e-15 + 0.0im; -5.46824185326435e-16 + 0.0im 5.53401560941537e-15 + 0.0im; 1.4290857920839844e-16 + 0.0im -7.353832223186038e-15 + 0.0im; -7.533260973948233e-17 + 0.0im -0.00022680127250724168 + 0.0im; -2.6965067106202084e-16 + 0.0im 8.084171123588219e-16 + 0.0im; 3.059196973003246e-16 + 0.0im -1.1083625943306194e-15 + 0.0im; 1.0172358050148687e-16 + 0.0im -7.0438161792e-15 + 0.0im; 1.991480910942847e-16 + 0.0im -0.00023501331549941523 + 0.0im; 4.774252755963742e-16 + 0.0im -1.2115501642911971e-14 + 0.0im; 3.053816978485627e-17 + 0.0im -8.454875613318996e-16 + 0.0im; -3.368250322870479e-16 + 0.0im -5.944653858756081e-15 + 0.0im; -6.418334383864259e-17 + 0.0im 1.3942162441942372e-5 + 0.0im; -1.6556377241119377e-16 + 0.0im 3.910508468286375e-15 + 0.0im; -3.655686516640802e-17 + 0.0im -4.6157971724260355e-15 + 0.0im; 3.043775879527638e-17 + 0.0im -2.1016436210841408e-16 + 0.0im], 2, 12, 211, [-1.7104232342665663e-15, -6.285077894767106e-6, -0.28528475639312206, -0.14215049978843533, 0.0546133237835, 0.31679183208915496, -0.6785922558367375, -0.355037282453044, -0.16002963743322945, -0.22620902059469464, 0.00608463672695285, 0.0484423963263906, -0.0010805780017789305, 0.007487111842846292, -0.1643348290936886, -0.16082567875736314, 0.04058753520557372, 0.2813043805519141, 0.11255734227295619, -0.0547316431630411, 0.15227314036423392, 0.029495214740338862, -0.003871253333703021, 0.09456110788965395, -0.1003705920974927, 0.06840860731993467, 0.0939014156700618, -0.11151109590056309, -0.10470704622347833, 0.03151471933632912, 0.20151558093774227, -0.18184688105285482, 0.12071416932249157, 0.44672519610599, 0.614995476059903, 0.21121745142859602, 0.49094404069854714, -0.02343947690289739, 1.5851996210807893, 0.9659075606123214, 0.21159626006732032, -0.36185797464224206, -0.09110573887616895, -0.3524837164956545, -0.871203212270653, -0.06861055869742036, -0.22691700753941138, -0.07713016356848808, -0.40735241692001894, 0.30270283954874433, 0.31006231113738947, -0.008580164391635932, -0.18094851176037272, 0.5800403866333823, -0.34859310128356824, -0.009192308647729026, 0.17342001027473078, -0.038634968678908664, -0.38019105261103603, 0.013187900251247586, -0.7430610383484028, -0.029884277855162508, -0.3611989667008884, -0.025410635838582656, 0.1446235345484245, -0.27491872220116237, 0.09175341744157378])
The first 2 eigvals are: ComplexF64[-75.01261932403243 + 0.0im, -74.68942747903165 + 0.0im]
NEW E0 FROM FULL MATRIX: -75.01261932403243 + 0.0im
NEW E1 FROM FULL MATRIX: -74.68942747903165 + 0.0im
Omega tilde, projection removed
65-element Vector{Float64}:
  5.098273880697674e-5
 -6.714237105689396e-17
 -0.0005757297426596374
 -3.7425515054033514e-17
  6.426136197284244e-18
 -0.000871719323973464
  0.0001504971006783747
 -1.1836011282019438e-17
  1.5358142351220494e-17
  8.614524055739678e-31
  1.4160109664378329e-6
 -3.3423089653815434e-19
 -1.2224134309234753e-6
  8.137475488869052e-20
  2.8564364452429665e-19
  3.52420964821863e-8
  2.184089957023912e-6
  2.2268693920553856e-19
 -9.44726442456571e-21
  9.013095020083164e-33
  2.7508066169991417e-6
  5.746118722747158e-19
  3.6366715450550074e-6
  2.1064259195914704e-6
  9.941302583061183e-19
  6.913981629760237e-19
 -1.6213251005182684e-6
  1.000494049459557e-32
 -2.2708776799964964e-20
 -0.00013513417354424096
  1.7775610627634166e-19
  1.4383617848779569e-18
 -0.00021429056382273382
  0.00016136767788725798
 -1.4610843389692881e-18
  4.967700838920373e-19
  7.329603371037028e-32
 -0.00021206047976681818
  3.9136476612795135e-5
 -1.553687990084454e-18
  1.4237108286345727e-18
  0.00010902944028823091
  9.617004535441452e-32
 -3.2405083441801536e-19
 -0.00035614061845573456
 -1.1799586048498393e-17
 -1.4165222838306412e-17
  0.0006630442644831121
  1.5981527524075017e-31
  4.879079227760485e-19
  0.0001404322983120346
  4.205128679213529e-5
  6.853409322575745e-18
  1.4504000605770168e-18
  3.240911506578102e-31
  0.0007093479534707801
  1.1490722825645186e-17
  1.0227092394735927e-18
  2.017501131771479e-31
  6.106106965585677e-5
  1.6261808216652399e-31
  4.50159900074764e-19
 -9.139610133652458e-5
  2.756742144235388e-18
 -0.00021708820412920236
Omega_tilde on L1: 3.998401851306466e-33
Omega_tilde on R1: 1.5883635152994375e-17
DIIS dimension: 5
5×5 Matrix{Float64}:
  0.00252866    0.000789898   0.000376076   2.66274e-5  -1.0
  0.000789898   0.000415682   2.53781e-5    2.17953e-5  -1.0
  0.000376076   2.53781e-5    0.000131147  -8.90003e-7  -1.0
  2.66274e-5    2.17953e-5   -8.90003e-7    2.94239e-6  -1.0
 -1.0          -1.0          -1.0          -1.0          0.0
t at step 5 : 
2×5 Matrix{Float64}:
 -7.27715e-5    0.00339568    6.89228e-17  -0.0216165    -9.07794e-16
  1.47281e-16  -3.82758e-16  -0.00250669   -8.93724e-16  -1.26761e-29
t2 at step 5 : 
2×5×2×5 Array{Float64, 4}:
[:, :, 1, 1] =
 -0.000522659  -0.000398088  7.09133e-18  -9.39173e-5   -2.74532e-19
 -1.04699e-18   5.68866e-18  0.000171376   1.79336e-18   4.33226e-32

[:, :, 2, 1] =
 -1.04699e-18   6.37449e-18  -0.000215088  -8.05367e-19  -4.2374e-33
 -0.000369135  -0.00074562    2.74333e-18   0.00041727    2.9291e-19

[:, :, 1, 2] =
 -0.000398088  -0.0318276     8.21062e-16  -0.0385617    -7.91653e-17
  6.37449e-18   2.46836e-18  -0.031768     -5.26433e-16  -6.54731e-31

[:, :, 2, 2] =
  5.68866e-18   2.46836e-18  -0.0222524    -4.08994e-16  -5.56505e-31
 -0.00074562   -0.0192529    -3.71382e-16   0.00336921   -1.40387e-17

[:, :, 1, 3] =
  7.09133e-18   8.21062e-16  -0.0591039     1.32749e-15   3.41181e-30
 -0.000215088  -0.0222524     1.24797e-15  -0.0550567    -1.32461e-16

[:, :, 2, 3] =
 0.000171376  -0.031768      1.24797e-15  -0.0722946    -1.53847e-16
 2.74333e-18  -3.71382e-16  -0.0998791    -1.40583e-15  -3.56769e-30

[:, :, 1, 4] =
 -9.39173e-5   -0.0385617     1.32749e-15  -0.0790849    -1.41201e-16
 -8.05367e-19  -4.08994e-16  -0.0722946    -1.00713e-15  -1.73367e-30

[:, :, 2, 4] =
 1.79336e-18  -5.26433e-16  -0.0550567    -1.00713e-15  -1.89626e-30
 0.00041727    0.00336921   -1.40583e-15  -0.0555772    -8.24352e-17

[:, :, 1, 5] =
 -2.74532e-19  -7.91653e-17   3.41181e-30  -1.41201e-16  -0.0265584
 -4.2374e-33   -5.56505e-31  -1.53847e-16  -1.89626e-30  -1.09408e-16

[:, :, 2, 5] =
 4.33226e-32  -6.54731e-31  -1.32461e-16  -1.73367e-30  -1.09408e-16
 2.9291e-19   -1.40387e-17  -3.56769e-30  -8.24352e-17  -0.0128351
Module of t 0.022024826795620223
Module of t2 0.21815002168021785
 --------------Energy at step 5 : -75.01274145861859
 --------------E_2 at step 5 : 8.00236697416617
E1 - E0 83.01510843278476
 --------------Difference at step 5 : 0.00015310224318909604
 --------------Module of omegas 0.0025762014713800433
Omega_bj_0 0.0008748642600055188
Omega_bjck_0 0.002423102669658406

######## END OF ITERATION 5 #########

global amplitudes = -(build_omega(F, g, L, t, t2, o, v)) = [0.00047607849764377954, -5.523040866891079e-16, -0.00019642395460970255, -2.896403823081526e-17, 1.997055079112024e-18, -4.96717718460962e-5, -2.9758839629094484e-5, -1.4674651244432015e-18, 2.9258790868775125e-16, 4.4308406352704666e-30, 2.1248689429627662e-5, -8.450025912671898e-18, -4.429611381867377e-5, -2.2340169511176404e-18, -1.0692489476393985e-17, -1.282667946430081e-5, 1.388194736310064e-6, 2.2657546485477264e-18, 1.5804380782824403e-19, -7.541572257508458e-31, -1.0172967474210573e-17, -4.946193500029976e-6, 1.0199799384700275e-17, -8.036456230084785e-6, -9.155204882377644e-6, 1.3044018184776601e-17, 9.358218717984454e-18, 9.220564419613067e-6, 2.1344018403287527e-31, -1.2914012103081324e-19, -4.4296113818697635e-5, 8.93620416040245e-18, 1.8716409753598217e-5, 6.15778921660733e-18, 2.2922290345209092e-18, 0.00026428345254957174, -5.018216671423474e-5, 1.00853983870509e-18, 2.6844328747073408e-17, 2.315544713399797e-31, 1.973565647617419e-18, -8.036456230075678e-6, 1.2282113312346394e-18, 8.883175840234955e-5, 0.00014532542402758225, 4.235258511500891e-17, -1.3345372678310317e-17, 1.088103528471611e-5, 1.1502049253650244e-31, 5.1435752192815286e-18, 3.62704629960075e-18, -9.155204882364954e-6, -2.9539520516198442e-18, 0.00014532542402751308, 0.0003228433053119955, 4.362412232691049e-17, 8.47246417168306e-18, -0.00031969830405128284, -1.148704197043235e-30, 4.448741318352787e-17, -1.2826679464301906e-5, 1.5085548719345607e-17, 0.0002642834525496165, 8.462163917492668e-18, 9.82037862472894e-18, -0.00010704118027796299, 1.8454431382922368e-5, 6.3938563338645036e-18, 5.1108139797939765e-17, 1.885151534876865e-30, 1.3881947362982802e-6, 1.0175885556112297e-17, -5.018216671422715e-5, 1.7463181244240744e-18, 1.2071090779793384e-17, 1.8454431383177592e-5, -0.00032531172251809115, 3.9936355117723407e-20, 4.680113665382185e-17, 4.328752473820153e-31, 5.6393386390830094e-18, 9.220564419605898e-6, 6.762582461117506e-18, 1.0881035284665587e-5, -0.00031969830405135266, -1.1421272421041747e-17, -1.037620633257508e-17, 7.171133929094849e-5, 5.032742909507148e-31, 2.754661183438911e-17, 1.5804380782832413e-19, 2.082311359387396e-31, 2.6844328747073193e-17, 1.1058233075190081e-31, -1.1207682440063946e-30, 5.110813979794e-17, 4.680113665382189e-17, 5.232441547468052e-31, 4.8565931117002355e-5, 8.339363149391771e-18, -7.494782338656663e-31, -1.2914012103081916e-19, 1.7885411784943548e-31, 5.143575219281465e-18, 4.448741318352779e-17, 1.8402279203870634e-30, 4.331244288201046e-31, 2.754661183438919e-17, 2.012262665246654e-18, 5.9272672196779275e-5]
addition_t1 = reshape(amplitudes[1:n], (nv, no)) ./ pre_t[v, o] = [4.590807730053874e-5 -0.00023282402809501144 3.894476070962315e-18 -6.510732993835729e-5 -8.597647906487502e-18; -5.297619116849496e-17 -3.2221001559297534e-17 -8.744240733968471e-5 -2.8642791690838318e-18 1.2760102836322906e-30]
addition_t2 = reshape(amplitudes[n + 1:end], (nv, no, nv, no)) ./ pre_t2[v, o, v, o] = [1.0245017173621482e-6 -1.9750514193220313e-6 1.6663743982954026e-19 6.410605557934506e-8 3.273500439624804e-21; -2.4459221895499697e-19 8.756479004416017e-20 -5.863192334005437e-7 2.5909913325360776e-19 -3.398694477363865e-32;;; -2.4459221895499697e-19 3.964888839862364e-19 -4.1849277696480446e-7 4.675305556939086e-19 9.554279344354364e-33; -2.3721578269024493e-7 -3.548281880224267e-7 6.861080400548391e-19 4.214980922654088e-7 -1.5465018824924648e-21;;;; -1.9750514193220313e-6 1.109240957643933e-5 -1.0888538912151669e-18 -1.9289971598044855e-5 5.419148922305063e-19; 3.964888839862364e-19 3.5241247079324795e-19 9.360403533133292e-5 2.4935931114468986e-18 -1.3338082699815208e-32;;; 8.756479004416017e-20 3.5241247079324795e-19 5.147142582700458e-5 6.439266168651093e-19 -3.016626824371436e-32; -3.548281880224267e-7 4.941037922937246e-5 2.8842335055036012e-18 3.85510240922503e-6 2.609007235668495e-19;;;; 1.6663743982954026e-19 -1.0888538912151667e-18 0.00031478989747413857 6.223075995900094e-18 -2.292479349511077e-32; -4.1849277696480435e-7 5.1471425827004574e-5 4.542925563147305e-18 -0.00015593139849753553 1.0263675697120165e-18;;; -5.863192334005436e-7 9.36040353313329e-5 4.542925563147305e-18 9.001065246794247e-6 7.181024851867474e-19; 6.861080400548391e-19 2.8842335055036012e-18 -9.421788412327273e-5 -5.285744692792183e-18 3.3869258120414914e-31;;;; 6.410605557934506e-8 -1.9289971598044855e-5 6.223075995900095e-18 -0.00035586363438198986 7.923318294386552e-19; 4.675305556939086e-19 6.439266168651092e-19 9.001065246794245e-6 -5.351833395592539e-18 -7.232511861992123e-32;;; 2.5909913325360776e-19 2.4935931114468982e-18 -0.0001559313984975355 -5.351833395592539e-18 -5.175955480222213e-32; 4.214980922654088e-7 3.855102409225029e-6 -5.285744692792183e-18 6.998506877501453e-5 4.935961730806544e-19;;;; 3.273500439624804e-21 5.419148922305063e-19 -2.292479349511077e-32 7.923318294386552e-19 5.613220483792745e-5; 9.554279344354364e-33 -3.016626824371436e-32 7.181024851867474e-19 -5.175955480222213e-32 1.093067640518655e-18;;; -3.398694477363865e-32 -1.3338082699815208e-32 1.0263675697120165e-18 -7.232511861992123e-32 1.093067640518655e-18; -1.5465018824924648e-21 2.609007235668495e-19 3.3869258120414914e-31 4.935961730806544e-19 6.0747293153659645e-5]
(d, V, nconv, niter, nmult, resid) = eigs(A_imp, nev = n_ev, which = :SM, tol = 1.0e-12, maxiter = 1000) = (ComplexF64[0.3232560552188102 + 0.0im, 0.39486424167521633 + 0.0im], ComplexF64[-1.368036538303928e-16 + 0.0im -7.381265789839887e-17 + 0.0im; 1.6950771600754583e-17 + 0.0im -1.663937598201744e-17 + 0.0im; 9.422067502569953e-16 + 0.0im -2.394143121664347e-15 + 0.0im; -1.5307964563892487e-17 + 0.0im -1.9026678226904573e-15 + 0.0im; -1.0727613511097151e-16 + 0.0im -9.259646781320864e-15 + 0.0im; 3.0714800759481295e-15 + 0.0im -5.676676793160851e-15 + 0.0im; -8.39151667139048e-15 + 0.0im -2.4951389430260384e-15 + 0.0im; -4.279906213307202e-17 + 0.0im -1.0790640899626249e-14 + 0.0im; -0.9588134417159186 + 0.0im 8.360626116245552e-15 + 0.0im; -2.0641690682375118e-14 + 0.0im -0.959776037191766 + 0.0im; -6.896562293049215e-16 + 0.0im 5.4390681866504044e-17 + 0.0im; 1.5612573950333215e-16 + 0.0im 2.689931539106633e-16 + 0.0im; -1.0606972847876268e-16 + 0.0im -2.9535163792075973e-16 + 0.0im; -3.364833153726964e-16 + 0.0im 2.1926540700396266e-16 + 0.0im; 4.8274655974846826e-17 + 0.0im -1.143797475774799e-16 + 0.0im; -2.56682871379683e-17 + 0.0im -1.769446288965938e-16 + 0.0im; -1.7793700734825555e-17 + 0.0im 5.821709494536811e-17 + 0.0im; 6.543417017125172e-17 + 0.0im 3.882303118095644e-18 + 0.0im; -0.00028223806494537517 + 0.0im 4.042430266102305e-17 + 0.0im; -2.687388380342112e-17 + 0.0im -0.0001295589348995869 + 0.0im; 2.306895444374371e-16 + 0.0im 1.96404678885676e-16 + 0.0im; 8.352117554150261e-17 + 0.0im 1.550444507701673e-16 + 0.0im; 1.6035934105998695e-16 + 0.0im -5.85431625641798e-17 + 0.0im; -4.3116013984349215e-17 + 0.0im -7.104560908310856e-17 + 0.0im; 6.589663217289367e-17 + 0.0im -9.824449590937107e-17 + 0.0im; -5.466230801213768e-18 + 0.0im 5.422100342491974e-17 + 0.0im; -5.760735277608492e-17 + 0.0im 8.092732177606436e-17 + 0.0im; -1.4940729305011447e-17 + 0.0im -0.0003062150824962192 + 0.0im; 0.0003090063920421155 + 0.0im -4.7713906863866413e-17 + 0.0im; -7.502933726906072e-16 + 0.0im -5.023960021189995e-16 + 0.0im; 5.779770584768848e-16 + 0.0im -6.233071680408761e-16 + 0.0im; -4.2950322607947666e-16 + 0.0im 6.947869686352391e-16 + 0.0im; 6.987217709504086e-16 + 0.0im -6.282559216591401e-16 + 0.0im; 5.810010975968046e-16 + 0.0im 4.2427403966286126e-16 + 0.0im; 6.269125629893974e-17 + 0.0im 9.94243380824976e-16 + 0.0im; -0.08239481150618867 + 0.0im 9.027884713577374e-16 + 0.0im; -1.1845714489877694e-15 + 0.0im -0.058361299664456634 + 0.0im; 5.578082065165959e-16 + 0.0im -8.730628068471708e-16 + 0.0im; 6.487651764302932e-16 + 0.0im 3.143746607926737e-16 + 0.0im; -1.518603744274043e-16 + 0.0im -7.353869233226116e-16 + 0.0im; -9.59498301566892e-17 + 0.0im 1.4008997017943304e-15 + 0.0im; -9.421652341978805e-17 + 0.0im 5.087521962336421e-16 + 0.0im; -1.212021333430223e-15 + 0.0im -0.05917310344174807 + 0.0im; -0.01427827499132935 + 0.0im 2.601376564642482e-16 + 0.0im; 9.643681261275146e-16 + 0.0im 2.3733302965982458e-15 + 0.0im; -1.925047129607832e-16 + 0.0im -4.810129798721666e-16 + 0.0im; 1.2402371302795932e-16 + 0.0im 3.800146224169683e-15 + 0.0im; -5.847905703977146e-16 + 0.0im 1.2641475042162585e-15 + 0.0im; 2.8760989284054282e-15 + 0.0im -0.11549720815923539 + 0.0im; -0.13732602212043576 + 0.0im 4.423067544482625e-17 + 0.0im; 1.6966558522939637e-16 + 0.0im 3.0697899021601526e-15 + 0.0im; -1.375501156538659e-15 + 0.0im -3.2493728426734532e-15 + 0.0im; -3.610202966488933e-16 + 0.0im -6.773534294934014e-16 + 0.0im; -0.16067601294967374 + 0.0im 1.2075195170693147e-15 + 0.0im; -4.831789171807762e-15 + 0.0im -0.1543534194078654 + 0.0im; -8.445175973737478e-16 + 0.0im 3.97503847331461e-15 + 0.0im; 5.627328879699933e-17 + 0.0im 2.273285212041634e-15 + 0.0im; -0.14706921663693692 + 0.0im 5.425100745464588e-17 + 0.0im; -3.16255099173531e-15 + 0.0im -0.13599952840571808 + 0.0im; -6.76682333916788e-16 + 0.0im 3.7784041125449115e-16 + 0.0im; -3.3152935962389885e-15 + 0.0im -0.1275221373243453 + 0.0im; -0.0859026354118633 + 0.0im -1.529432563827403e-15 + 0.0im; -4.956063843439005e-16 + 0.0im 2.6313790291320794e-15 + 0.0im; -1.3963568803026217e-16 + 0.0im -1.077971866492242e-15 + 0.0im; 2.573317562475953e-16 + 0.0im 1.4211508074733462e-15 + 0.0im], 2, 9, 162, [-0.17013206260845076, -0.7051869509034331, -0.24013313699618966, -0.28893232171020217, 0.9685527997347683, 0.8691413765963788, 0.28996679903169637, -1.6080647053749095, -0.08381260865928826, 0.0150735671243166, 0.08093639827280778, -0.019109256773452068, 1.9872537159888684, -0.2492385920096371, 0.7953187558448055, 0.024776291407949, -0.23166899383658857, -0.2781465474033824, 0.6810843380101698, -0.031145454839909395, 0.009356804034157978, -1.4081673815871132, 0.17549244099760095, -0.09881751110683201, -0.17563868356205758, 0.43104749941247283, -0.12402418866248122, 0.020826057892402484, -0.5375365263127221, -1.6063659816104385, -3.4122260607601054, 1.2617266665209586, 1.3757406361188265, 0.1150662405603247, 0.5039004721095305, -0.12297216248556699, 1.451105250111575, -0.9237292097002945, 0.647446362047812, 1.7741144322272384, -0.06560511151689918, -0.42805274783642694, 1.8059350057457657, 0.794652248631994, 0.16509959421337897, -0.4739903707555479, -0.08018061794847507, 0.33274071711867853, -0.6833666143843149, 0.25165630182045734, -1.2851901081151011, 1.561793939827427, 0.19860780628077537, -0.2611142957935757, 0.14087581456379414, -1.0015860531467544, -0.4099804553146371, 0.9784880817371108, -0.8032161512170054, 0.13845410834316565, -0.31054582748706644, -0.6719386413645311, -0.3915972412171871, -0.17288085115180954, 0.16888367853264757])
[1.368036538303928e-16, -1.6950771600754583e-17, -9.422067502569953e-16, 1.5307964563892487e-17, 1.0727613511097151e-16, -3.0714800759481295e-15, 8.39151667139048e-15, 4.279906213307202e-17, 0.9588134417159186, 2.0641690682375118e-14, 6.896562293049215e-16, -1.5612573950333215e-16, 1.0606972847876268e-16, 3.364833153726964e-16, -4.8274655974846826e-17, 2.56682871379683e-17, 1.7793700734825555e-17, -6.543417017125172e-17, 0.00028223806494537517, 2.687388380342112e-17, -2.306895444374371e-16, -8.352117554150261e-17, -1.6035934105998695e-16, 4.3116013984349215e-17, -6.589663217289367e-17, 5.466230801213768e-18, 5.760735277608492e-17, 1.4940729305011447e-17, -0.0003090063920421155, 7.502933726906072e-16, -5.779770584768848e-16, 4.2950322607947666e-16, -6.987217709504086e-16, -5.810010975968046e-16, -6.269125629893974e-17, 0.08239481150618867, 1.1845714489877694e-15, -5.578082065165959e-16, -6.487651764302932e-16, 1.518603744274043e-16, 9.59498301566892e-17, 9.421652341978805e-17, 1.212021333430223e-15, 0.01427827499132935, -9.643681261275146e-16, 1.925047129607832e-16, -1.2402371302795932e-16, 5.847905703977146e-16, -2.8760989284054282e-15, 0.13732602212043576, -1.6966558522939637e-16, 1.375501156538659e-15, 3.610202966488933e-16, 0.16067601294967374, 4.831789171807762e-15, 8.445175973737478e-16, -5.627328879699933e-17, 0.14706921663693692, 3.16255099173531e-15, 6.76682333916788e-16, 3.3152935962389885e-15, 0.0859026354118633, 4.956063843439005e-16, 1.3963568803026217e-16, -2.573317562475953e-16]
(d, V, nconv, niter, nmult, resid) = eigs(A_imp, nev = n_ev, which = :SM, tol = 1.0e-12, maxiter = 1000) = (ComplexF64[0.323256055218805 + 0.0im, 0.39486424167523365 + 0.0im], ComplexF64[-2.3658775259603033e-16 + 0.0im -2.800182494800829e-16 + 0.0im; -9.292718104903759e-17 + 0.0im 4.1195217696053907e-16 + 0.0im; -4.769283047732784e-16 + 0.0im 2.2912770621276554e-14 + 0.0im; -2.465353157743085e-16 + 0.0im 3.0526316205859005e-16 + 0.0im; -7.190701271037757e-16 + 0.0im -8.2572449913339e-14 + 0.0im; -2.915325819104864e-15 + 0.0im -4.039511218423399e-14 + 0.0im; 7.454824899895864e-15 + 0.0im -1.8475111301386427e-14 + 0.0im; 3.573573624252742e-15 + 0.0im 8.505888576191812e-15 + 0.0im; -0.9557806636670989 + 0.0im 5.5720578525957386e-15 + 0.0im; -4.321563553181862e-15 + 0.0im 0.9607743607870591 + 0.0im; 2.228336498172907e-16 + 0.0im 1.5889982452814343e-16 + 0.0im; -2.576695957753495e-16 + 0.0im -1.5358530899645e-16 + 0.0im; 1.555315465411845e-16 + 0.0im 3.475781732687024e-16 + 0.0im; 1.0618273117880642e-16 + 0.0im -3.440057065105677e-16 + 0.0im; 3.290202981636368e-17 + 0.0im 9.340875133031331e-18 + 0.0im; 1.0849447634709456e-16 + 0.0im -1.4070640421742706e-16 + 0.0im; 1.8741526651133524e-17 + 0.0im 1.243419378820294e-16 + 0.0im; -4.735508924785549e-17 + 0.0im 8.739501736948253e-17 + 0.0im; -0.0002503733240897981 + 0.0im 5.537955577119048e-17 + 0.0im; 1.8354468374831562e-16 + 0.0im -6.0601781319357036e-5 + 0.0im; 1.0674889154717186e-16 + 0.0im 1.747270767096198e-18 + 0.0im; -2.7762977885345314e-17 + 0.0im -2.1550230670808877e-17 + 0.0im; 1.0675051987090911e-16 + 0.0im 1.1664663969365945e-18 + 0.0im; -1.0867273833752582e-16 + 0.0im 7.960347066558043e-17 + 0.0im; -1.2419827276744324e-16 + 0.0im 1.609948043948425e-16 + 0.0im; 4.516258746291771e-17 + 0.0im 1.2389300681264218e-16 + 0.0im; -9.297475280014019e-17 + 0.0im -7.248947774398928e-17 + 0.0im; -4.528124878427984e-17 + 0.0im 0.0004600518360661838 + 0.0im; 0.0003196855510348926 + 0.0im 2.690449007019349e-16 + 0.0im; 8.763367359748721e-17 + 0.0im -8.265578045110123e-15 + 0.0im; -1.496074097453435e-16 + 0.0im 6.330320341927194e-15 + 0.0im; 1.496123755578859e-16 + 0.0im 5.109945993188986e-15 + 0.0im; -8.453821143994765e-16 + 0.0im -2.3109458099468515e-15 + 0.0im; -2.381943869352668e-16 + 0.0im 8.334341645267337e-16 + 0.0im; 6.990378806441869e-18 + 0.0im 3.650942068730393e-15 + 0.0im; -0.084970453704381 + 0.0im -2.491673177673378e-15 + 0.0im; -7.456432342805281e-16 + 0.0im 0.06899227710879766 + 0.0im; -5.104941745494417e-16 + 0.0im -8.284973532773483e-16 + 0.0im; 4.5369056620283206e-17 + 0.0im -9.010865209464706e-16 + 0.0im; -2.764627171416172e-16 + 0.0im 1.0658022138036315e-14 + 0.0im; -2.4156703131388855e-16 + 0.0im -1.1733027911073344e-15 + 0.0im; 3.641095867222598e-16 + 0.0im -6.86410282690692e-16 + 0.0im; 9.910613152653408e-16 + 0.0im 0.05286202288326106 + 0.0im; -0.016853279825963557 + 0.0im -3.947180709281669e-15 + 0.0im; -1.1334766705909275e-15 + 0.0im -1.3516507843422812e-14 + 0.0im; -1.6467108489606708e-16 + 0.0im -1.6058101283612198e-14 + 0.0im; 2.9930776442123877e-16 + 0.0im 2.5172634427617033e-14 + 0.0im; 2.603389359043882e-16 + 0.0im -3.3784510026730436e-14 + 0.0im; 4.856488803504222e-15 + 0.0im 0.10897398291620339 + 0.0im; -0.0850967411915024 + 0.0im -1.6198379798097975e-14 + 0.0im; -9.637762744041597e-18 + 0.0im 4.634628041062471e-15 + 0.0im; 1.2350670328453297e-15 + 0.0im 1.0845312787257661e-14 + 0.0im; 3.8928850960530837e-16 + 0.0im -2.4068660857154105e-14 + 0.0im; -0.21485450383996996 + 0.0im 3.623914053843873e-15 + 0.0im; -1.906632972705472e-15 + 0.0im 0.15545479360797598 + 0.0im; 1.6849229487685554e-15 + 0.0im -3.2222622360665333e-14 + 0.0im; 6.807306689498298e-16 + 0.0im 7.578649343290766e-15 + 0.0im; -0.14166729085520843 + 0.0im 4.3506871858978375e-15 + 0.0im; -8.57089889866715e-16 + 0.0im 0.16070073072434013 + 0.0im; 8.072030377628025e-16 + 0.0im 7.157465475431957e-15 + 0.0im; -7.928118298403387e-16 + 0.0im 0.08655540368069098 + 0.0im; -0.0741998150322491 + 0.0im 2.5366165467031093e-15 + 0.0im; 4.871247999263868e-16 + 0.0im 3.6196455667622394e-14 + 0.0im; 1.8519434667261898e-16 + 0.0im -1.3435288614648543e-14 + 0.0im; -3.5022437847287307e-16 + 0.0im -3.4622452901319744e-14 + 0.0im], 2, 9, 162, [0.29986613549655877, -0.34950984581355604, -0.7890614185081545, 0.16179907404705932, 1.1135431873189299, 1.1168249723919486, 0.22176827821783215, 0.20335668322172443, -0.03525186281428557, 0.14045719252245717, -0.01410082437988939, 0.00454452310941194, -0.517180357134369, 0.41876736397692615, 0.11684614860651228, 0.06688589192759885, -0.05040708992708703, -0.10317032603727301, 0.006413711399670382, -0.03900471488337416, -0.0022953726572592413, -0.4554225744532255, -0.1436712209744425, 0.10733946300040333, -0.33817066186328515, -0.12409343033504251, -0.08679296259822827, 0.036546871531261606, 0.012817001865989639, 1.106485894436966, -0.770742993773264, -0.261968472583658, 0.3955557175776829, -0.13823994559706246, 0.598737114749497, 0.20484336275293474, 0.5400060750160387, 0.16932255235661717, 0.1736559842871157, -1.1708803985410998, -0.16610183912192966, 0.22437131124839424, -0.5872578174437971, 0.3805071883515293, 0.4496052768939741, 0.434252199453848, -0.7465768015961254, 1.301693138440756, 0.9038991431783298, 0.6680572228110399, -0.44029408749538107, -0.6620880561037491, 0.8128506421402177, -0.08210831658694549, -0.3696962420447428, 0.870162349302196, -0.1645302805718493, -0.20838116646842922, -0.9357240605600604, -0.09388247896064379, -0.36783787374837656, 0.00255738078569844, -0.7459762159308398, 0.4080703756178543, 1.077135004967984])
[2.3658775259603033e-16, 9.292718104903759e-17, 4.769283047732784e-16, 2.465353157743085e-16, 7.190701271037757e-16, 2.915325819104864e-15, -7.454824899895864e-15, -3.573573624252742e-15, 0.9557806636670989, 4.321563553181862e-15, -2.228336498172907e-16, 2.576695957753495e-16, -1.555315465411845e-16, -1.0618273117880642e-16, -3.290202981636368e-17, -1.0849447634709456e-16, -1.8741526651133524e-17, 4.735508924785549e-17, 0.0002503733240897981, -1.8354468374831562e-16, -1.0674889154717186e-16, 2.7762977885345314e-17, -1.0675051987090911e-16, 1.0867273833752582e-16, 1.2419827276744324e-16, -4.516258746291771e-17, 9.297475280014019e-17, 4.528124878427984e-17, -0.0003196855510348926, -8.763367359748721e-17, 1.496074097453435e-16, -1.496123755578859e-16, 8.453821143994765e-16, 2.381943869352668e-16, -6.990378806441869e-18, 0.084970453704381, 7.456432342805281e-16, 5.104941745494417e-16, -4.5369056620283206e-17, 2.764627171416172e-16, 2.4156703131388855e-16, -3.641095867222598e-16, -9.910613152653408e-16, 0.016853279825963557, 1.1334766705909275e-15, 1.6467108489606708e-16, -2.9930776442123877e-16, -2.603389359043882e-16, -4.856488803504222e-15, 0.0850967411915024, 9.637762744041597e-18, -1.2350670328453297e-15, -3.8928850960530837e-16, 0.21485450383996996, 1.906632972705472e-15, -1.6849229487685554e-15, -6.807306689498298e-16, 0.14166729085520843, 8.57089889866715e-16, -8.072030377628025e-16, 7.928118298403387e-16, 0.0741998150322491, -4.871247999263868e-16, -1.8519434667261898e-16, 3.5022437847287307e-16]
Projection L1|R2: 4.145806481871209e-15
scalar = l1_vec' * r1_vec = 0.9970740965383895
Check <L1|R1>: 1.0
t before projection
65-element Vector{Float64}:
 -2.6863387866753747e-5
  9.430517337924931e-17
  0.003162856888051087
 -4.1497854414503487e-16
  7.28172406723932e-17
 -0.002594133920678485
 -0.021681618344984343
 -8.965884790227287e-16
 -9.163917367167137e-16
 -1.1400094715661092e-29
 -0.0005216343011992206
 -1.2915860862362982e-18
 -0.0004000633568076531
  5.7762209321177425e-18
  7.257962473554284e-18
  0.00017078983291621614
 -9.385323260229788e-5
  2.052463551178028e-18
 -2.7125897874990875e-19
  9.335643222181045e-33
 -0.0003693721671176881
  6.7709764168313195e-18
 -0.0007459746206068823
 -0.00021550686632505376
  3.429433956667299e-18
 -3.378368543485224e-19
  0.000417691822538742
  5.316878623026321e-33
  2.9136385493377044e-19
 -0.031816492217820985
  2.820769131077207e-18
  8.199735212894033e-16
 -0.031674389518206385
 -0.03858099286707853
 -5.239398047691345e-16
 -7.862337192804245e-17
 -6.680687587223097e-31
 -0.019203526756738355
 -0.02220091397071384
 -3.6849734685624696e-16
 -4.0834997718608348e-16
  0.003373060838245776
 -5.866713515715802e-31
 -1.3777796010848806e-17
 -0.05878911954480741
  1.2525123917163971e-15
  1.3337149209215503e-15
 -0.05521261701285234
  3.388880674682102e-30
 -1.3143477988429208e-16
 -0.09997333735702761
 -0.07228559343801925
 -1.4111108985903807e-15
 -1.531292914155712e-16
 -3.228993256808278e-30
 -0.07944075571716408
 -1.0124864922017793e-15
 -1.4040894889824034e-16
 -1.805993521015937e-30
 -0.05550725405394699
 -1.9480183821478828e-30
 -8.194164510783639e-17
 -0.026502296325850088
 -1.0831519265890382e-16
 -0.012774370878960866
t after projection
65-element Vector{Float64}:
 -2.6863387866753747e-5
  9.43051733792493e-17
  0.003162856888051087
 -4.1497854414503487e-16
  7.281724067239326e-17
 -0.002594133920678485
 -0.021681618344984343
 -8.965884790227287e-16
 -3.230403723929954e-16
  1.3737930871804144e-30
 -0.0005216343011992206
 -1.2915860862363949e-18
 -0.0004000633568076531
  5.7762209321179505e-18
  7.257962473554255e-18
  0.00017078983291621614
 -9.385323260229788e-5
  2.0524635511779877e-18
 -9.659899421764953e-20
  2.596625656746354e-32
 -0.0003693721671176881
  6.770976416831268e-18
 -0.0007459746206068823
 -0.00021550686632505376
  3.429433956667258e-18
 -3.3783685434851903e-19
  0.000417691822538742
  1.4562787922393958e-32
  1.0013857968646898e-19
 -0.031816492217820985
  2.8207691310768493e-18
  8.1997352128940355e-16
 -0.031674389518206385
 -0.03858099286707853
 -5.239398047691345e-16
 -2.7634230877934267e-17
  6.499051518393298e-32
 -0.019203526756738355
 -0.02220091397071384
 -3.6849734685624686e-16
 -4.0834997718608343e-16
  0.003373060838245776
  1.633749874672808e-31
 -4.941839423577027e-18
 -0.05878911954480741
  1.2525123917163973e-15
  1.3337149209215503e-15
 -0.05521261701285234
  1.6090378514053658e-30
 -4.6452051193623916e-17
 -0.09997333735702761
 -0.07228559343801925
 -1.4111108985903805e-15
 -5.3696672566208736e-17
 -2.38892604812896e-31
 -0.07944075571716408
 -1.0124864922017793e-15
 -4.93967492930935e-17
  1.511170742748757e-31
 -0.05550725405394699
  1.0361532768168928e-31
 -2.878172504099425e-17
 -0.026502296325850088
 -1.0831519265890373e-16
 -0.012774370878960866
Omega original restricted
65-element Vector{Float64}:
  0.00047607849764377954
 -5.523040866891079e-16
 -0.00019642395460970255
 -2.896403823081526e-17
  1.997055079112024e-18
 -4.96717718460962e-5
 -2.9758839629094484e-5
 -1.4674651244432015e-18
  2.9258790868775125e-16
  4.4308406352704666e-30
  2.1248689429627662e-5
 -1.0172967474210573e-17
 -4.4296113818697635e-5
  1.973565647617419e-18
  3.62704629960075e-18
 -1.2826679464301906e-5
  1.3881947362982802e-6
  5.6393386390830094e-18
  1.5804380782832413e-19
 -7.494782338656663e-31
 -4.946193500029976e-6
  8.93620416040245e-18
 -8.036456230075678e-6
 -9.155204882364954e-6
  1.5085548719345607e-17
  1.0175885556112297e-17
  9.220564419605898e-6
  2.082311359387396e-31
 -1.2914012103081916e-19
  1.8716409753598217e-5
  1.2282113312346394e-18
 -2.9539520516198442e-18
  0.0002642834525496165
 -5.018216671422715e-5
  6.762582461117506e-18
  2.6844328747073193e-17
  1.7885411784943548e-31
  8.883175840234955e-5
  0.00014532542402751308
  8.462163917492668e-18
  1.7463181244240744e-18
  1.0881035284665587e-5
  1.1058233075190081e-31
  5.143575219281465e-18
  0.0003228433053119955
  9.82037862472894e-18
  1.2071090779793384e-17
 -0.00031969830405135266
 -1.1207682440063946e-30
  4.448741318352779e-17
 -0.00010704118027796299
  1.8454431383177592e-5
 -1.1421272421041747e-17
  5.110813979794e-17
  1.8402279203870634e-30
 -0.00032531172251809115
 -1.037620633257508e-17
  4.680113665382189e-17
  4.331244288201046e-31
  7.171133929094849e-5
  5.232441547468052e-31
  2.754661183438919e-17
  4.8565931117002355e-5
  2.012262665246654e-18
  5.9272672196779275e-5
Omega restricted
65-element Vector{Float64}:
 -4.590807730053874e-5
  5.297619116849496e-17
  0.00023282402809501144
  3.2221001559297534e-17
 -3.894476070962315e-18
  8.744240733968471e-5
  6.510732993835729e-5
  2.8642791690838318e-18
  8.597647906487502e-18
 -1.2760102836322906e-30
 -1.0245017173621482e-6
  2.4459221895499697e-19
  1.9750514193220313e-6
 -8.756479004416017e-20
 -1.6663743982954026e-19
  5.863192334005436e-7
 -6.410605557934506e-8
 -2.5909913325360776e-19
 -3.273500439624804e-21
  3.398694477363865e-32
  2.3721578269024493e-7
 -3.964888839862364e-19
  3.548281880224267e-7
  4.1849277696480435e-7
 -6.861080400548391e-19
 -4.675305556939086e-19
 -4.214980922654088e-7
 -9.554279344354364e-33
  1.5465018824924648e-21
 -1.109240957643933e-5
 -3.5241247079324795e-19
  1.0888538912151667e-18
 -9.36040353313329e-5
  1.9289971598044855e-5
 -2.4935931114468982e-18
 -5.419148922305063e-19
  1.3338082699815208e-32
 -4.941037922937246e-5
 -5.1471425827004574e-5
 -2.8842335055036012e-18
 -6.439266168651092e-19
 -3.855102409225029e-6
  3.016626824371436e-32
 -2.609007235668495e-19
 -0.00031478989747413857
 -4.542925563147305e-18
 -6.223075995900095e-18
  0.0001559313984975355
  2.292479349511077e-32
 -1.0263675697120165e-18
  9.421788412327273e-5
 -9.001065246794245e-6
  5.285744692792183e-18
 -7.181024851867474e-19
 -3.3869258120414914e-31
  0.00035586363438198986
  5.351833395592539e-18
 -7.923318294386552e-19
  7.232511861992123e-32
 -6.998506877501453e-5
  5.175955480222213e-32
 -4.935961730806544e-19
 -5.613220483792745e-5
 -1.093067640518655e-18
 -6.0747293153659645e-5
Omega resricted on L21.1543577825295007e-17
Omega resricted on L1 (<L1|H|HF>): 6.648043293976825e-18
Omega resricted on R1 (<R1|H|HF>): 6.648043293976825e-18
<L1[D]|R1[S]H[S]|HF> additional: -2.396265437415773e-5
<L1|H|R1> with nuclear repulsion : -74.68950372144528
<HF|H|R1>: 3.3004363089597852e-16
L1 * A * R1: 0.323256055218812
Reduced matrix[-75.01273581400972 3.3004363089597852e-16; -3.076164169606569e-16 -74.68950372144528]
Matrix
2×2 Matrix{Float64}:
 -75.0127         3.30044e-16
  -3.07616e-16  -74.6895
NEW E0 FROM MATRIX: -75.01273581400972
NEW E1 FROM MATRIX: -74.68950372144528
[1.0 1.0210732117516513e-15; 0.0 1.0]
Evaluating remaining element <mu_tilde|H|R1>
Norm of element <mu_tilde|H|R1>: 0.00044919959898317204
65-element Vector{Float64}:
  3.278178673859622e-21
 -4.061854812441704e-22
 -2.257777470540673e-20
  3.6681946401640983e-22
  2.570620948259657e-21
 -7.360081547705677e-20
  2.0108301367151262e-19
  1.0255791334329068e-21
  2.2975715113135187e-5
  4.94629699520027e-19
  7.663134578405784e-20
 -1.1188591234839616e-20
 -4.321359394703819e-19
  1.4788662212405546e-20
  4.597550379765681e-20
 -1.3573790373455221e-18
  3.688463060859999e-18
  1.7236000094426908e-20
  0.000421266120876285
  9.069671353270244e-18
 -5.527933821077487e-21
  5.652615301437232e-22
 -3.8426354654957e-21
  1.0331741410430983e-21
 -5.22837803724146e-22
 -1.5587405290889152e-23
  1.3804250839614615e-21
 -4.932057180870686e-16
 -7.404613371910697e-9
  1.6064600787562724e-19
 -1.616776465470912e-20
 -5.951491972997911e-21
  5.070437927398224e-19
 -1.292695568176514e-18
 -7.982793908216464e-21
 -0.0001432071394086863
 -3.097136409124239e-18
 -1.3366565259826274e-20
 -1.554613569279059e-20
  2.685122284922365e-21
  2.431580115645225e-21
  2.257677987042325e-21
 -1.8187614064169064e-17
  3.421453686764052e-7
 -2.3108820095847584e-20
 -2.0715649642322014e-21
 -2.0443239304557595e-21
  1.4013134319707205e-20
  1.6941495072212133e-18
  3.290696004649941e-6
  1.8732151789741184e-19
 -5.164825691450839e-19
  5.984149991341222e-21
 -5.589445075586505e-5
 -1.1704229739026712e-18
  9.279806971798834e-20
 -9.78375196751085e-22
  1.1814999131598559e-5
  2.5427118046424046e-19
  1.6215104888746436e-20
  1.3103364320038143e-18
  2.0584551622037627e-6
 -1.0024021748792334e-16
  3.346041729145887e-21
 -6.166351934456131e-21
Evaluating remaining element <HF|H|nu_tilde>
Norm of element <HF|H|nu_tilde>: 0.6310601148790432
65-element Vector{Float64}:
  0.00021318154935093795
 -4.9786109614706415e-15
 -0.0025691099445936186
  1.198052037265638e-15
  2.4049672203008627e-16
 -0.006462277169608737
 -0.004518671048385449
  6.340703847687389e-16
 -3.3873142210673605e-16
 -1.3829814079230896e-30
  0.05239336012754763
 -4.987329993433406e-18
  0.019651963684992408
 -2.6454533008646303e-16
  4.770489558936221e-17
 -0.029156979521037844
 -0.003541965152492765
 -1.3140530330524316e-16
 -8.28766099219497e-20
  6.075551863824377e-32
  0.039043531449969804
 -1.5525775109992423e-16
  0.03820659895705575
  0.02369421286935847
  2.272487753529617e-16
  4.917941054394248e-16
 -0.0224954053985897
 -1.4988643082949077e-32
  1.0581979852334397e-19
  0.19030556275555352
 -1.9862583799934446e-16
 -2.581268532253489e-15
  0.2150135516546591
  0.1205037915945526
  2.8622937353617317e-15
 -2.8126251756850044e-17
 -2.468169630013962e-31
  0.1356328370711587
 -0.016737182000169673
  1.797173521111972e-15
  9.992007221626409e-16
 -0.03437710461989834
  3.280533272966472e-31
 -5.578640229024139e-18
  0.14998000751864307
 -3.5318969970887792e-15
 -3.1988300897012323e-15
  0.01676122299106253
  1.6075567539854214e-30
 -2.8168054448275874e-17
  0.31889801799346934
  0.2912998997620643
  3.899658373995862e-15
 -7.111944920431238e-17
 -6.311186613737074e-31
  0.19114032976697187
  2.2273849431542207e-15
 -4.689359317966137e-17
 -2.837071590144891e-31
  0.14190557721937125
 -2.624303407803108e-31
 -2.4561039595827685e-17
  0.06920626869936716
  8.153200337091e-17
  0.0500826884913902
Evaluating remaining element <L1|H|nu_tilde>
Norm of element <L1|H|nu_tilde>: 7.351107932519534e-6
65-element Vector{Float64}:
 -8.852283636871473e-20
  1.0340446892361898e-19
 -9.004983499897862e-18
 -7.876582404856199e-20
  1.2617139558514517e-20
 -2.264822553702728e-17
 -1.5017007113619067e-17
 -4.553065055105059e-20
 -2.0217379231322126e-6
 -1.0571443602035958e-19
 -5.355354985193163e-21
  6.192566317518313e-21
 -3.737885385834146e-21
 -2.5518866617591188e-21
 -7.907335788132163e-22
 -2.6074447698888336e-21
 -4.504145952084587e-22
  1.1380835591290117e-21
  6.017215220515773e-9
 -4.411124342859339e-21
 -2.5654931783405718e-21
  6.672268849161701e-22
 -2.565532311800222e-21
  2.611728935408311e-21
  2.9848536779021833e-21
 -1.0853912239559405e-21
  2.2344596801855972e-21
  1.0882430082328096e-21
 -7.682994066796867e-9
 -2.1060976704187057e-21
  3.595510768945779e-21
 -3.595630112182209e-21
  2.0317045134136996e-20
  5.724519158415854e-21
 -1.6799958184126218e-22
  2.0420925798818576e-6
  1.7920023367897687e-20
  1.226869247452988e-20
 -1.0903532915435447e-21
  6.644220887098371e-21
  5.805573828126399e-21
 -8.750635696217779e-21
 -2.3818149366983542e-20
  4.0503441112611514e-7
  2.7240813689612955e-20
  3.9575356600692844e-21
 -7.193255280854469e-21
 -6.256718495517213e-21
 -1.1671586201503314e-19
  2.045127643590941e-6
  2.3162408729440986e-22
 -2.968233207515652e-20
 -9.355760058243398e-21
  5.16359238909394e-6
  4.582205786102783e-20
 -4.049370694575359e-20
 -1.635998146834407e-20
  3.404686109760882e-6
  2.0598417780348223e-20
 -1.9399488434042867e-20
  1.9053624929344585e-20
  1.783242116525851e-6
 -1.170705693613144e-20
 -4.4507706466056536e-21
  8.416932867763597e-21
Building the whole matrix...
(d, V, nconv, niter, nmult, resid) = eigs(A_imp, nev = n_ev, which = :SM, tol = 1.0e-12, maxiter = 1000) = (ComplexF64[-3.7485570727891535e-15 + 0.0im, 0.3232320930564953 + 0.0im], ComplexF64[-1.0000000000000007 + 0.0im -5.665346027750604e-15 + 0.0im; -2.80463350237533e-15 + 0.0im -0.9999999938716108 + 0.0im; 6.80257371892843e-17 + 0.0im 5.21258065545909e-16 + 0.0im; 1.6839906535645953e-16 + 0.0im 4.727510218615785e-16 + 0.0im; -3.694100958353757e-16 + 0.0im 1.1738890916499785e-15 + 0.0im; -2.3595955953023937e-17 + 0.0im 1.330249436026278e-15 + 0.0im; 1.351216311985831e-15 + 0.0im -5.379907537374491e-15 + 0.0im; 1.3530778640484329e-15 + 0.0im 4.221684522075625e-15 + 0.0im; -1.8410814656695805e-15 + 0.0im 1.4174288738764578e-15 + 0.0im; -3.5815999112055255e-16 + 0.0im -2.3750608605080287e-14 + 0.0im; -4.440892098500626e-16 + 0.0im 1.9688702464956784e-5 + 0.0im; 1.3477698993238289e-15 + 0.0im -1.4410987569473983e-15 + 0.0im; 1.1536911836630328e-16 + 0.0im -1.5182315002126409e-16 + 0.0im; -4.262626258366503e-17 + 0.0im -7.672519285984338e-17 + 0.0im; -5.846517470517689e-18 + 0.0im 3.1480195513657386e-16 + 0.0im; 1.8549939664212073e-17 + 0.0im 3.48472017758802e-16 + 0.0im; 1.36356085360789e-16 + 0.0im 7.551896934935841e-17 + 0.0im; 6.741416636534895e-18 + 0.0im 5.927698305702684e-17 + 0.0im; -1.3499748186723173e-16 + 0.0im -1.228751319064407e-16 + 0.0im; -2.5544034482263025e-17 + 0.0im -4.648617741717238e-17 + 0.0im; 4.3151246464923076e-17 + 0.0im 2.0823063540055044e-5 + 0.0im; -3.164566359342339e-18 + 0.0im -2.432351984985118e-17 + 0.0im; -3.8362365456258554e-16 + 0.0im 4.639126903580295e-16 + 0.0im; 9.169573643807464e-18 + 0.0im -1.1411238374932045e-16 + 0.0im; -8.712482176489049e-17 + 0.0im 3.4184023521818947e-16 + 0.0im; 2.9050860676411893e-17 + 0.0im -2.705640615064623e-17 + 0.0im; 1.4008008086425514e-16 + 0.0im -8.33856241523127e-18 + 0.0im; -3.547407660500419e-17 + 0.0im 5.838907477844345e-17 + 0.0im; 3.262336331331939e-17 + 0.0im 7.36549986663133e-17 + 0.0im; -5.764683700351461e-17 + 0.0im -5.002320675812609e-18 + 0.0im; -8.565197162635485e-18 + 0.0im -1.5024969801873126e-7 + 0.0im; 7.802960489794702e-17 + 0.0im -2.2929790793543034e-15 + 0.0im; -2.668321710386093e-16 + 0.0im -1.0455493498121027e-15 + 0.0im; -9.191985922892756e-18 + 0.0im -1.0776319805684299e-15 + 0.0im; 1.5026201643063222e-16 + 0.0im 3.156724277332986e-15 + 0.0im; 2.4535879939823844e-16 + 0.0im -2.4058803185515003e-16 + 0.0im; -7.114149809246201e-17 + 0.0im 1.4355755753858437e-15 + 0.0im; -2.914335439641036e-16 + 0.0im -8.893970266094047e-5 + 0.0im; 2.6478867155384196e-16 + 0.0im -4.232811887255488e-15 + 0.0im; -2.072221301947562e-16 + 0.0im 2.9054286510003527e-15 + 0.0im; 8.072786281073746e-17 + 0.0im 1.3465417011762954e-15 + 0.0im; -3.872302451823566e-17 + 0.0im -2.4107911129796054e-15 + 0.0im; -1.826559035409002e-17 + 0.0im 1.965693874549799e-16 + 0.0im; -5.2806183273226926e-17 + 0.0im -3.0984146664601793e-15 + 0.0im; 2.672608385422006e-16 + 0.0im 4.2239882283454926e-15 + 0.0im; 8.673617379884035e-18 + 0.0im 1.0292283233061842e-6 + 0.0im; 4.699440420049276e-16 + 0.0im -1.151636309123869e-15 + 0.0im; 1.074023475924743e-16 + 0.0im 1.312635870068157e-15 + 0.0im; 4.037357323282859e-16 + 0.0im -2.9036318001501367e-15 + 0.0im; 5.663928556077742e-16 + 0.0im -3.8903919579097215e-15 + 0.0im; 3.7151879729084417e-16 + 0.0im -1.2025982383693419e-15 + 0.0im; -5.551115123125783e-16 + 0.0im 2.4587808647125767e-9 + 0.0im; 9.462494503875264e-17 + 0.0im -5.290824010710571e-16 + 0.0im; 3.7372849429974764e-17 + 0.0im -3.2645342625822847e-15 + 0.0im; 2.3435090067576195e-16 + 0.0im -2.1532838346115584e-15 + 0.0im; 2.220446049250313e-16 + 0.0im -5.7989338065685956e-5 + 0.0im; 7.390703676266358e-16 + 0.0im -1.3743683134356476e-15 + 0.0im; 4.790652277120464e-16 + 0.0im -9.902390784980771e-16 + 0.0im; -4.101154554448798e-16 + 0.0im -5.82596100699516e-15 + 0.0im; -7.771561172376096e-16 + 0.0im 1.131985864782658e-5 + 0.0im; -4.881193668024926e-16 + 0.0im 1.9549863938328792e-15 + 0.0im; 2.8320823849361877e-16 + 0.0im -2.728176452380305e-15 + 0.0im; 7.081547781712356e-16 + 0.0im 7.160962673136894e-16 + 0.0im; -6.245004513516506e-16 + 0.0im -5.768668693875099e-6 + 0.0im; -6.954000393065632e-16 + 0.0im -3.3413893657159735e-15 + 0.0im; -1.4136916435323079e-16 + 0.0im -4.574348298296704e-16 + 0.0im; 7.611194838837243e-16 + 0.0im -7.753878642132649e-16 + 0.0im], 2, 13, 225, [2.3615859505942885e-15, -5.841713135653414e-6, -2.4824793660273485, -3.4791407888250943, -0.3002535797815854, -0.5098563668101248, 1.0446598606389808, -0.7289873930984753, -0.7877225113773274, 2.3972940401685787, 0.057032947162766745, -0.04997407641412638, -0.06482724902008492, 0.11906079534443445, -2.8208830824787383, -1.9665598264755777, -0.524776679754637, -0.5024725879355655, 0.676619104487168, 0.06172156978002415, -0.015004845979948367, 0.0010127086037338938, -0.10388289988595403, 1.0043759317560377, -3.4594871445216984, 0.4843622906012578, 0.15276149703366276, -0.6748633137210054, -0.5973404648052024, 0.0047877161518764585, -0.02074020131334401, 1.961777420224732, 0.6498566108433682, 0.796642762567203, -1.9417033276783684, -0.2141738816697874, -0.8834303680734591, -0.038037508330515155, 2.00887336074862, -1.9056536988896762, -1.0141765840733115, 2.659591462835864, -0.09489199006915065, 1.4880274656090435, -2.0331014507707783, -0.02760090191926726, 0.6585416607081179, -0.49238848337669744, 0.35673374175091593, 1.1312083458463622, 0.2316855820435986, 0.3424675962933049, 0.15588451248940402, 0.8724139176750171, 0.41568331299963907, 0.1231677471244861, 0.6386177497536272, 0.4878458339669894, 0.6199026924845793, -0.509102481258655, -0.4351201424425563, 0.6312672835932931, -0.12098528327507585, -0.5017826938896253, 0.9099844265288989, 0.20914817034622984, 0.19164146022139333])
The first 2 eigvals are: ComplexF64[-75.01273581400972 + 0.0im, -74.68950372095323 + 0.0im]
NEW E0 FROM FULL MATRIX: -75.01273581400972 + 0.0im
NEW E1 FROM FULL MATRIX: -74.68950372095323 + 0.0im
Omega tilde, projection removed
65-element Vector{Float64}:
 -4.590807730053874e-5
  5.297619116849496e-17
  0.00023282402809501144
  3.2221001559297534e-17
 -3.894476070962316e-18
  8.744240733968471e-5
  6.510732993835729e-5
  2.8642791690838314e-18
  2.223414635113149e-18
 -1.4132371369495984e-30
 -1.0245017173621482e-6
  2.4459221895499803e-19
  1.9750514193220313e-6
 -8.756479004416241e-20
 -1.6663743982953995e-19
  5.863192334005436e-7
 -6.410605557934506e-8
 -2.590991332536073e-19
 -5.1498313145899005e-21
  3.3808286030636203e-32
  2.3721578269024493e-7
 -3.9648888398623583e-19
  3.548281880224267e-7
  4.1849277696480435e-7
 -6.861080400548386e-19
 -4.675305556939086e-19
 -4.214980922654088e-7
 -9.653605959617668e-33
  3.600789754904024e-21
 -1.109240957643933e-5
 -3.524124707932441e-19
  1.0888538912151638e-18
 -9.36040353313329e-5
  1.9289971598044855e-5
 -2.493593111446898e-18
 -1.0896791663227084e-18
  5.4630004221356566e-33
 -4.941037922937246e-5
 -5.1471425827004574e-5
 -2.8842335055036024e-18
 -6.439266168651099e-19
 -3.855102409225029e-6
  2.2108697945846718e-32
 -3.5582331387251364e-19
 -0.00031478989747413857
 -4.542925563147307e-18
 -6.223075995900094e-18
  0.0001559313984975355
  4.204522368891041e-32
 -1.9393169101582928e-18
  9.421788412327273e-5
 -9.001065246794245e-6
  5.2857446927921804e-18
 -1.7862835755797594e-18
 -3.7081452480569558e-31
  0.00035586363438198986
  5.351833395592539e-18
 -1.7700543488522686e-18
  5.130034270745554e-32
 -6.998506877501453e-5
  2.971933944218121e-32
 -1.0646806123654283e-18
 -5.613220483792745e-5
 -1.093067640518656e-18
 -6.0747293153659645e-5
Omega_tilde on L1: -1.5284145240031446e-33
Omega_tilde on R1: 1.8972302074776813e-18
DIIS dimension: 6
t at step 6 : 
2×5 Matrix{Float64}:
 -2.87153e-5    0.00320529    7.25712e-17  -0.0217127    -3.80557e-16
  9.71994e-17  -4.13626e-16  -0.00251504   -8.95864e-16   9.9205e-31
t2 at step 6 : 
2×5×2×5 Array{Float64, 4}:
[:, :, 1, 1] =
 -0.000521664  -0.000400079  7.24897e-18  -9.41798e-5   -1.11795e-19
 -1.27552e-18   5.77598e-18  0.000170646   2.05312e-18   2.76666e-32

[:, :, 2, 1] =
 -1.27552e-18   6.74322e-18  -0.000215805  -3.68686e-19  1.46097e-32
 -0.000369603  -0.000746232   3.38584e-18   0.000417776  1.19925e-19

[:, :, 1, 2] =
 -0.000400079  -0.0318038     8.20102e-16  -0.0386125    -3.23958e-17
  6.74322e-18   2.83861e-18  -0.0316517    -5.23682e-16   3.69702e-32

[:, :, 2, 2] =
  5.77598e-18   2.83861e-18  -0.0222136    -4.08545e-16   1.40686e-31
 -0.000746232  -0.0191773    -3.68186e-16   0.00335822   -5.72109e-18

[:, :, 1, 3] =
  7.24897e-18   8.20102e-16  -0.0587562    1.33611e-15   1.8182e-30
 -0.000215805  -0.0222136     1.2544e-15  -0.0553212    -5.43504e-17

[:, :, 2, 3] =
 0.000170646  -0.0316517     1.2544e-15  -0.0723128    -6.30564e-17
 3.38584e-18  -3.68186e-16  -0.10002     -1.41269e-15  -4.09697e-31

[:, :, 1, 4] =
 -9.41798e-5   -0.0386125     1.33611e-15  -0.0795626    -5.79042e-17
 -3.68686e-19  -4.08545e-16  -0.0723128    -1.01441e-15   7.40481e-32

[:, :, 2, 4] =
 2.05312e-18  -5.23682e-16  -0.0553212    -1.01441e-15   2.152e-32
 0.000417776   0.00335822   -1.41269e-15  -0.0555316    -3.37486e-17

[:, :, 1, 5] =
 -1.11795e-19  -3.23958e-17   1.8182e-30   -5.79042e-17  -0.0264952
  1.46097e-32   1.40686e-31  -6.30564e-17   2.152e-32    -1.08598e-16

[:, :, 2, 5] =
 2.76666e-32   3.69702e-32  -5.43504e-17   7.40481e-32  -1.08598e-16
 1.19925e-19  -5.72109e-18  -4.09697e-31  -3.37486e-17  -0.012747
Module of t 0.022091686877613793
Module of t2 0.21838150487927593
 --------------Energy at step 6 : -75.01275869977638
 --------------E_2 at step 6 : 8.00236697416617
E1 - E0 83.01512567394255
 --------------Difference at step 6 : 1.724115779211388e-5
 --------------Module of omegas 0.0009522888213300485
Omega_bj_0 0.0005182528140952767
Omega_bjck_0 0.0007989167790906006

######## END OF ITERATION 6 #########

global amplitudes = -(build_omega(F, g, L, t, t2, o, v)) = [-0.00040272946236448616, 4.560341329632859e-16, 0.00010712656100020628, 1.7094167937900028e-17, -1.2794159031349808e-18, -3.449683250451805e-6, -1.8583442135354947e-5, -2.0251703744508687e-18, 1.2328310385313914e-16, -6.653134285887437e-31, -1.4840850862306974e-5, 1.0831232255005516e-17, 8.366666984253226e-6, -6.037213256187098e-18, -1.8564415798377098e-17, 1.2722176419837199e-5, -6.325167746011551e-6, -7.701006312448764e-18, 5.296272710553965e-20, -5.037567530920852e-31, 9.10777059448986e-18, 9.045181949688544e-7, -6.64678242954165e-18, 5.221306164750228e-6, -5.1962782160425756e-6, -1.4455087082268863e-17, -1.0000167941515005e-17, 4.753547043625928e-6, -2.1761573067243623e-31, 3.6228309882220054e-20, 8.366666984229794e-6, -7.914030705242952e-18, -2.4626335324620682e-5, 3.3875898674233933e-18, 2.7504240111558678e-18, 2.074507826278299e-5, -7.928711747905662e-5, -9.509641372116795e-18, 1.007270851279272e-17, 4.8363359672682033e-32, -1.830070642966065e-18, 5.2213061647593365e-6, -1.545852924049618e-18, 4.910460818727059e-7, 3.2358979048120974e-5, 3.1708186387814026e-17, -1.8353376705331267e-17, 4.0711264005980635e-5, -9.189300724423729e-32, 2.033451453858652e-18, -4.24297126996561e-18, -5.196278216029782e-6, -2.5018776863078087e-18, 3.235897904804486e-5, 0.00015935355658998964, 3.8643948440573934e-17, 2.810670738943461e-20, -1.9897574849564162e-5, -4.281692593898988e-31, 1.748590376899848e-17, 1.2722176419836975e-5, -1.241599936980692e-17, 2.0745078262814315e-5, -2.179869919455267e-18, 4.845855536429502e-18, -6.726510867446118e-5, 5.9659002491667855e-5, 1.883648288066717e-17, 1.9720245713959168e-17, 3.5135544143059856e-31, -6.325167746024407e-6, -9.183061462783386e-18, -7.928711747905359e-5, -3.2618543967833563e-18, 3.663032887007014e-18, 5.9659002491932177e-5, -0.00010411641895888049, 8.211802903422597e-18, 1.8316409219748344e-17, -8.849292144854108e-32, -4.326835945260226e-18, 4.7535470436187575e-6, -3.770700744811233e-18, 4.071126400592642e-5, -1.989757484964049e-5, 1.0101767029006167e-18, -2.2264868778411994e-18, 6.957170717410126e-5, -9.369562601421211e-32, 1.0659122848522846e-17, 5.296272710557273e-20, -2.1979790925148795e-31, 1.0072708512792645e-17, -9.380660575127097e-32, -4.164149934850842e-31, 1.972024571395926e-17, 1.8316409219748344e-17, -8.546265825779926e-32, 6.417160124890161e-6, 5.300079980473667e-18, -5.017955175563032e-31, 3.6228309882218266e-20, 2.6313753511215757e-32, 2.0334514538586245e-18, 1.7485903768998442e-17, 3.325312264214606e-31, -8.829123950761521e-32, 1.0659122848522886e-17, -1.0181384120245084e-18, 2.6863752000287628e-6]
addition_t1 = reshape(amplitudes[1:n], (nv, no)) ./ pre_t[v, o] = [-3.883505636347197e-5 0.00012697859330647023 -2.4950011002113413e-18 -4.065744207694235e-5 1.6127184015052806e-19; 4.374211958496871e-17 1.9016381879926406e-17 -6.0728376856281096e-6 -3.952838960712478e-18 -6.800880704253914e-30]
addition_t2 = reshape(amplitudes[n + 1:end], (nv, no, nv, no)) ./ pre_t2[v, o, v, o] = [-7.155489398959811e-7 3.730484703428478e-7 -1.949348895202101e-19 -2.9209270462771434e-7 7.7263925940986035e-22; 2.189813174068176e-19 -8.119808520723522e-20 5.815423037915027e-7 -1.987962622740761e-19 -2.326595457672922e-32;;; 2.189813174068176e-19 -3.5113624821361213e-19 -2.3752662321045554e-7 -4.219153021122129e-19 -1.0209774719102741e-32; 4.338002376490204e-8 2.30532781180149e-7 -5.646938769960684e-19 2.1729808710178913e-7 3.4791017310522284e-21;;;; 3.730484703428478e-7 -1.4594967805452792e-5 -9.222151228172093e-19 -3.0477883766389385e-5 -2.019664554941448e-19; -3.5113624821361213e-19 -4.435538368626311e-19 7.347501404005535e-6 -1.3903850277095493e-18 -4.7280833980075627e-32;;; -8.119808520723522e-20 -4.435538368626311e-19 1.1460918150107797e-5 -1.2027561513856515e-18 -9.37118805188313e-32; 2.30532781180149e-7 2.7313174433104704e-7 -7.429841729177053e-19 1.4423819778713886e-5 7.160706972480279e-20;;;; -1.949348895202101e-19 -9.22215122817209e-19 0.00015537844185006347 1.888423544083084e-18 -2.476153500029892e-32; -2.3752662321045552e-7 1.1460918150107796e-5 2.2417018562124623e-18 -9.70495193029068e-6 -8.060834926467924e-20;;; 5.815423037915026e-7 7.3475014040055345e-6 2.2417018562124623e-18 2.9098408010449318e-5 -4.634944786676036e-19; -5.646938769960684e-19 -7.429841729177053e-19 -5.92068977394719e-5 4.675079929187107e-19 -1.3655609023238265e-31;;;; -2.9209270462771434e-7 -3.0477883766389385e-5 1.888423544083084e-18 -0.00011389459612075503 -3.275775921960272e-19; -4.219153021122129e-19 -1.2027561513856513e-18 2.909840801044931e-5 -1.1483760486017406e-18 -2.6176274640197684e-31;;; -1.987962622740761e-19 -1.390385027709549e-18 -9.704951930290679e-6 -1.1483760486017406e-18 -2.706521129219657e-31; 2.1729808710178913e-7 1.4423819778713885e-5 4.675079929187107e-19 6.789694293143984e-5 -1.8990598015749532e-19;;;; 7.7263925940986035e-22 -2.019664554941448e-19 -2.476153500029892e-32 -3.275775921960272e-19 7.416914250862774e-6; -1.0209774719102741e-32 -9.37118805188313e-32 -4.634944786676036e-19 -2.706521129219657e-31 -5.530561049377732e-19;;; -2.326595457672922e-32 -4.7280833980075627e-32 -8.060834926467924e-20 -2.6176274640197684e-31 -5.530561049377732e-19; 3.4791017310522284e-21 7.160706972480279e-20 -1.3655609023238265e-31 -1.8990598015749532e-19 2.753208447479708e-6]
(d, V, nconv, niter, nmult, resid) = eigs(A_imp, nev = n_ev, which = :SM, tol = 1.0e-12, maxiter = 1000) = (ComplexF64[0.32324035358573233 + 0.0im, 0.3948514527210119 + 0.0im], ComplexF64[7.017020268043389e-17 + 0.0im -7.404344491992805e-17 + 0.0im; 5.006557908137666e-17 + 0.0im -1.514671687321193e-16 + 0.0im; -9.993003193938701e-17 + 0.0im -1.688950091591638e-15 + 0.0im; -2.83853300702207e-17 + 0.0im -1.5010894581238497e-15 + 0.0im; -7.539106177554073e-16 + 0.0im -5.911671112492827e-15 + 0.0im; 1.6068452223203552e-15 + 0.0im 9.306123089226781e-15 + 0.0im; -1.6184734510859657e-15 + 0.0im -3.267631600844715e-16 + 0.0im; 1.1515302849581564e-15 + 0.0im -5.619336323217838e-15 + 0.0im; 0.958798227105153 + 0.0im -1.7363984429670454e-15 + 0.0im; -4.66163381090115e-15 + 0.0im 0.9597679509724015 + 0.0im; 1.665961612743285e-16 + 0.0im 2.991729312952232e-16 + 0.0im; -7.487500296463614e-17 + 0.0im 2.901817164287029e-16 + 0.0im; 1.6504032710174548e-16 + 0.0im 1.4786876341243754e-16 + 0.0im; 1.0528574946185585e-17 + 0.0im -8.918940575967044e-18 + 0.0im; -8.367193049953948e-17 + 0.0im 1.1937429598065424e-16 + 0.0im; -2.0041257381425537e-16 + 0.0im 1.6156937007287598e-17 + 0.0im; -2.069443254470137e-16 + 0.0im 1.291854922628727e-16 + 0.0im; 2.361955054096247e-16 + 0.0im 9.327821164267694e-17 + 0.0im; 0.00028277736480811797 + 0.0im -8.279562935892326e-17 + 0.0im; -6.4784560601439046e-18 + 0.0im 0.00013001963702965425 + 0.0im; -4.894598445526051e-16 + 0.0im 1.3460363016479772e-16 + 0.0im; -2.0168147461594572e-16 + 0.0im 4.44477156276197e-17 + 0.0im; -1.885638541272139e-16 + 0.0im 1.9353920218171662e-16 + 0.0im; -6.367166488296321e-17 + 0.0im -4.863669745611456e-17 + 0.0im; 2.4771440600795206e-16 + 0.0im 2.578222669569938e-17 + 0.0im; -2.1712402068460441e-16 + 0.0im -2.2780958834671994e-17 + 0.0im; 9.177626626739953e-17 + 0.0im -4.840092466431864e-17 + 0.0im; -6.580343321009238e-17 + 0.0im 0.00030652437397002744 + 0.0im; -0.0003086723423118348 + 0.0im 4.5360952015254126e-17 + 0.0im; 3.8135520466670977e-17 + 0.0im 8.767219611840186e-16 + 0.0im; -7.109594426450799e-16 + 0.0im -3.061975190421243e-16 + 0.0im; 3.556072831159581e-16 + 0.0im 1.582742566868811e-15 + 0.0im; 1.2930998683570164e-16 + 0.0im 8.242536037989585e-16 + 0.0im; 1.5121160491210127e-16 + 0.0im -9.09183430861257e-16 + 0.0im; 5.778426352774706e-17 + 0.0im -2.3088770807189547e-16 + 0.0im; 0.08238287330367566 + 0.0im -7.140949436364528e-16 + 0.0im; -5.72399818825362e-16 + 0.0im 0.05834270609673846 + 0.0im; -1.775872682876499e-16 + 0.0im 3.8026826208299134e-16 + 0.0im; -1.3988566251264251e-16 + 0.0im -3.975663417237135e-16 + 0.0im; 1.0762583542736871e-16 + 0.0im 3.352369105575762e-15 + 0.0im; 2.4059917353208867e-16 + 0.0im -4.507292359283958e-16 + 0.0im; -9.096985221603106e-16 + 0.0im -1.6645394136451913e-15 + 0.0im; -2.6935456839157675e-17 + 0.0im 0.05915711069610478 + 0.0im; 0.014265215289598563 + 0.0im 1.2412818407665255e-15 + 0.0im; 2.8723691301151075e-16 + 0.0im 1.998359651066836e-15 + 0.0im; -4.585698821317826e-16 + 0.0im 8.84492334491393e-16 + 0.0im; 7.343610406064942e-17 + 0.0im -1.0029876376239158e-15 + 0.0im; 4.3027064612935617e-16 + 0.0im -1.1769017419850489e-15 + 0.0im; -5.722601723916409e-15 + 0.0im 0.11543390583643239 + 0.0im; 0.137342947755525 + 0.0im 3.7625023668763667e-16 + 0.0im; -1.2907820451203269e-17 + 0.0im 1.7398833872324341e-15 + 0.0im; -1.841576320214535e-16 + 0.0im -2.7774649544584e-15 + 0.0im; 2.573699770201845e-16 + 0.0im -4.434294576540423e-15 + 0.0im; 0.16065698778677984 + 0.0im 3.197642326614133e-16 + 0.0im; 1.6684330836643765e-16 + 0.0im 0.15440484074505964 + 0.0im; 2.0870386701085424e-16 + 0.0im 1.0150363250302196e-15 + 0.0im; 6.782246417635913e-16 + 0.0im 4.1365337623959947e-16 + 0.0im; 0.1471965406509386 + 0.0im -2.680334934934517e-16 + 0.0im; -7.720898133695232e-16 + 0.0im 0.136017268418697 + 0.0im; -7.156639716894522e-16 + 0.0im -1.153104330158046e-15 + 0.0im; 3.224215303481842e-16 + 0.0im 0.12757505850710532 + 0.0im; 0.08587651410506214 + 0.0im 5.5196060148570526e-15 + 0.0im; 7.744847127805114e-16 + 0.0im -2.805369528540356e-15 + 0.0im; 2.5807697117419106e-17 + 0.0im -1.0608478744921713e-16 + 0.0im; -3.934157729409903e-16 + 0.0im 4.426375237212764e-15 + 0.0im], 2, 10, 180, [0.014593693394016134, -0.10388292538709469, 1.6316062722000264, 0.29085027848456213, -0.8276849390816325, -0.9501563220019736, -0.0207939429017423, 0.9892569166637889, -0.1196794683074823, -0.07179125864082446, 0.023838259787029362, 0.0066426159156029885, 0.5134404753374935, 0.5230369462401472, -0.4322895588346166, 0.15704680605213303, -0.08039407100232827, -0.14707783090000465, 0.17953674634518146, -0.06856309007458491, -0.027578418273677012, -0.47133634890553755, -0.7784839533758767, 0.028141699617831046, 0.31530428671063715, -0.1185897280748592, 0.1566602258181077, -0.008902226800907248, -0.1402002778952219, -0.9175065505055672, -1.0964334618170122, 1.6785800678449727, -0.0030383123095761443, 0.26327327481631074, 1.842078842966195, 0.0755109199520583, -0.2876151890369405, -1.499110576169686, 0.009192928295481512, -0.9704261173866091, 0.2538255134838764, -0.033230833866868634, -0.22174189107213227, 0.10040122624542075, -0.9927479103793603, -1.0321839111010682, 0.5544915223955472, -0.4616960888708147, -0.12646306529456164, 0.24712407835186395, -0.47945425501056593, 0.07698501027536736, 0.46464514722906886, 0.13416580355531962, 0.004637888872668138, -0.7871314878050842, -0.10671813447483733, 0.15088474061967244, 0.5945408127385556, -0.4868847579924799, 0.24947389151629643, 0.341143684072339, 0.8648854747722796, -0.5380877570607498, -0.05419053107160091])
[7.017020268043389e-17, 5.006557908137666e-17, -9.993003193938701e-17, -2.83853300702207e-17, -7.539106177554073e-16, 1.6068452223203552e-15, -1.6184734510859657e-15, 1.1515302849581564e-15, 0.958798227105153, -4.66163381090115e-15, 1.665961612743285e-16, -7.487500296463614e-17, 1.6504032710174548e-16, 1.0528574946185585e-17, -8.367193049953948e-17, -2.0041257381425537e-16, -2.069443254470137e-16, 2.361955054096247e-16, 0.00028277736480811797, -6.4784560601439046e-18, -4.894598445526051e-16, -2.0168147461594572e-16, -1.885638541272139e-16, -6.367166488296321e-17, 2.4771440600795206e-16, -2.1712402068460441e-16, 9.177626626739953e-17, -6.580343321009238e-17, -0.0003086723423118348, 3.8135520466670977e-17, -7.109594426450799e-16, 3.556072831159581e-16, 1.2930998683570164e-16, 1.5121160491210127e-16, 5.778426352774706e-17, 0.08238287330367566, -5.72399818825362e-16, -1.775872682876499e-16, -1.3988566251264251e-16, 1.0762583542736871e-16, 2.4059917353208867e-16, -9.096985221603106e-16, -2.6935456839157675e-17, 0.014265215289598563, 2.8723691301151075e-16, -4.585698821317826e-16, 7.343610406064942e-17, 4.3027064612935617e-16, -5.722601723916409e-15, 0.137342947755525, -1.2907820451203269e-17, -1.841576320214535e-16, 2.573699770201845e-16, 0.16065698778677984, 1.6684330836643765e-16, 2.0870386701085424e-16, 6.782246417635913e-16, 0.1471965406509386, -7.720898133695232e-16, -7.156639716894522e-16, 3.224215303481842e-16, 0.08587651410506214, 7.744847127805114e-16, 2.5807697117419106e-17, -3.934157729409903e-16]
(d, V, nconv, niter, nmult, resid) = eigs(A_imp, nev = n_ev, which = :SM, tol = 1.0e-12, maxiter = 1000) = (ComplexF64[0.32324035358573155 + 0.0im, 0.3948514527210339 + 0.0im], ComplexF64[7.839227345516762e-17 + 0.0im 5.774484650185823e-17 + 0.0im; 3.0040785793557865e-16 + 0.0im 2.0878753855111617e-16 + 0.0im; 6.010047227167032e-16 + 0.0im -2.3172257323516563e-15 + 0.0im; 1.8921548241646776e-16 + 0.0im -3.385261156745908e-16 + 0.0im; 1.0261410203546955e-15 + 0.0im -5.200180163343789e-15 + 0.0im; 1.7266623624798335e-15 + 0.0im 7.498154079907068e-15 + 0.0im; -6.3305482425577496e-15 + 0.0im -4.656514087270012e-15 + 0.0im; 1.1139211809725345e-15 + 0.0im 2.47548608516635e-15 + 0.0im; 0.9557921170755046 + 0.0im -1.4795205764915862e-14 + 0.0im; -1.1313644086065005e-14 + 0.0im -0.9607790768082609 + 0.0im; 3.599694517861189e-16 + 0.0im 8.549872209690563e-16 + 0.0im; 3.46672211529025e-17 + 0.0im -5.4302523525411643e-17 + 0.0im; -3.548355105414095e-16 + 0.0im -1.517989295907445e-16 + 0.0im; -1.5948876056158872e-17 + 0.0im 3.057708395852024e-16 + 0.0im; 3.608315893065e-18 + 0.0im -2.0500762226068165e-16 + 0.0im; 6.53496566205715e-17 + 0.0im -4.0001080611341125e-17 + 0.0im; 2.4003176022871593e-17 + 0.0im 8.335504836747173e-18 + 0.0im; 7.000784974292323e-17 + 0.0im 3.718863356537063e-17 + 0.0im; 0.0002503985029113413 + 0.0im -9.573139162195262e-18 + 0.0im; -1.9246194695346096e-16 + 0.0im 6.0623041569339956e-5 + 0.0im; 2.2746722931748694e-16 + 0.0im 5.866783318781749e-16 + 0.0im; -1.9706944666577e-16 + 0.0im 1.8506819531349177e-16 + 0.0im; -2.199415490630482e-16 + 0.0im 5.172542226819439e-17 + 0.0im; -4.4253823201002325e-18 + 0.0im 1.8549446147238438e-17 + 0.0im; 1.9321108510808822e-17 + 0.0im 1.2681553383118234e-16 + 0.0im; -4.499169664931463e-17 + 0.0im 6.30797503016597e-17 + 0.0im; -7.937438706821508e-17 + 0.0im 2.233734370538728e-17 + 0.0im; 7.023666808090752e-17 + 0.0im -0.00046009509014739535 + 0.0im; -0.0003195692510317692 + 0.0im -1.2831492285395598e-16 + 0.0im; -5.290774502928672e-16 + 0.0im -2.786667871975551e-16 + 0.0im; 3.4177147622807776e-16 + 0.0im 7.599889778788423e-16 + 0.0im; 6.44025852625297e-17 + 0.0im -2.4581380372880562e-16 + 0.0im; 1.0938359232417454e-15 + 0.0im -4.699673271097269e-17 + 0.0im; 5.007447085513378e-16 + 0.0im 7.046156605824216e-16 + 0.0im; -3.0865476366042147e-16 + 0.0im -9.342566930207743e-18 + 0.0im; 0.08496767342393206 + 0.0im -1.3004551295136102e-15 + 0.0im; 7.604026250514934e-17 + 0.0im -0.06896619324520405 + 0.0im; 1.1251987113669744e-16 + 0.0im 4.913372896963925e-16 + 0.0im; -1.1945881600398378e-16 + 0.0im 3.9160428976655955e-16 + 0.0im; 7.568021365468146e-16 + 0.0im 2.8532934987948977e-16 + 0.0im; -2.5580850463602232e-18 + 0.0im 1.366977574555775e-16 + 0.0im; 3.756051954823778e-18 + 0.0im 2.872709553738075e-16 + 0.0im; -2.2552864696018247e-15 + 0.0im -0.052880665378412246 + 0.0im; 0.01685236614618088 + 0.0im -7.653522640826854e-16 + 0.0im; 6.429510625048756e-16 + 0.0im 1.3033809509121444e-15 + 0.0im; 5.466729527908517e-17 + 0.0im -1.0410648901367953e-15 + 0.0im; -1.1318451795500424e-16 + 0.0im 1.2686067036660282e-15 + 0.0im; -8.938114543567849e-16 + 0.0im 4.0762370910177235e-15 + 0.0im; -6.6299380825695954e-15 + 0.0im -0.10896526551776993 + 0.0im; 0.08512523817225119 + 0.0im -1.0994500903021137e-15 + 0.0im; -1.3633238712369876e-16 + 0.0im 1.7799531876003966e-15 + 0.0im; -6.798660026454347e-16 + 0.0im -2.041973988295263e-16 + 0.0im; -8.460179015073576e-17 + 0.0im -4.426984612935918e-17 + 0.0im; 0.2148043698142899 + 0.0im -4.461154534817849e-15 + 0.0im; -9.215016335148885e-16 + 0.0im -0.1554609875704972 + 0.0im; -1.0202506144647991e-15 + 0.0im 1.1964800336097327e-15 + 0.0im; 1.6054975142142994e-16 + 0.0im 8.283597109215103e-16 + 0.0im; 0.14166471968069266 + 0.0im -4.182993705253042e-15 + 0.0im; -1.6615770469252085e-15 + 0.0im -0.1606581706124512 + 0.0im; -9.182902905307229e-16 + 0.0im 1.4364199778330937e-15 + 0.0im; -8.706396340602334e-16 + 0.0im -0.08659130494992964 + 0.0im; 0.07417304141804595 + 0.0im -4.4938414096984e-15 + 0.0im; 3.4316706590112986e-16 + 0.0im -4.865222051329954e-15 + 0.0im; 2.2688047428437405e-16 + 0.0im 1.9929574683665796e-16 + 0.0im; -1.762127122983547e-16 + 0.0im 4.672471349952996e-15 + 0.0im], 2, 9, 162, [-0.16700168876969765, -0.25373621738151886, 0.35103042579524457, 0.6070592829768169, 0.5136625172267828, -0.6797430216332985, 0.05281238266121727, -1.0589453212969107, 0.10854599459939884, 0.16538751160622372, 0.014039608434906677, 0.003861725894948656, 0.6242559710051796, -0.2694908669900291, -0.15095053024446856, 0.13170079356694112, -0.15135435194586186, -0.034623497865253976, 0.0006321558978398326, 0.04100527075267532, -0.004782765482264909, 0.20846928435260592, -0.33227141333909815, -0.09877181523537035, 0.35461336387771886, 0.13089491821582333, 0.012411187804493433, -0.056028767193928124, 0.00025018475522869363, -0.0410165633564585, -1.510702856256749, -0.46751641090206747, 0.48246156486878145, -0.5528493796343236, 1.716613564082969, 0.059640798773529326, -0.04600430062787385, -0.5266959599968605, -0.49676471362458174, -0.42382410243691254, -1.0892586713919397, 0.39775716476591894, -0.19767830181935034, -0.16135247479008613, -0.12841887271421434, -0.008782395819787486, 0.0005787701232288724, -0.2707395071990903, -0.7829278857687664, -0.8249073814544549, -0.40121076104188264, -0.41371601132599345, -0.16029175186002456, -0.06294875116014426, -0.21389041516790802, -0.3952806697818765, -0.5203478406630947, -0.038860435992868515, 0.44966397322219914, -0.4027333402666633, -1.1424371757755525, -0.2271525612718385, 0.08559093664697673, 0.8738407979194249, 0.04048379833332462])
[7.839227345516762e-17, 3.0040785793557865e-16, 6.010047227167032e-16, 1.8921548241646776e-16, 1.0261410203546955e-15, 1.7266623624798335e-15, -6.3305482425577496e-15, 1.1139211809725345e-15, 0.9557921170755046, -1.1313644086065005e-14, 3.599694517861189e-16, 3.46672211529025e-17, -3.548355105414095e-16, -1.5948876056158872e-17, 3.608315893065e-18, 6.53496566205715e-17, 2.4003176022871593e-17, 7.000784974292323e-17, 0.0002503985029113413, -1.9246194695346096e-16, 2.2746722931748694e-16, -1.9706944666577e-16, -2.199415490630482e-16, -4.4253823201002325e-18, 1.9321108510808822e-17, -4.499169664931463e-17, -7.937438706821508e-17, 7.023666808090752e-17, -0.0003195692510317692, -5.290774502928672e-16, 3.4177147622807776e-16, 6.44025852625297e-17, 1.0938359232417454e-15, 5.007447085513378e-16, -3.0865476366042147e-16, 0.08496767342393206, 7.604026250514934e-17, 1.1251987113669744e-16, -1.1945881600398378e-16, 7.568021365468146e-16, -2.5580850463602232e-18, 3.756051954823778e-18, -2.2552864696018247e-15, 0.01685236614618088, 6.429510625048756e-16, 5.466729527908517e-17, -1.1318451795500424e-16, -8.938114543567849e-16, -6.6299380825695954e-15, 0.08512523817225119, -1.3633238712369876e-16, -6.798660026454347e-16, -8.460179015073576e-17, 0.2148043698142899, -9.215016335148885e-16, -1.0202506144647991e-15, 1.6054975142142994e-16, 0.14166471968069266, -1.6615770469252085e-15, -9.182902905307229e-16, -8.706396340602334e-16, 0.07417304141804595, 3.4316706590112986e-16, 2.2688047428437405e-16, -1.762127122983547e-16]
Projection L1|R2: -1.3459412768803587e-14
scalar = l1_vec' * r1_vec = 0.9970756935517034
Check <L1|R1>: 0.9999999999999999
t before projection
65-element Vector{Float64}:
 -6.755039105580245e-5
  1.409415630372612e-16
  0.003332273467911359
 -3.9460963966965955e-16
  7.007616336196103e-17
 -0.002521113527056616
 -0.021753383195093925
 -8.998170638831816e-16
 -3.8039621508223754e-16
 -5.808830702564576e-30
 -0.0005223797889771804
 -1.0565433932257853e-18
 -0.0003997062242433257
  5.694781588959808e-18
  7.054032269476006e-18
  0.0001712274725886422
 -9.447192619454174e-5
  1.8543267039483024e-18
 -1.1102238955769344e-19
  4.400657585303865e-33
 -0.00036955940773446733
  6.392084191784978e-18
 -0.0007460014891545367
 -0.00021604225627949527
  2.8211413064833354e-18
 -7.906015841093509e-19
  0.00041799338747133276
  4.399931389454999e-33
  1.2340455376414756e-19
 -0.03181840160927475
  2.3950536275212605e-18
  8.191794556645482e-16
 -0.03164433813728836
 -0.03864298348999238
 -5.250721376374623e-16
 -3.259771909209731e-17
 -1.031067085844859e-32
 -0.019177007099228344
 -0.022202180825744152
 -3.689294419697513e-16
 -4.0974810779588388e-16
  0.0033726438360541303
  4.697443952310199e-32
 -5.649484247562379e-18
 -0.058600805563878
  1.2566412356640728e-15
  1.3379939353958793e-15
 -0.055330876802683164
  1.7934390761462867e-30
 -5.443097458937158e-17
 -0.10007937411499551
 -0.07228371068393323
 -1.412222724375037e-15
 -6.351992299032659e-17
 -5.462533254293035e-31
 -0.07967649145044804
 -1.0155619508679962e-15
 -5.823177520440998e-17
 -1.8771463132414782e-31
 -0.05546366212155637
 -2.491321097239696e-31
 -3.393849939381671e-17
 -0.026487777390636496
 -1.0915124444688444e-16
 -0.012744247812482814
t after projection
65-element Vector{Float64}:
 -6.755039105580245e-5
  1.409415630372612e-16
  0.003332273467911359
 -3.9460963966965955e-16
  7.007616336196096e-17
 -0.002521113527056616
 -0.021753383195093925
 -8.998170638831814e-16
 -2.8730931585479233e-16
 -6.2614150154296184e-30
 -0.0005223797889771804
 -1.0565433932257926e-18
 -0.0003997062242433257
  5.6947815889598086e-18
  7.054032269475999e-18
  0.0001712274725886422
 -9.447192619454174e-5
  1.8543267039483255e-18
 -8.356836709754456e-20
  3.771683345081465e-33
 -0.00036955940773446733
  6.392084191784958e-18
 -0.0007460014891545367
 -0.00021604225627949527
  2.8211413064833593e-18
 -7.90601584109372e-19
  0.00041799338747133276
 -1.9887303569710345e-33
  9.34364641173464e-20
 -0.03181840160927475
  2.3950536275211915e-18
  8.191794556645482e-16
 -0.03164433813728836
 -0.03864298348999238
 -5.250721376374623e-16
 -2.4599408281239292e-17
 -6.588328535282306e-32
 -0.019177007099228344
 -0.022202180825744152
 -3.689294419697513e-16
 -4.0974810779588388e-16
  0.0033726438360541303
  4.435935525870766e-32
 -4.2645164612431015e-18
 -0.058600805563878
  1.2566412356640728e-15
  1.3379939353958793e-15
 -0.055330876802683164
  1.2378485098168508e-30
 -4.1096751834371954e-17
 -0.10007937411499551
 -0.07228371068393323
 -1.412222724375037e-15
 -4.7922208675140725e-17
 -5.3005499944827634e-31
 -0.07967649145044804
 -1.0155619508679962e-15
 -4.394089610300366e-17
 -2.6267455993046505e-31
 -0.05546366212155637
 -2.1782915185879145e-31
 -2.560100127532521e-17
 -0.026487777390636496
 -1.0915124444688444e-16
 -0.012744247812482814
Omega original restricted
65-element Vector{Float64}:
 -0.00040272946236448616
  4.560341329632859e-16
  0.00010712656100020628
  1.7094167937900028e-17
 -1.2794159031349808e-18
 -3.449683250451805e-6
 -1.8583442135354947e-5
 -2.0251703744508687e-18
  1.2328310385313914e-16
 -6.653134285887437e-31
 -1.4840850862306974e-5
  9.10777059448986e-18
  8.366666984229794e-6
 -1.830070642966065e-18
 -4.24297126996561e-18
  1.2722176419836975e-5
 -6.325167746024407e-6
 -4.326835945260226e-18
  5.296272710557273e-20
 -5.017955175563032e-31
  9.045181949688544e-7
 -7.914030705242952e-18
  5.2213061647593365e-6
 -5.196278216029782e-6
 -1.241599936980692e-17
 -9.183061462783386e-18
  4.7535470436187575e-6
 -2.1979790925148795e-31
  3.6228309882218266e-20
 -2.4626335324620682e-5
 -1.545852924049618e-18
 -2.5018776863078087e-18
  2.0745078262814315e-5
 -7.928711747905359e-5
 -3.770700744811233e-18
  1.0072708512792645e-17
  2.6313753511215757e-32
  4.910460818727059e-7
  3.235897904804486e-5
 -2.179869919455267e-18
 -3.2618543967833563e-18
  4.071126400592642e-5
 -9.380660575127097e-32
  2.0334514538586245e-18
  0.00015935355658998964
  4.845855536429502e-18
  3.663032887007014e-18
 -1.989757484964049e-5
 -4.164149934850842e-31
  1.7485903768998442e-17
 -6.726510867446118e-5
  5.9659002491932177e-5
  1.0101767029006167e-18
  1.972024571395926e-17
  3.325312264214606e-31
 -0.00010411641895888049
 -2.2264868778411994e-18
  1.8316409219748344e-17
 -8.829123950761521e-32
  6.957170717410126e-5
 -8.546265825779926e-32
  1.0659122848522886e-17
  6.417160124890161e-6
 -1.0181384120245084e-18
  2.6863752000287628e-6
Omega restricted
65-element Vector{Float64}:
  3.883505636347197e-5
 -4.374211958496871e-17
 -0.00012697859330647023
 -1.9016381879926406e-17
  2.4950011002113413e-18
  6.0728376856281096e-6
  4.065744207694235e-5
  3.952838960712478e-18
 -1.6127184015052806e-19
  6.800880704253914e-30
  7.155489398959811e-7
 -2.189813174068176e-19
 -3.730484703428478e-7
  8.119808520723522e-20
  1.949348895202101e-19
 -5.815423037915026e-7
  2.9209270462771434e-7
  1.987962622740761e-19
 -7.7263925940986035e-22
  2.326595457672922e-32
 -4.338002376490204e-8
  3.5113624821361213e-19
 -2.30532781180149e-7
  2.3752662321045552e-7
  5.646938769960684e-19
  4.219153021122129e-19
 -2.1729808710178913e-7
  1.0209774719102741e-32
 -3.4791017310522284e-21
  1.4594967805452792e-5
  4.435538368626311e-19
  9.22215122817209e-19
 -7.3475014040055345e-6
  3.0477883766389385e-5
  1.390385027709549e-18
  2.019664554941448e-19
  4.7280833980075627e-32
 -2.7313174433104704e-7
 -1.1460918150107796e-5
  7.429841729177053e-19
  1.2027561513856513e-18
 -1.4423819778713885e-5
  9.37118805188313e-32
 -7.160706972480279e-20
 -0.00015537844185006347
 -2.2417018562124623e-18
 -1.888423544083084e-18
  9.704951930290679e-6
  2.476153500029892e-32
  8.060834926467924e-20
  5.92068977394719e-5
 -2.909840801044931e-5
 -4.675079929187107e-19
  4.634944786676036e-19
  1.3655609023238265e-31
  0.00011389459612075503
  1.1483760486017406e-18
  3.275775921960272e-19
  2.6176274640197684e-31
 -6.789694293143984e-5
  2.706521129219657e-31
  1.8990598015749532e-19
 -7.416914250862774e-6
  5.530561049377732e-19
 -2.753208447479708e-6
Omega resricted on L21.7267191972655246e-19
Omega resricted on L1 (<L1|H|HF>): -4.44313815825572e-19
Omega resricted on R1 (<R1|H|HF>): -4.44313815825572e-19
<L1[D]|R1[S]H[S]|HF> additional: 4.047980195434995e-6
<L1|H|R1> with nuclear repulsion : -74.68951380292997
<HF|H|R1>: -5.6168665212100145e-18
L1 * A * R1: 0.32324035358572906
Reduced matrix[-75.0127582044959 -5.6168665212100145e-18; -1.2846957346434383e-16 -74.68951380292997]
Matrix
2×2 Matrix{Float64}:
 -75.0128       -5.61687e-18
  -1.2847e-16  -74.6895
NEW E0 FROM MATRIX: -75.0127582044959
NEW E1 FROM MATRIX: -74.68951380292997
[1.0 -1.737653148515361e-17; 0.0 1.0]
Evaluating remaining element <mu_tilde|H|R1>
Norm of element <mu_tilde|H|R1>: 0.00036187950128747654
65-element Vector{Float64}:
 -2.8404759076005597e-22
 -2.026644725943973e-22
  4.045147902198251e-22
  1.1490325396513884e-22
  3.0518152498020513e-21
 -6.504477637082139e-21
  6.551548476833318e-21
 -4.661371787954233e-21
 -3.881196234739843e-6
  1.8870201344898018e-20
 -2.6821568709807025e-20
 -1.8352607414133217e-20
  4.0709917949321983e-20
  1.053447183014949e-20
  2.8126485012163326e-19
 -5.985483848457207e-19
  6.044918160028364e-19
 -4.30045398542899e-19
 -0.00035727359331828797
  1.7370687839887697e-18
  1.9813237572308835e-21
  3.771342578552056e-21
  7.633027470703902e-22
  2.577416381365961e-22
 -1.4369113596924747e-21
  1.2856032530501275e-21
 -3.7150850777280867e-22
  4.069003198467894e-16
  1.2494995285568387e-9
 -6.052381009870853e-21
  1.2026081667472178e-21
 -4.5936342254329764e-20
  9.518138343753966e-20
 -9.694839621006596e-20
  6.77310060764925e-20
  5.625611784334953e-5
 -2.728190342856472e-19
  7.188697449894783e-22
  5.662543914677625e-22
 -1.8950986697949522e-22
 -1.2045185918946157e-21
  3.6824416015348474e-21
  1.1133305225321658e-17
 -5.774530897591147e-8
 -1.1627293352675154e-21
  8.394189391789868e-21
 -6.4213865291717436e-21
 -1.7417270542086298e-21
 -1.2033297855478064e-18
 -5.559615324970284e-7
 -1.3882299899095347e-20
  2.7833479467240023e-20
 -1.1027891126424548e-20
 -8.965027807113001e-6
  3.975027731241558e-20
 -1.3991909407468322e-20
  6.60859743080788e-21
  7.192599910348025e-6
 -3.47416821094462e-20
  2.8969935839829684e-21
 -1.9037532618561772e-18
 -3.4762642835028556e-7
 -8.912818850218287e-17
 -1.0446904887212969e-22
  1.5925392574368795e-21
Evaluating remaining element <HF|H|nu_tilde>
Norm of element <HF|H|nu_tilde>: 0.6310593501491687
65-element Vector{Float64}:
  0.00021250432349220416
 -4.976050460683657e-15
 -0.002530616168897871
  1.2028319812212952e-15
  2.4032731896789713e-16
 -0.006422283033789284
 -0.004490557919978835
  6.324308050495991e-16
 -1.449930361991022e-17
 -3.962613871989554e-31
  0.05239336012754763
 -4.9873299934333204e-18
  0.019651963684992408
 -2.645453300864631e-16
  4.7704895589362195e-17
 -0.029156979521037844
 -0.003541965152492765
 -1.3140530330524314e-16
  1.4105799359664056e-21
 -1.0842036100579514e-33
  0.039043531449969804
 -1.5525775109992423e-16
  0.03820659895705575
  0.02369421286935847
  2.2724877535296173e-16
  4.917941054394248e-16
 -0.0224954053985897
  3.9566704118490494e-34
 -1.8002422874582135e-21
  0.19030556275555352
 -1.986258379993444e-16
 -2.581268532253489e-15
  0.2150135516546591
  0.1205037915945526
  2.8622937353617317e-15
  4.786518047992531e-19
  4.283606625769649e-34
  0.1356328370711587
 -0.016737182000169673
  1.797173521111972e-15
  9.992007221626409e-16
 -0.03437710461989834
 -1.2704795783077157e-32
  9.493511056565331e-20
  0.14998000751864307
 -3.5318969970887792e-15
 -3.1988300897012323e-15
  0.01676122299106253
 -3.734869628706822e-32
  4.79539420619677e-19
  0.31889801799346934
  0.2912998997620643
  3.899658373995862e-15
  1.2100660774526598e-18
 -5.1911321357085296e-33
  0.19114032976697187
  2.2273849431542203e-15
  7.98045550961796e-19
 -9.360228664325824e-33
  0.14190557721937125
 -4.904609192880578e-33
  4.1784197108776703e-19
  0.06920626869936716
  8.153200337090993e-17
  0.0500826884913902
Evaluating remaining element <L1|H|nu_tilde>
Norm of element <L1|H|nu_tilde>: 1.2416733523930817e-6
65-element Vector{Float64}:
 -1.7956655079767337e-19
 -2.6375395909126203e-20
 -7.827915316611913e-18
  1.8820113886183652e-20
 -3.099770582401922e-21
 -1.999672982707335e-17
 -1.3163087079085564e-17
 -4.691240998890704e-20
  3.4155628147752875e-7
 -7.974132562477272e-20
 -1.461422860085237e-21
 -1.4074380266741254e-22
  1.4405798161543572e-21
  6.475008350148965e-23
 -1.4649230112079794e-23
 -2.6530996341536366e-22
 -9.744935293930708e-23
 -2.8422154016699727e-22
 -1.0165809750522424e-9
  7.81367106510526e-22
 -9.234833878135355e-22
  8.000728754972938e-22
  8.929302364087224e-22
  1.7966399246162133e-23
 -7.844084968815758e-23
  1.8265964978716084e-22
  3.222482996575674e-22
 -2.8515050885663944e-22
  1.29740400614782e-9
  2.147976381820917e-21
 -1.3875417644649466e-21
 -2.6146499344386564e-22
 -4.440812450823557e-21
 -2.032949630899385e-21
  1.2530927978731896e-21
 -3.4495621696190705e-7
 -3.0871224588784065e-22
 -4.568140742973894e-22
  4.849851666042684e-22
 -3.0725050068082294e-21
  1.0385447837985665e-23
 -1.5249016724087983e-23
  9.156130294843348e-21
 -6.841811995532506e-8
 -2.6102864451370393e-21
 -2.219411525713405e-22
  4.595124423098329e-22
  3.62874262113541e-21
  2.691657035545848e-20
 -3.4559590659110914e-7
  5.534893756233083e-22
  2.7601556552391936e-21
  3.434707848594919e-22
 -8.720740466591777e-7
  3.741160662779545e-21
  4.1420669548392034e-21
 -6.518083013546645e-22
 -5.751378590090536e-7
  6.7457576417129145e-21
  3.728123084103501e-21
  3.534668449776869e-21
 -3.011316037861674e-7
 -1.3932076526156696e-21
 -9.211012489559005e-22
  7.153976114157834e-22
Building the whole matrix...
(d, V, nconv, niter, nmult, resid) = eigs(A_imp, nev = n_ev, which = :SM, tol = 1.0e-12, maxiter = 1000) = (ComplexF64[2.0911970819008737e-16 + 0.0im, 0.32324440158399337 + 0.0im], ComplexF64[-0.9999999999999993 + 0.0im 2.0667300261288537e-14 + 0.0im; -2.377732428265862e-15 + 0.0im 0.9999999987339222 + 0.0im; -1.854895236178361e-17 + 0.0im 1.5482573373891197e-16 + 0.0im; -7.577522599557597e-17 + 0.0im -2.790423507277785e-16 + 0.0im; 4.16344458003201e-16 + 0.0im -1.1027373547012204e-14 + 0.0im; 1.3713881059933102e-16 + 0.0im -4.727326728760981e-15 + 0.0im; 3.076052670855936e-16 + 0.0im -4.5182908850978997e-14 + 0.0im; -6.473602435093732e-17 + 0.0im 2.7249059753900543e-14 + 0.0im; 2.494885420620249e-16 + 0.0im 1.3195187517073165e-15 + 0.0im; 6.597515646309418e-17 + 0.0im 7.427612602680856e-14 + 0.0im; -1.0187367107786784e-16 + 0.0im 4.277718058442013e-6 + 0.0im; -1.537806867438335e-15 + 0.0im 4.37735991794922e-14 + 0.0im; -1.958940439492224e-16 + 0.0im -2.869233186537816e-17 + 0.0im; -8.737849155675322e-17 + 0.0im -2.0517502698832963e-17 + 0.0im; 1.9060625274113588e-16 + 0.0im 3.8698432168469173e-16 + 0.0im; 1.484666270711588e-17 + 0.0im 2.269908799716523e-16 + 0.0im; -8.746433201048028e-17 + 0.0im 1.4792038245686277e-16 + 0.0im; 2.608801421232157e-17 + 0.0im 9.18576516273302e-16 + 0.0im; -7.587243045087854e-17 + 0.0im 5.430270361838034e-16 + 0.0im; -3.20471232322557e-17 + 0.0im -1.6136463382832457e-16 + 0.0im; -2.0662630465475152e-17 + 0.0im 1.756663037576846e-5 + 0.0im; -3.629738791527001e-17 + 0.0im -4.543602970356589e-16 + 0.0im; 1.5139610879174538e-16 + 0.0im -4.3610159177019e-18 + 0.0im; 2.253997544141988e-17 + 0.0im -2.1891597629964104e-16 + 0.0im; -5.3090138510439765e-17 + 0.0im 5.102620164734309e-16 + 0.0im; 7.350039843191643e-17 + 0.0im 1.6159372719153973e-16 + 0.0im; -6.320897133698914e-17 + 0.0im -3.410798273409331e-16 + 0.0im; 5.0600807486715645e-17 + 0.0im -7.833191190242606e-17 + 0.0im; 2.2427930504870876e-17 + 0.0im -1.027180463485351e-16 + 0.0im; 5.3375029163159064e-17 + 0.0im -4.784679063666262e-16 + 0.0im; -4.839529808180214e-17 + 0.0im -8.326185234404696e-8 + 0.0im; 4.0805358789898546e-17 + 0.0im -6.038621357621245e-15 + 0.0im; 1.1809427524851685e-16 + 0.0im -8.894149417986548e-16 + 0.0im; 4.210640243666777e-17 + 0.0im 1.333970520986507e-15 + 0.0im; -1.157691784422849e-16 + 0.0im -4.658189702436355e-16 + 0.0im; -8.921643992681057e-17 + 0.0im 4.468349149598494e-15 + 0.0im; -9.244063003836868e-17 + 0.0im 3.3600760653652874e-15 + 0.0im; -4.604824817093245e-17 + 0.0im -3.96904424203834e-5 + 0.0im; 1.7081172420644038e-17 + 0.0im -5.976070061201335e-15 + 0.0im; 5.095284358968541e-16 + 0.0im 5.661648640162741e-15 + 0.0im; -3.7358494149642165e-16 + 0.0im 1.1519135397376956e-15 + 0.0im; -1.2818518892004922e-16 + 0.0im -4.841047698823539e-15 + 0.0im; 5.068078178091688e-17 + 0.0im 1.6323416261847134e-15 + 0.0im; 2.3647997503220614e-16 + 0.0im -3.736471312217918e-16 + 0.0im; -1.706245148333838e-16 + 0.0im 1.0947230779554627e-14 + 0.0im; -4.6535600992569607e-17 + 0.0im 3.4356888614395094e-6 + 0.0im; 1.4680464960921928e-17 + 0.0im -1.3100224804389714e-15 + 0.0im; 2.6194733028475826e-16 + 0.0im -9.789473218803451e-15 + 0.0im; 4.345725256347996e-16 + 0.0im 1.5946013683322908e-14 + 0.0im; -4.845063404740666e-16 + 0.0im 1.8745268721537407e-14 + 0.0im; -9.717547522224271e-17 + 0.0im -6.2629796614062526e-15 + 0.0im; -2.8029644111427494e-16 + 0.0im -5.059149742097133e-6 + 0.0im; -4.897928154462568e-16 + 0.0im 4.229636644205264e-15 + 0.0im; -1.6838418500024837e-16 + 0.0im 1.0463536103720946e-14 + 0.0im; -1.1176747435177024e-16 + 0.0im 9.619352865403618e-16 + 0.0im; 1.9838133849696835e-17 + 0.0im 1.0277817029659062e-5 + 0.0im; -4.490713793504356e-16 + 0.0im 1.0999451016591753e-14 + 0.0im; 3.4336468440265434e-17 + 0.0im 5.165338733673605e-15 + 0.0im; -1.997379760626005e-16 + 0.0im 2.2574455793789246e-14 + 0.0im; 2.7262713405674923e-16 + 0.0im -2.121569164135705e-5 + 0.0im; -1.1564563358572984e-16 + 0.0im -3.17783176139961e-16 + 0.0im; 1.1837243617593093e-16 + 0.0im 1.1008880990725173e-14 + 0.0im; 1.0503248013664165e-16 + 0.0im 8.147973092297623e-15 + 0.0im; -1.8560187034057086e-16 + 0.0im 6.0659090539707475e-6 + 0.0im; -5.0838230112867324e-17 + 0.0im -1.3183634695834702e-14 + 0.0im; -1.8662243966133128e-16 + 0.0im 6.969530462456365e-16 + 0.0im; -2.190060213985539e-17 + 0.0im 1.2275824936716032e-14 + 0.0im], 2, 12, 212, [-2.909622800054957e-15, 3.5282647568512404e-6, 0.7052127728236123, -1.277716390751467, -0.8889937524208454, -0.5074218918173917, -1.749338796655151, 2.0754543266722583, -0.07940801185998636, 2.7569972379034624, 0.03980785915036338, 0.7516075086373672, 0.009550693631843103, 0.011283050809515157, 0.9422333297945755, 0.5784011877714782, 0.40188916427563676, 2.7323264228559085, 1.6725016937712107, -0.5318130427661052, -0.07419757602135114, -1.4125462641331008, 0.05403566343459053, -0.6948167412723034, 1.480922674380962, 0.5059899979867786, -1.1246203291568735, -0.3031634583735389, -0.36201330989911645, -1.4426119944445333, -0.0979359973060688, -2.156013167484484, -0.02118470170629658, -0.025606764233461685, 0.07422879612787463, 0.9792718085781927, 0.13376045304142106, 0.04554546921323533, -1.7337961372984596, 2.2731463619669334, 0.4970378611987925, 0.18740524461976943, 0.04704140700567521, -0.12460173761582866, 1.739631544502972, -0.11131084577470327, -0.6081189957385825, -0.34856784839311683, 0.876116491267697, 2.162948954228389, -0.7966585211848207, 1.0034188273969198, 0.7151545178450636, 1.2855928613290146, 0.3249021045499833, 0.23997190177970495, -0.04504048876091776, 0.170745238807141, 1.181563093739187, -0.5600251254105665, -0.6872442955478273, 1.8221996480539426, 0.11909496778794115, -1.563560767461527, -1.1500984401295389, 0.2722765777083926, 1.3181523024614297])
The first 2 eigvals are: ComplexF64[-75.0127582044959 + 0.0im, -74.6895138029119 + 0.0im]
NEW E0 FROM FULL MATRIX: -75.0127582044959 + 0.0im
NEW E1 FROM FULL MATRIX: -74.6895138029119 + 0.0im
Omega tilde, projection removed
65-element Vector{Float64}:
  3.883505636347197e-5
 -4.374211958496871e-17
 -0.00012697859330647023
 -1.9016381879926406e-17
  2.495001100211341e-18
  6.0728376856281096e-6
  4.065744207694235e-5
  3.952838960712479e-18
  2.647354587413558e-19
  6.79880947594741e-30
  7.155489398959811e-7
 -2.1898131740681765e-19
 -3.730484703428478e-7
  8.119808520723522e-20
  1.9493488952021006e-19
 -5.815423037915026e-7
  2.9209270462771434e-7
  1.987962622740762e-19
 -6.469973694228656e-22
  2.3263076109196479e-32
 -4.338002376490204e-8
  3.5113624821361204e-19
 -2.30532781180149e-7
  2.3752662321045552e-7
  5.646938769960685e-19
  4.219153021122128e-19
 -2.1729808710178913e-7
  1.0180537344598742e-32
 -3.616249117304617e-21
  1.4594967805452792e-5
  4.435538368626308e-19
  9.222151228172093e-19
 -7.3475014040055345e-6
  3.0477883766389385e-5
  1.390385027709549e-18
  2.3857030429037557e-19
  4.702650883239546e-32
 -2.7313174433104704e-7
 -1.1460918150107796e-5
  7.429841729177053e-19
  1.2027561513856515e-18
 -1.4423819778713885e-5
  9.369991272322209e-32
 -6.526883748590795e-20
 -0.00015537844185006347
 -2.2417018562124627e-18
 -1.888423544083084e-18
  9.704951930290679e-6
  2.221890399189562e-32
  1.4163171845866872e-19
  5.92068977394719e-5
 -2.909840801044931e-5
 -4.675079929187106e-19
  5.348765979501901e-19
  1.366302210193679e-31
  0.00011389459612075503
  1.148376048601741e-18
  3.9297904884896966e-19
  2.6141969623083856e-31
 -6.789694293143984e-5
  2.70795369262419e-31
  2.2806210182931404e-19
 -7.416914250862774e-6
  5.530561049377732e-19
 -2.753208447479708e-6
Omega_tilde on L1: 5.525333899438573e-35
Omega_tilde on R1: 4.657069491099036e-19
DIIS dimension: 7
t at step 7 : 
2×5 Matrix{Float64}:
 -6.84765e-5    0.00332375    6.99903e-17  -0.0217625   -1.7744e-16
  1.42018e-16  -3.95932e-16  -0.00252414   -9.0102e-16  -5.54418e-30
t2 at step 7 : 
2×5×2×5 Array{Float64, 4}:
[:, :, 1, 1] =
 -0.000522371  -0.000399965  7.03879e-18  -9.4506e-5    -5.01929e-20
 -1.04724e-18   5.69138e-18  0.000171251   1.85297e-18  -3.85391e-33

[:, :, 2, 1] =
 -1.04724e-18   6.37879e-18  -0.000216149  -8.07445e-19  -2.40964e-33
 -0.000369594  -0.000746023   2.80843e-18   0.000418113   5.80484e-20

[:, :, 1, 2] =
 -0.000399965  -0.0318204     8.18841e-16  -0.0386525    -1.50045e-17
  6.37879e-18   2.36687e-18  -0.0316287    -5.24971e-16   2.54625e-32

[:, :, 2, 2] =
  5.69138e-18   2.36687e-18  -0.0221923    -4.09894e-16   1.37151e-31
 -0.000746023  -0.0191699    -3.68634e-16   0.00337657   -2.55493e-18

[:, :, 1, 3] =
  7.03879e-18   8.18841e-16  -0.0585223     1.33938e-15   8.40398e-31
 -0.000216149  -0.0221923     1.25781e-15  -0.0553585    -2.50335e-17

[:, :, 2, 3] =
 0.000171251  -0.0316287     1.25781e-15  -0.0722782    -2.92776e-17
 2.80843e-18  -3.68634e-16  -0.100108     -1.41299e-15  -3.53572e-32

[:, :, 1, 4] =
 -9.4506e-5    -0.0386525     1.33938e-15  -0.0797568    -2.68316e-17
 -8.07445e-19  -4.09894e-16  -0.0722782    -1.01664e-15  -3.7127e-32

[:, :, 2, 4] =
 1.85297e-18  -5.24971e-16  -0.0553585    -1.01664e-15   4.53085e-32
 0.000418113   0.00337657   -1.41299e-15  -0.0554407    -1.56049e-17

[:, :, 1, 5] =
 -5.01929e-20  -1.50045e-17   8.40398e-31  -2.68316e-17  -0.0264782
 -2.40964e-33   1.37151e-31  -2.92776e-17   4.53085e-32  -1.0909e-16

[:, :, 2, 5] =
 -3.85391e-33   2.54625e-32  -2.50335e-17  -3.7127e-32   -1.0909e-16
  5.80484e-20  -2.55493e-18  -3.53572e-32  -1.56049e-17  -0.0127348
Module of t 0.022159186476550487
Module of t2 0.2184052627478676
 --------------Energy at step 7 : -75.01275888640868
 --------------E_2 at step 7 : 8.00236697416617
E1 - E0 83.01512586057484
 --------------Difference at step 7 : 1.8663229184312513e-7
 --------------Module of omegas 0.0004979452035690146
Omega_bj_0 0.00041716227605602776
Omega_bjck_0 0.0002718916350186998

######## END OF ITERATION 7 #########

global amplitudes = -(build_omega(F, g, L, t, t2, o, v)) = [0.0003916606135738267, -4.459772987376621e-16, -4.196428040701893e-5, -9.777591560834107e-18, 1.37083459216381e-18, 1.6521636048797456e-5, -1.013039229110109e-5, 2.7715494098531484e-18, 5.75508268656385e-17, 2.4416185793097795e-30, 1.2680694696643895e-5, -7.761984050965692e-18, -6.82897850499579e-6, -2.7505937976303863e-18, -1.0598919080476802e-17, -1.1814109825085794e-5, -1.0435405597390666e-5, 5.424070122819645e-19, -1.0866328165423563e-20, 1.2302101533050485e-31, -9.484988106685248e-18, 3.948554044811001e-7, 9.022869913478988e-18, -1.4006748062895047e-6, -1.3972588507174729e-6, 1.0205020310000858e-17, 8.052324396809012e-18, -2.9140128962554683e-6, 7.519223129031425e-32, -2.9785748835571924e-20, -6.828978505020522e-6, 7.758263876941223e-18, -4.775330103863981e-6, 4.712065242050331e-18, 5.7350521929618986e-18, 4.046427541499185e-6, -2.568327682352981e-5, -4.229611700589743e-18, 4.571673875718448e-18, -4.243239190729257e-31, 1.4563304517405388e-18, -1.4006748062799648e-6, -2.1670758145669262e-19, -6.559086185242098e-6, 2.2331541080722418e-6, 3.635405157453663e-17, -1.4457531767759564e-17, 3.099873093343932e-5, -4.89794108473909e-31, 7.533284802018994e-19, 3.7211962770887576e-18, -1.3972588507047886e-6, 4.939748293434084e-19, 2.2331541080100086e-6, 3.1169178446686016e-5, 3.428041536144231e-17, -3.4560485286953926e-18, -2.6197362619392704e-6, -6.489540690065122e-31, 7.835389977526572e-18, -1.181410982508598e-5, 1.2245958461417478e-17, 4.046427541533987e-6, 2.4575306461514783e-18, 4.85067510867207e-19, -2.698427714679149e-5, 2.080270756701895e-5, 1.5247762131581743e-17, 9.07436857425643e-18, -7.753472983701096e-31, -1.043540559740342e-5, 8.868713502026588e-18, -2.5683276823505312e-5, 6.355515695892146e-19, 1.9481539517483083e-19, 2.080270756728978e-5, -2.508734953069344e-5, 8.1223759632251e-18, 8.395086048430673e-18, -5.4888617968211934e-31, 3.916598026486013e-18, -2.9140128962635075e-6, 1.5059003648806582e-18, 3.099873093338538e-5, -2.6197362620155974e-6, -2.584111407799037e-18, -2.3187432636181034e-18, 2.9183335641137067e-5, -5.257842203827235e-31, 4.821418372941277e-18, -1.0866328165407475e-20, 7.417431105962501e-32, 4.5716738757184084e-18, -4.90697491874274e-31, -6.434865320729789e-31, 9.074368574256468e-18, 8.395086048430678e-18, -5.219645913016951e-31, 3.6752571236685663e-6, 7.229754470200152e-18, 1.239361147842934e-31, -2.978574883557257e-20, -4.345959758638324e-31, 7.533284802018862e-19, 7.835389977526557e-18, -7.8412319865323785e-31, -5.487801576899205e-31, 4.821418372941294e-18, 9.132001781083325e-19, -5.935179745976406e-6]
addition_t1 = reshape(amplitudes[1:n], (nv, no)) ./ pre_t[v, o] = [3.7767691278880844e-5 -4.974084153780753e-5 2.6732775536679458e-18 -2.2163592449245625e-5 3.7019450580878267e-19; -4.277748291953986e-17 -1.0877067293490543e-17 2.908476133634253e-5 5.409662627411046e-18 5.576670845772524e-30]
addition_t2 = reshape(amplitudes[n + 1:end], (nv, no, nv, no)) ./ pre_t2[v, o, v, o] = [6.11397401100064e-7 -3.0448683927589247e-7 1.7096297358694953e-19 -4.819011870078224e-7 -1.2863493975252565e-21; -2.2805089013183086e-19 6.46156718402206e-20 -5.40033750374165e-7 1.7994790150256412e-19 5.7249281846284306e-33;;; -2.2805089013183086e-19 3.4422505697325466e-19 -6.386997823461582e-8 4.074726006919332e-19 3.596990643826475e-33; 1.8936973214430398e-8 -6.184304241725501e-8 5.569602216577898e-19 -1.3320777565418977e-7 -5.181522472471038e-22;;;; -3.0448683927589247e-7 -2.8301323850091715e-6 1.820836647629243e-19 -9.872624338671328e-6 -1.4084443675364723e-19; 3.4422505697325466e-19 -6.21802227992795e-20 1.4331655762379495e-6 5.552764491941223e-19 -1.5032953852686328e-31;;; 6.46156718402206e-20 -6.21802227992795e-20 7.909395537627783e-7 2.3434938132126073e-19 -1.8365657949221778e-31; -6.184304241725501e-8 -3.648322870555471e-6 8.37621712311636e-19 1.0982712506467642e-5 -3.6250482379192115e-20;;;; 1.7096297358694953e-19 1.8208366476292427e-19 3.039165541346246e-5 1.0043425498660725e-19 -1.5916598452488813e-31; -6.38699782346158e-8 7.909395537627782e-7 2.243931399367797e-19 -1.2777644856232383e-6 -1.9263977842704728e-19;;; -5.400337503741649e-7 1.4331655762379493e-6 2.243931399367797e-19 1.0146426310042966e-5 -2.708522588711016e-19; 5.569602216577898e-19 8.37621712311636e-19 -2.3751620551684928e-5 -1.1959221928892464e-18 -3.7602965802856967e-31;;;; -4.819011870078224e-7 -9.872624338671328e-6 1.0043425498660727e-19 -2.744344812384494e-5 -2.335910582826832e-19; 4.074726006919332e-19 2.343493813212607e-19 1.0146426310042964e-5 -1.1959599911846578e-18 -2.6592549170449584e-31;;; 1.7994790150256412e-19 5.552764491941222e-19 -1.277764485623238e-6 -1.1959599911846578e-18 -2.8640225881534824e-31; -1.3320777565418977e-7 1.098271250646764e-5 -1.1959221928892464e-18 2.848082007843779e-5 -1.5941011141795837e-19;;;; -1.2863493975252565e-21 -1.4084443675364723e-19 -1.5916598452488813e-31 -2.335910582826832e-19 4.24783960593299e-6; 3.596990643826475e-33 -1.8365657949221778e-31 -2.708522588711016e-19 -2.8640225881534824e-31 4.96053314135159e-19;;; 5.7249281846284306e-33 -1.5032953852686328e-31 -1.9263977842704728e-19 -2.6592549170449584e-31 4.96053314135159e-19; -5.181522472471038e-22 -3.6250482379192115e-20 -3.7602965802856967e-31 -1.5941011141795837e-19 -6.082838694221771e-6]
(d, V, nconv, niter, nmult, resid) = eigs(A_imp, nev = n_ev, which = :SM, tol = 1.0e-12, maxiter = 1000) = (ComplexF64[0.3232464347271562 + 0.0im, 0.3948546516767362 + 0.0im], ComplexF64[-1.1448778064212488e-16 + 0.0im 1.7221575675610405e-18 + 0.0im; 5.804321197851042e-17 + 0.0im -5.124086088516062e-17 + 0.0im; 2.2979848179944405e-15 + 0.0im -9.035886052588774e-15 + 0.0im; -5.158811754402289e-17 + 0.0im 1.8364166205578447e-16 + 0.0im; 3.7973511592628484e-16 + 0.0im -9.258499938538082e-16 + 0.0im; 2.8319329682157636e-15 + 0.0im -1.2012483578516708e-14 + 0.0im; -1.3520442690869435e-14 + 0.0im 5.155630118624078e-14 + 0.0im; -3.8388084358616427e-16 + 0.0im 2.538018001632671e-15 + 0.0im; -0.9587977064544455 + 0.0im -6.115991954567284e-15 + 0.0im; -5.571313942210454e-15 + 0.0im -0.9597666905148391 + 0.0im; -3.952083208124813e-16 + 0.0im 5.409435630226665e-16 + 0.0im; -1.1779391167883812e-16 + 0.0im -2.4105095945976204e-16 + 0.0im; -1.1680390856544173e-16 + 0.0im -3.597351517331883e-18 + 0.0im; 1.61188125562387e-17 + 0.0im 2.0043962228770333e-16 + 0.0im; -1.2507504842867574e-16 + 0.0im -8.613017639946605e-17 + 0.0im; -5.875920823839424e-17 + 0.0im -4.3678148723962434e-17 + 0.0im; 1.30443027825774e-16 + 0.0im 1.3654846431296962e-17 + 0.0im; 7.76377347501183e-17 + 0.0im 1.538038840523594e-16 + 0.0im; -0.0002823848454298404 + 0.0im 1.5462998400298255e-17 + 0.0im; 6.114132648965943e-17 + 0.0im -0.0001296068329393413 + 0.0im; 3.545525258156258e-17 + 0.0im 2.812047848798851e-16 + 0.0im; -1.9536085775529016e-16 + 0.0im -1.7408717594816012e-16 + 0.0im; -3.1063404461427975e-16 + 0.0im 4.554682995373045e-17 + 0.0im; -1.1245661134662124e-16 + 0.0im 5.551352723428566e-17 + 0.0im; 2.4093330266551495e-17 + 0.0im 1.6989693631965163e-16 + 0.0im; -1.2870434797669063e-17 + 0.0im -6.942590526045797e-18 + 0.0im; -3.94724819311612e-17 + 0.0im -3.884620215185693e-17 + 0.0im; 6.837960252714097e-17 + 0.0im -0.0003063625590667974 + 0.0im; 0.0003089323035587708 + 0.0im -1.0777627278740073e-17 + 0.0im; 5.726323504704463e-16 + 0.0im 4.622780700795178e-16 + 0.0im; -1.141748736479032e-15 + 0.0im -5.458839296867896e-16 + 0.0im; 7.430211679195343e-17 + 0.0im 1.959005471594304e-15 + 0.0im; 9.547288867612774e-16 + 0.0im -4.394007917688833e-15 + 0.0im; 3.833993235928668e-16 + 0.0im -2.381280869430239e-15 + 0.0im; -2.6150976113238343e-16 + 0.0im 1.092889829923429e-15 + 0.0im; -0.08238861578735854 + 0.0im 3.6955147091011316e-17 + 0.0im; -2.1154737290973868e-16 + 0.0im -0.05834286759497698 + 0.0im; 1.0961975198229696e-15 + 0.0im 8.999157820626375e-17 + 0.0im; 3.7591095650839494e-16 + 0.0im -2.53538219305422e-15 + 0.0im; 4.958408168255543e-16 + 0.0im 1.11904770995689e-15 + 0.0im; -1.6265658018682264e-16 + 0.0im 6.463439140721183e-17 + 0.0im; -3.9702720546733473e-16 + 0.0im 1.4370947418381997e-15 + 0.0im; -1.9626921115118657e-16 + 0.0im -0.05916497773894532 + 0.0im; -0.014266919305911997 + 0.0im 1.0403412158585157e-16 + 0.0im; 2.0764731814494966e-15 + 0.0im -1.0953773716073914e-15 + 0.0im; 3.9748672955228586e-16 + 0.0im -3.6341334525051196e-16 + 0.0im; 3.0954017872248933e-16 + 0.0im 2.071603286682576e-15 + 0.0im; -1.804621805297173e-15 + 0.0im 6.004068648354407e-15 + 0.0im; 4.717928587798446e-15 + 0.0im -0.1153850144024079 + 0.0im; -0.13734179625869639 + 0.0im 2.472317690183497e-15 + 0.0im; -1.1481708252963367e-15 + 0.0im 7.332582713044685e-16 + 0.0im; -1.1893396919000237e-15 + 0.0im 4.30466118831101e-15 + 0.0im; 5.034061566736769e-17 + 0.0im -1.45451019791238e-15 + 0.0im; -0.16064252497934733 + 0.0im 1.7420061817012901e-15 + 0.0im; -1.639505186524753e-15 + 0.0im -0.1544328295909987 + 0.0im; -1.633068174937564e-15 + 0.0im 9.193772322299251e-15 + 0.0im; -5.561440303122209e-16 + 0.0im 4.2977669411257823e-16 + 0.0im; -0.14721944236180182 + 0.0im -2.137205801979738e-15 + 0.0im; -1.600693278127319e-15 + 0.0im -0.13601314400198225 + 0.0im; -1.4648213878750398e-15 + 0.0im 4.089860295975784e-15 + 0.0im; -1.6413997472917384e-15 + 0.0im -0.1275955664855051 + 0.0im; -0.08586617424144583 + 0.0im 1.2184984911310611e-15 + 0.0im; -4.2023228766472294e-16 + 0.0im -3.0429233315389725e-15 + 0.0im; -2.5151280296084634e-16 + 0.0im -1.6483108902290164e-15 + 0.0im; 2.7073283223780684e-16 + 0.0im -3.2368315881931566e-15 + 0.0im], 2, 9, 162, [0.01636284918256803, -0.22676464353917347, 0.15439704688439634, -0.06999767625832273, -1.5639165348849657, -0.5616853056286071, -0.07519907444926992, 2.998614204174886, -0.10693565778675437, -0.0033970250044692064, -0.018416641207112033, -0.0013175217603780297, -0.5555899876588646, -0.6590999718835021, -0.3685099592022625, -0.09382475890562442, -0.10521540516409075, 0.09053186684477153, 0.003791092871721511, 0.06451144357378462, -0.00043398831786940035, 0.36258786285835953, -0.03578965108221689, -0.24913042656622544, 0.32691480552618046, -0.003034069331333789, -0.021377327906702503, -0.06109217091872614, -0.0019020867247919963, -0.36144550857039565, -1.138576128320966, 1.042806076855649, 0.8700239368897287, 0.06683570108041613, 0.9534098312418116, 0.07331079664381945, 0.07638397701769466, -0.5488245115593078, 0.5233037106719487, -0.42369304685679876, 0.07514467808929101, -0.24105471816163965, 0.11905430858605189, 0.027143713638801324, 0.015011697277090856, -0.6375050459987923, 0.5249454573377534, -0.4908294813692496, -0.01505615571567761, 0.1879544162302331, -0.5742159342993614, 1.1060030243426533, -0.158736735882194, 0.05620133118982308, -0.07553796312115119, -0.2722613790330354, 0.6110510498000881, 0.326900707495622, 0.058167091308762256, -0.5475719446487456, -0.02146071380067042, 0.15293929644018758, -0.5990423175467756, -0.3670016222632653, -0.26380207644340264])
[1.1448778064212488e-16, -5.804321197851042e-17, -2.2979848179944405e-15, 5.158811754402289e-17, -3.7973511592628484e-16, -2.8319329682157636e-15, 1.3520442690869435e-14, 3.8388084358616427e-16, 0.9587977064544455, 5.571313942210454e-15, 3.952083208124813e-16, 1.1779391167883812e-16, 1.1680390856544173e-16, -1.61188125562387e-17, 1.2507504842867574e-16, 5.875920823839424e-17, -1.30443027825774e-16, -7.76377347501183e-17, 0.0002823848454298404, -6.114132648965943e-17, -3.545525258156258e-17, 1.9536085775529016e-16, 3.1063404461427975e-16, 1.1245661134662124e-16, -2.4093330266551495e-17, 1.2870434797669063e-17, 3.94724819311612e-17, -6.837960252714097e-17, -0.0003089323035587708, -5.726323504704463e-16, 1.141748736479032e-15, -7.430211679195343e-17, -9.547288867612774e-16, -3.833993235928668e-16, 2.6150976113238343e-16, 0.08238861578735854, 2.1154737290973868e-16, -1.0961975198229696e-15, -3.7591095650839494e-16, -4.958408168255543e-16, 1.6265658018682264e-16, 3.9702720546733473e-16, 1.9626921115118657e-16, 0.014266919305911997, -2.0764731814494966e-15, -3.9748672955228586e-16, -3.0954017872248933e-16, 1.804621805297173e-15, -4.717928587798446e-15, 0.13734179625869639, 1.1481708252963367e-15, 1.1893396919000237e-15, -5.034061566736769e-17, 0.16064252497934733, 1.639505186524753e-15, 1.633068174937564e-15, 5.561440303122209e-16, 0.14721944236180182, 1.600693278127319e-15, 1.4648213878750398e-15, 1.6413997472917384e-15, 0.08586617424144583, 4.2023228766472294e-16, 2.5151280296084634e-16, -2.7073283223780684e-16]
(d, V, nconv, niter, nmult, resid) = eigs(A_imp, nev = n_ev, which = :SM, tol = 1.0e-12, maxiter = 1000) = (ComplexF64[0.32324643472715076 + 0.0im, 0.39485465167671374 + 0.0im], ComplexF64[1.0360199468422018e-16 + 0.0im 9.475536408766828e-17 + 0.0im; 1.2415016594921942e-16 + 0.0im -1.922179992919063e-16 + 0.0im; -4.048843907445968e-16 + 0.0im 1.015438307743603e-15 + 0.0im; -1.0417940458441604e-16 + 0.0im 6.465113995981818e-16 + 0.0im; -8.57391318891071e-16 + 0.0im 7.024111662380209e-17 + 0.0im; 6.330833243729116e-16 + 0.0im -9.134544964190447e-15 + 0.0im; -1.851368337775028e-17 + 0.0im 1.2399954975342144e-14 + 0.0im; 5.417994080141289e-16 + 0.0im -6.261662794091902e-15 + 0.0im; -0.9557934330270478 + 0.0im 2.0793729365546818e-14 + 0.0im; 2.8498077733355545e-14 + 0.0im 0.9607745405049941 + 0.0im; -3.51678531071179e-17 + 0.0im -3.929639059076987e-17 + 0.0im; -2.2435735630715445e-16 + 0.0im -8.88518084754695e-17 + 0.0im; -1.491644668070025e-17 + 0.0im -3.212992731121953e-16 + 0.0im; -1.1000642954898526e-16 + 0.0im 2.435443503353279e-16 + 0.0im; 6.076682081875198e-17 + 0.0im 8.09958135565356e-17 + 0.0im; 4.062301693471842e-18 + 0.0im 1.4669554681616511e-16 + 0.0im; 1.7847997925528796e-16 + 0.0im -3.471067767417621e-17 + 0.0im; -4.714163552165965e-18 + 0.0im -6.515281717906735e-17 + 0.0im; -0.0002504161559442899 + 0.0im -3.8598009751351525e-17 + 0.0im; 1.3680708659572392e-16 + 0.0im -6.0624269254696075e-5 + 0.0im; -1.886555825599272e-16 + 0.0im -3.2108555708188426e-16 + 0.0im; -1.2233405165637703e-16 + 0.0im 1.9578932688217345e-16 + 0.0im; 3.383714738894822e-16 + 0.0im 1.0387724799377352e-16 + 0.0im; -9.324424297522481e-17 + 0.0im -7.48351915360474e-17 + 0.0im; 1.867341714507589e-17 + 0.0im -1.032740477149061e-16 + 0.0im; 7.307326783140882e-17 + 0.0im -1.0773690735953505e-16 + 0.0im; -3.0099447474947533e-17 + 0.0im 8.778851115286638e-17 + 0.0im; -1.9474006245578087e-16 + 0.0im 0.0004601135894339422 + 0.0im; 0.0003195622605464178 + 0.0im 4.951312937350751e-17 + 0.0im; -2.47359601645949e-16 + 0.0im 5.33633457840044e-16 + 0.0im; 3.5324664184112457e-16 + 0.0im -1.4130805324566826e-16 + 0.0im; -3.8448957198668845e-17 + 0.0im 1.384897375315654e-16 + 0.0im; 1.923442539985433e-17 + 0.0im -1.0530022194067622e-15 + 0.0im; -1.4648595972525e-16 + 0.0im -6.95690310632618e-16 + 0.0im; -4.610382889014032e-17 + 0.0im -7.450168204968067e-16 + 0.0im; -0.0849689886629664 + 0.0im 1.2366293492291534e-15 + 0.0im; 1.552329322948516e-15 + 0.0im 0.06897183476223817 + 0.0im; -1.91435770823215e-16 + 0.0im -1.005251864505792e-15 + 0.0im; 5.630725008181565e-17 + 0.0im -2.2624439974465815e-16 + 0.0im; 3.191270549132611e-17 + 0.0im 1.2104944361301942e-15 + 0.0im; -9.078659414041643e-17 + 0.0im 5.513032065967696e-16 + 0.0im; 1.8809319077683074e-16 + 0.0im 8.037376481686211e-16 + 0.0im; 2.327716377778648e-15 + 0.0im 0.052881438688876896 + 0.0im; -0.01684825128912536 + 0.0im 7.245398877285793e-16 + 0.0im; 5.10729224144593e-16 + 0.0im -4.797465646956826e-15 + 0.0im; 1.391701488846359e-16 + 0.0im -3.685240745357571e-16 + 0.0im; 1.1709646225954731e-17 + 0.0im -2.815639725277531e-16 + 0.0im; 4.1441861074089155e-16 + 0.0im -1.4121751486293018e-15 + 0.0im; 8.925556820142055e-15 + 0.0im 0.10896241995338275 + 0.0im; -0.08512559049488604 + 0.0im 5.8195830297274275e-16 + 0.0im; -2.088217469358914e-16 + 0.0im -8.710371009796343e-16 + 0.0im; -1.4929631237237648e-16 + 0.0im 1.4012911600673235e-15 + 0.0im; -2.5042182086337577e-16 + 0.0im -4.510227936675148e-17 + 0.0im; -0.2147991366003729 + 0.0im 6.083616477103099e-15 + 0.0im; 3.4351614102062155e-15 + 0.0im 0.1554804568906193 + 0.0im; 5.591978745388981e-16 + 0.0im -1.1111170386200775e-15 + 0.0im; 3.7761926442386357e-16 + 0.0im -2.0645717630473713e-15 + 0.0im; -0.14166920741786626 + 0.0im 2.830011614993165e-15 + 0.0im; 5.05228052224793e-15 + 0.0im 0.1606621452693784 + 0.0im; -4.056427317695593e-16 + 0.0im 3.0780500487500436e-15 + 0.0im; 2.1387111243715932e-15 + 0.0im 0.08659792162488356 + 0.0im; -0.07416169076009818 + 0.0im 4.766477943394299e-15 + 0.0im; -9.353494524786426e-16 + 0.0im 7.154349977986448e-16 + 0.0im; 7.242923174310867e-17 + 0.0im -3.866738418597602e-16 + 0.0im; 5.314486258872858e-16 + 0.0im -1.5729206116372441e-15 + 0.0im], 2, 10, 180, [0.26472923364877066, -0.21974797446618927, 0.10130830192561203, 0.12428976602924274, -1.5252048256154698, 0.5726532679445231, 0.14188531425717738, -0.7628160556676729, 0.011781370482091451, 0.04942160715976937, 0.00875193194505687, 0.00040142487749366925, 0.6072043785293061, -0.19118786623438952, 0.057248989855673484, 0.18818089589002007, -0.08908399061684717, -0.1500474549586028, -0.2806022104627713, 0.002399950594141025, 0.0008545744502083252, 0.21023764845354823, -0.08591008782479069, -0.0466719243034794, 0.08741523144747214, 0.1941331271031077, -0.01355549926974396, -0.007471763619603055, 0.20556794199891815, 0.4972055577165306, 0.8011414661310782, -1.0275459795417072, 0.23450603548830137, -0.02433824203302686, 0.415670452710377, -0.026371315262092233, 0.7482929483073862, -1.379056222671629, 0.01525509309167162, -1.620512877776961, -0.24557804663925706, -0.16570332163531623, 0.5157990997820617, -0.04790158045270563, -0.2199960571226088, 0.670496755011816, -0.15868048358510287, -0.355792179435632, -0.035044574581806265, -0.07893627690737677, 0.42922836907713163, -0.039058239561291265, -0.7218945985556351, 0.018489494299253614, -0.13350705985842096, 0.14243620867859896, 0.12445201747258534, -0.023846248982717023, -0.4535568586815864, -0.1629151347591811, -0.33396963613396446, -0.02630126981662263, 0.05834053516411963, 0.008589351347173665, -0.31793880144605213])
[1.0360199468422018e-16, 1.2415016594921942e-16, -4.048843907445968e-16, -1.0417940458441604e-16, -8.57391318891071e-16, 6.330833243729116e-16, -1.851368337775028e-17, 5.417994080141289e-16, -0.9557934330270478, 2.8498077733355545e-14, -3.51678531071179e-17, -2.2435735630715445e-16, -1.491644668070025e-17, -1.1000642954898526e-16, 6.076682081875198e-17, 4.062301693471842e-18, 1.7847997925528796e-16, -4.714163552165965e-18, -0.0002504161559442899, 1.3680708659572392e-16, -1.886555825599272e-16, -1.2233405165637703e-16, 3.383714738894822e-16, -9.324424297522481e-17, 1.867341714507589e-17, 7.307326783140882e-17, -3.0099447474947533e-17, -1.9474006245578087e-16, 0.0003195622605464178, -2.47359601645949e-16, 3.5324664184112457e-16, -3.8448957198668845e-17, 1.923442539985433e-17, -1.4648595972525e-16, -4.610382889014032e-17, -0.0849689886629664, 1.552329322948516e-15, -1.91435770823215e-16, 5.630725008181565e-17, 3.191270549132611e-17, -9.078659414041643e-17, 1.8809319077683074e-16, 2.327716377778648e-15, -0.01684825128912536, 5.10729224144593e-16, 1.391701488846359e-16, 1.1709646225954731e-17, 4.1441861074089155e-16, 8.925556820142055e-15, -0.08512559049488604, -2.088217469358914e-16, -1.4929631237237648e-16, -2.5042182086337577e-16, -0.2147991366003729, 3.4351614102062155e-15, 5.591978745388981e-16, 3.7761926442386357e-16, -0.14166920741786626, 5.05228052224793e-15, -4.056427317695593e-16, 2.1387111243715932e-15, -0.07416169076009818, -9.353494524786426e-16, 7.242923174310867e-17, 5.314486258872858e-16]
Projection L1|R2: -2.463169805613713e-14
scalar = l1_vec' * r1_vec = -0.9970751904195292
Check <L1|R1>: 1.0
t before projection
65-element Vector{Float64}:
 -3.070875925555239e-5
  9.92400590361698e-17
  0.0032740117082489125
 -4.0680903362154867e-16
  7.266355251300847e-17
 -0.0024950523647484313
 -0.021784660164184
 -8.956105494442606e-16
 -1.7706930736319647e-16
  3.2495034708329246e-32
 -0.0005217595343122456
 -1.2752896270033226e-18
 -0.00040026973576258034
  5.755991066313572e-18
  7.20975282648727e-18
  0.00017071102899990232
 -9.498787113562764e-5
  2.032920088833237e-18
 -5.147926577312663e-20
  1.87101491867096e-33
 -0.0003695746389573192
  6.7230154709224034e-18
 -0.0007460847540493357
 -0.0002162125073282885
  3.365394188330908e-18
 -3.999719331744748e-19
  0.0004179795512702386
  1.1873513174010099e-33
  5.753024299385345e-20
 -0.03182318802277651
  2.3046945059586506e-18
  8.190233302893353e-16
 -0.031627236755714924
 -0.03866240332658998
 -5.244154879646465e-16
 -1.514537759718616e-17
 -1.2486701007061737e-31
 -0.01917358663793549
 -0.02219146919678816
 -3.6779663583950503e-16
 -4.0965975903053075e-16
  0.0033875497817414863
 -4.6505364987410865e-32
 -2.59118185184396e-18
 -0.05849188048953831
  1.258038970310189e-15
  1.3394781302303635e-15
 -0.055359769192671396
  6.812319954299281e-31
 -2.522610448453558e-17
 -0.10013150437082559
 -0.07226803456348607
 -1.414182802366637e-15
 -2.9548486583564086e-17
 -4.113868258120777e-31
 -0.07978424069819402
 -1.0178402087542223e-15
 -2.7065240865674352e-17
 -3.0305252836776777e-31
 -0.05541218198795249
 -2.410937814197633e-31
 -1.5764263243975797e-17
 -0.02647394756345025
 -1.0859379595356562e-16
 -0.01274086958067334
t after projection
65-element Vector{Float64}:
 -3.070875925555239e-5
  9.924005903616978e-17
  0.0032740117082489125
 -4.0680903362154867e-16
  7.266355251300841e-17
 -0.0024950523647484313
 -0.021784660164184
 -8.956105494442606e-16
 -1.1556952221777452e-17
  9.942425290962789e-31
 -0.0005217595343122456
 -1.2752896270033022e-18
 -0.00040026973576258034
  5.755991066313569e-18
  7.209752826487292e-18
  0.00017071102899990232
 -9.498787113562764e-5
  2.0329200888332237e-18
 -2.732610969192675e-21
 -8.683500257627876e-33
 -0.0003695746389573192
  6.723015470922437e-18
 -0.0007460847540493357
 -0.0002162125073282885
  3.365394188330904e-18
 -3.999719331744726e-19
  0.0004179795512702386
 -1.061667051297344e-32
  4.20083596976049e-21
 -0.03182318802277651
  2.3046945059588478e-18
  8.190233302893353e-16
 -0.031627236755714924
 -0.03866240332658998
 -5.244154879646465e-16
 -9.230512983120825e-19
 -8.834866665097295e-32
 -0.01917358663793549
 -0.02219146919678816
 -3.6779663583950513e-16
 -4.096597590305307e-16
  0.0033875497817414863
 -1.2624412664831675e-32
 -1.2835637881883591e-19
 -0.05849188048953831
  1.258038970310189e-15
  1.3394781302303635e-15
 -0.055359769192671396
 -1.3319994021076375e-31
 -1.5174910772403645e-18
 -0.10013150437082559
 -0.07226803456348607
 -1.414182802366637e-15
 -1.8175872851944368e-18
 -1.283674121635573e-31
 -0.07978424069819402
 -1.0178402087542223e-15
 -1.651499819073384e-18
 -2.67330164014773e-32
 -0.05541218198795249
  4.2252680585664237e-32
 -9.416237758030763e-19
 -0.02647394756345025
 -1.0859379595356557e-16
 -0.01274086958067334
Omega original restricted
65-element Vector{Float64}:
  0.0003916606135738267
 -4.459772987376621e-16
 -4.196428040701893e-5
 -9.777591560834107e-18
  1.37083459216381e-18
  1.6521636048797456e-5
 -1.013039229110109e-5
  2.7715494098531484e-18
  5.75508268656385e-17
  2.4416185793097795e-30
  1.2680694696643895e-5
 -9.484988106685248e-18
 -6.828978505020522e-6
  1.4563304517405388e-18
  3.7211962770887576e-18
 -1.181410982508598e-5
 -1.043540559740342e-5
  3.916598026486013e-18
 -1.0866328165407475e-20
  1.239361147842934e-31
  3.948554044811001e-7
  7.758263876941223e-18
 -1.4006748062799648e-6
 -1.3972588507047886e-6
  1.2245958461417478e-17
  8.868713502026588e-18
 -2.9140128962635075e-6
  7.417431105962501e-32
 -2.978574883557257e-20
 -4.775330103863981e-6
 -2.1670758145669262e-19
  4.939748293434084e-19
  4.046427541533987e-6
 -2.5683276823505312e-5
  1.5059003648806582e-18
  4.5716738757184084e-18
 -4.345959758638324e-31
 -6.559086185242098e-6
  2.2331541080100086e-6
  2.4575306461514783e-18
  6.355515695892146e-19
  3.099873093338538e-5
 -4.90697491874274e-31
  7.533284802018862e-19
  3.1169178446686016e-5
  4.85067510867207e-19
  1.9481539517483083e-19
 -2.6197362620155974e-6
 -6.434865320729789e-31
  7.835389977526557e-18
 -2.698427714679149e-5
  2.080270756728978e-5
 -2.584111407799037e-18
  9.074368574256468e-18
 -7.8412319865323785e-31
 -2.508734953069344e-5
 -2.3187432636181034e-18
  8.395086048430678e-18
 -5.487801576899205e-31
  2.9183335641137067e-5
 -5.219645913016951e-31
  4.821418372941294e-18
  3.6752571236685663e-6
  9.132001781083325e-19
 -5.935179745976406e-6
Omega restricted
65-element Vector{Float64}:
 -3.7767691278880844e-5
  4.277748291953986e-17
  4.974084153780753e-5
  1.0877067293490543e-17
 -2.6732775536679458e-18
 -2.908476133634253e-5
  2.2163592449245625e-5
 -5.409662627411046e-18
 -3.7019450580878267e-19
 -5.576670845772524e-30
 -6.11397401100064e-7
  2.2805089013183086e-19
  3.0448683927589247e-7
 -6.46156718402206e-20
 -1.7096297358694953e-19
  5.400337503741649e-7
  4.819011870078224e-7
 -1.7994790150256412e-19
  1.2863493975252565e-21
 -5.7249281846284306e-33
 -1.8936973214430398e-8
 -3.4422505697325466e-19
  6.184304241725501e-8
  6.38699782346158e-8
 -5.569602216577898e-19
 -4.074726006919332e-19
  1.3320777565418977e-7
 -3.596990643826475e-33
  5.181522472471038e-22
  2.8301323850091715e-6
  6.21802227992795e-20
 -1.8208366476292427e-19
 -1.4331655762379493e-6
  9.872624338671328e-6
 -5.552764491941222e-19
  1.4084443675364723e-19
  1.5032953852686328e-31
  3.648322870555471e-6
 -7.909395537627782e-7
 -8.37621712311636e-19
 -2.343493813212607e-19
 -1.098271250646764e-5
  1.8365657949221778e-31
  3.6250482379192115e-20
 -3.039165541346246e-5
 -2.243931399367797e-19
 -1.0043425498660727e-19
  1.277764485623238e-6
  1.5916598452488813e-31
  1.9263977842704728e-19
  2.3751620551684928e-5
 -1.0146426310042964e-5
  1.1959221928892464e-18
  2.708522588711016e-19
  3.7602965802856967e-31
  2.744344812384494e-5
  1.1959599911846578e-18
  2.335910582826832e-19
  2.6592549170449584e-31
 -2.848082007843779e-5
  2.8640225881534824e-31
  1.5941011141795837e-19
 -4.24783960593299e-6
 -4.96053314135159e-19
  6.082838694221771e-6
Omega resricted on L25.496038208329218e-19
Omega resricted on L1 (<L1|H|HF>): -1.9024490815168953e-19
Omega resricted on R1 (<R1|H|HF>): -1.9024490815168953e-19
<L1[D]|R1[S]H[S]|HF> additional: -1.3033986042953757e-6
<L1|H|R1> with nuclear repulsion : -74.68951465157973
<HF|H|R1>: 4.47006705385541e-16
L1 * A * R1: 0.3232464347271602
Reduced matrix[-75.01275978290828 4.47006705385541e-16; -5.968269422168022e-17 -74.68951465157973]
Matrix
2×2 Matrix{Float64}:
 -75.0128         4.47007e-16
  -5.96827e-17  -74.6895
NEW E0 FROM MATRIX: -75.01275978290828
NEW E1 FROM MATRIX: -74.68951465157973
[1.0 1.3828721984096987e-15; 0.0 1.0]
Evaluating remaining element <mu_tilde|H|R1>
Norm of element <mu_tilde|H|R1>: 0.0003504338674333384
65-element Vector{Float64}:
  1.492232134978207e-22
 -7.565344148161113e-23
 -2.995190204465917e-21
  6.723988040510522e-23
 -4.949462201002624e-22
 -3.691137478230487e-21
  1.7622526132734834e-20
  5.003497557459379e-22
  1.2496955923943317e-6
  7.261642816368474e-21
  4.2272388879292037e-20
 -2.1016642644883786e-20
 -8.405840715660423e-19
  1.879479096431878e-20
 -1.3833825267234e-19
 -1.032224448609607e-18
  4.930642334603162e-18
  1.399121589613195e-19
  0.0003497038838646291
  2.0319527801129616e-18
 -4.621232670567794e-23
  1.5673947906290485e-21
  4.048799801759269e-22
  1.4657579043038187e-22
 -3.3229901631768097e-22
  2.7839308341090267e-22
  5.144837769781922e-23
 -3.9761707510793084e-16
 -4.0266193328025715e-10
  5.122709087978347e-20
  3.213866815889922e-22
  8.491613341384547e-21
  5.089261221377195e-20
 -2.959335089788456e-19
 -8.341370966894312e-21
 -2.1577716007986835e-5
 -1.257305228259401e-19
 -1.4287823173697029e-21
 -4.899618160494348e-22
 -3.7884561072079874e-22
 -2.0516418677551927e-23
  5.174847054706197e-22
 -7.284718076882601e-18
  1.8595482710920447e-8
 -2.706472246558506e-21
 -2.4866291388565438e-21
  1.3081233186920685e-21
  2.3521415423049195e-21
  1.1390041145395359e-18
  1.7901110555500473e-7
 -1.3184206183492885e-20
  8.44044630964644e-20
  1.9244230395654143e-21
  5.179785142878893e-6
  3.1018600432349745e-20
 -5.881206239404035e-20
 -1.0053862133027078e-21
 -4.129696892469322e-6
 -2.302520479253131e-20
  1.9092461524992275e-21
  2.214124420581924e-18
  1.1191785166248403e-7
 -3.6341370465115335e-18
  3.278214367997666e-22
 -3.5287279567569156e-22
Evaluating remaining element <HF|H|nu_tilde>
Norm of element <HF|H|nu_tilde>: 0.6310595706136408
65-element Vector{Float64}:
  0.00021264053954856948
 -4.978177332585933e-15
 -0.002539145185744136
  1.1994006041353187e-15
  2.4016209513826297e-16
 -0.0064366844173179925
 -0.00449609585091706
  6.342872455556269e-16
 -4.2929916607889143e-16
  1.2825232299402134e-29
  0.05239336012754763
 -4.987329993433421e-18
  0.019651963684992408
 -2.6454533008646313e-16
  4.770489558936222e-17
 -0.029156979521037844
 -0.003541965152492765
 -1.3140530330524314e-16
 -1.1226605768504781e-19
  6.133307261092108e-32
  0.039043531449969804
 -1.5525775109992428e-16
  0.03820659895705575
  0.02369421286935847
  2.2724877535296173e-16
  4.917941054394248e-16
 -0.0224954053985897
 -8.730546558710975e-32
  1.4326549755220167e-19
  0.19030556275555352
 -1.9862583799934426e-16
 -2.581268532253489e-15
  0.2150135516546591
  0.1205037915945526
  2.8622937353617317e-15
 -3.809312281272671e-17
  6.959370998215468e-31
  0.1356328370711587
 -0.016737182000169673
  1.797173521111972e-15
  9.992007221626409e-16
 -0.03437710461989834
  1.0435570347157029e-30
 -7.553373479376977e-18
  0.14998000751864307
 -3.5318969970887792e-15
 -3.1988300897012323e-15
  0.01676122299106253
  4.001487336400783e-30
 -3.816333022498243e-17
  0.31889801799346934
  0.2912998997620643
  3.899658373995862e-15
 -9.629830858692966e-17
  1.5400445214144138e-30
  0.19114032976697187
  2.2273849431542203e-15
 -6.351284865065769e-17
  2.2650280466645075e-30
  0.14190557721937125
  9.588225869650791e-31
 -3.32480171716481e-17
  0.06920626869936716
  8.153200337090997e-17
  0.0500826884913902
Evaluating remaining element <L1|H|nu_tilde>
Norm of element <L1|H|nu_tilde>: 3.997975369790956e-7
65-element Vector{Float64}:
  1.2224275898624138e-20
  7.93661937050562e-20
 -3.234393079123294e-19
  4.781314999877756e-20
 -2.2650564093190478e-20
 -8.181322980089442e-19
 -6.039086964169421e-19
  2.979434194979191e-21
 -1.0997520531637332e-7
  2.3098172931628774e-19
  4.5972190559265235e-23
  2.9328486746431214e-22
  1.9499106959516916e-23
  1.4380282261093617e-22
 -7.94357238086557e-23
 -5.310330061737974e-24
 -2.3331295181271975e-22
  6.162458211128409e-24
  3.2734950311366986e-10
 -1.7883723057190473e-22
  2.46614724108899e-22
  1.599177611867266e-22
 -4.423266279600752e-22
  1.218909238944659e-22
 -2.4410301327502115e-23
 -9.552298183518713e-23
  3.9346659315032716e-23
  2.545684899635906e-22
 -4.177388108578075e-10
  3.233539081528382e-22
 -4.617717744576751e-22
  5.026132194531038e-23
 -2.514366364892216e-23
  1.9148966626521315e-22
  6.026793847191961e-23
  1.110733295701616e-7
 -2.0292390106372584e-21
  2.502490473142763e-22
 -7.360607492146033e-23
 -4.17169900488471e-23
  1.1867823131930556e-22
 -2.4587955320885215e-22
 -3.042842011459152e-21
  2.2024404404068944e-8
 -6.67636467459219e-22
 -1.819262775352887e-22
 -1.5307106920672885e-23
 -5.417371167428528e-22
 -1.1667684056041242e-20
  1.1127804292690281e-7
  2.729763774267028e-22
  1.9516342101614745e-22
  3.273569084204119e-22
  2.8079015257713726e-7
 -4.490518499119622e-21
 -7.30995752579368e-22
 -4.936322023999184e-22
  1.8519310177839756e-7
 -6.60445214611739e-21
  5.302650948606448e-22
 -2.79577018993324e-21
  9.694579221074155e-8
  1.2227093629479881e-21
 -9.468108370486352e-23
 -6.947213248227827e-22
Building the whole matrix...
(d, V, nconv, niter, nmult, resid) = eigs(A_imp, nev = n_ev, which = :SM, tol = 1.0e-12, maxiter = 1000) = (ComplexF64[-5.461875237448013e-15 + 0.0im, 0.32324513133058835 + 0.0im], ComplexF64[0.9999999999999997 + 0.0im 3.834574597768674e-15 + 0.0im; -2.5244152060402253e-15 + 0.0im -0.9999999996503783 + 0.0im; -7.197062772966283e-17 + 0.0im 1.794534695416222e-15 + 0.0im; 2.234464901662632e-17 + 0.0im 5.497237191499445e-15 + 0.0im; 2.053546306756598e-16 + 0.0im 5.592953545857266e-15 + 0.0im; -1.587533964990733e-16 + 0.0im 3.0635196486285434e-15 + 0.0im; -6.685727501114992e-16 + 0.0im -3.580956362403543e-14 + 0.0im; -2.418108847443165e-16 + 0.0im 3.457169433985188e-14 + 0.0im; -1.741983696286854e-16 + 0.0im 8.087144692353041e-15 + 0.0im; 5.374799672676794e-16 + 0.0im -1.9335991518210985e-14 + 0.0im; -1.1102230246251565e-16 + 0.0im 1.4947623480495811e-6 + 0.0im; -2.869385601954499e-16 + 0.0im 2.093390092667558e-15 + 0.0im; 2.8993667912170785e-18 + 0.0im 3.935560263661242e-16 + 0.0im; 8.482003861075186e-17 + 0.0im -1.6939357797311745e-16 + 0.0im; 8.090610640164182e-17 + 0.0im -1.1205918626568094e-15 + 0.0im; 8.037023382777225e-17 + 0.0im 2.4682110629957487e-15 + 0.0im; -7.828354205126009e-17 + 0.0im 1.8581475191200065e-16 + 0.0im; 1.0637171181581819e-16 + 0.0im 8.322588891979193e-17 + 0.0im; -8.085467034301735e-18 + 0.0im -1.6699077320057934e-16 + 0.0im; -5.299169935923848e-17 + 0.0im 5.037525818622229e-16 + 0.0im; 1.3010426069826053e-17 + 0.0im 1.716305785982003e-5 + 0.0im; -3.6188522764018726e-17 + 0.0im 1.861111445096703e-16 + 0.0im; -4.253093708651314e-16 + 0.0im -5.847321432242786e-16 + 0.0im; 1.2315557656866554e-16 + 0.0im -1.0743510535519774e-15 + 0.0im; 1.517714177054994e-17 + 0.0im -2.2048256809517843e-15 + 0.0im; -2.0270568510661158e-17 + 0.0im 1.5557877877137535e-16 + 0.0im; -7.056861674759421e-17 + 0.0im 3.138898040197116e-16 + 0.0im; 3.7029950659165095e-17 + 0.0im 1.4275097671689607e-15 + 0.0im; -2.546553827347324e-17 + 0.0im 8.088217246447824e-16 + 0.0im; 5.21519186401095e-18 + 0.0im 2.0783051241892627e-16 + 0.0im; 1.9081958235744878e-17 + 0.0im -8.070379176820857e-8 + 0.0im; -4.778666827253629e-16 + 0.0im -3.730301180123612e-15 + 0.0im; -8.346656309613408e-17 + 0.0im -3.1250132014663876e-15 + 0.0im; 1.264205405445453e-16 + 0.0im -6.250817393922627e-15 + 0.0im; -2.7666651375396605e-16 + 0.0im 6.9573159181641e-15 + 0.0im; -5.1678955215436754e-17 + 0.0im 9.501970380008858e-15 + 0.0im; -4.1965921998931246e-18 + 0.0im 7.0935449960999786e-15 + 0.0im; 4.163336342344337e-17 + 0.0im -1.5832392163467285e-5 + 0.0im; 1.1576844797779337e-17 + 0.0im 2.1828636075456028e-14 + 0.0im; 2.3980110972000276e-16 + 0.0im 2.1228758434754092e-14 + 0.0im; -8.53580512589392e-17 + 0.0im 3.4581092790091416e-15 + 0.0im; -1.8904913657784008e-16 + 0.0im -2.190324668312455e-15 + 0.0im; 4.15288070536041e-17 + 0.0im -2.7196598286341103e-15 + 0.0im; 7.477840605561091e-17 + 0.0im -1.222610745253361e-14 + 0.0im; 3.6275185701443875e-17 + 0.0im -2.1188040974387433e-14 + 0.0im; 1.3877787807814457e-16 + 0.0im 1.5276722848108325e-6 + 0.0im; -3.7179846663255487e-16 + 0.0im -1.4443601928310872e-14 + 0.0im; -4.864920757237745e-17 + 0.0im 2.782939594327272e-15 + 0.0im; -2.7053436607637328e-17 + 0.0im -4.702129259100622e-15 + 0.0im; -1.0497126363989846e-16 + 0.0im 5.934437516719891e-15 + 0.0im; -1.848874135231453e-16 + 0.0im 6.970723159384172e-16 + 0.0im; 1.6653345369377348e-16 + 0.0im -2.190146449933296e-6 + 0.0im; 2.04219555729583e-16 + 0.0im -5.314533789508381e-15 + 0.0im; -6.302122355266266e-17 + 0.0im 1.0570163260388132e-14 + 0.0im; 3.108141000885528e-17 + 0.0im -8.003318396578282e-15 + 0.0im; 8.326672684688674e-17 + 0.0im 5.960241254723873e-6 + 0.0im; 2.1831925122480526e-16 + 0.0im 7.955177794237682e-15 + 0.0im; -2.9771027260269373e-16 + 0.0im -3.612540565187599e-15 + 0.0im; 1.070084110670264e-16 + 0.0im -3.176969958547036e-15 + 0.0im; -1.1102230246251565e-16 + 0.0im -1.0036844966703408e-5 + 0.0im; -1.3487183471200446e-16 + 0.0im 1.276754412125076e-15 + 0.0im; 3.5319541171383733e-17 + 0.0im -6.986904396614827e-15 + 0.0im; 1.9018346714878811e-16 + 0.0im 1.94529393684601e-15 + 0.0im; 2.914335439641036e-16 + 0.0im 2.8938217860058015e-6 + 0.0im; 3.373709363751331e-16 + 0.0im -1.6354522227201843e-14 + 0.0im; -2.7574206276827325e-16 + 0.0im -2.012010594243484e-15 + 0.0im; 9.404968969043977e-17 + 0.0im 1.3277251022909324e-14 + 0.0im], 2, 13, 225, [8.644069435561889e-16, -9.772952204101289e-7, -1.5635282053161519, -5.497297919842203, -0.37007451643174627, -0.1857768006477676, 0.671500678579032, -0.9417363367047501, -0.35681068659990284, 0.3812909245948649, 0.060460807427936546, 0.13799069294783214, 0.043864376414021036, 0.30675373953230156, 1.1590546815588352, -2.7483571037503505, -0.16421424105281904, -0.10966248786233723, 0.19381938109495472, -0.4098038499439066, -0.034385901869289255, -0.19122942354259628, 0.06960421744331531, 1.2390667623505351, 2.110882684757662, -0.14115065086899226, -0.15198452858457057, -1.3411088727456235, -0.8156489185314515, -0.19728986007852337, -0.04511021338710451, 0.5960840950564943, 0.2647343050465171, 0.6161492478002066, -0.7097500685330946, -0.8031652752714665, -0.49077395457304274, 0.023605512720542524, -1.52651861638246, -2.362322643539864, -0.37937888517020313, 0.4635496435562641, 0.22533524374505073, 0.9695024434172556, 1.5033356496260453, -0.06485923384058088, 0.9198176319337678, -0.3759948833336042, 0.26495783909629106, -0.3236704120897625, 0.04322715148237277, -0.18134527694619793, 0.25388028134149443, -0.750027731772139, 0.23971287520166246, -0.08736108940003777, -0.5404814281362371, 0.3406733311490408, -0.020764465284956957, -0.05274019295060401, -0.16701862517832217, 0.1952676626768058, -0.1626990859382157, -0.14311595627406504, 0.5735426838453852, 0.07608173708893876, -0.5487357747044697])
The first 2 eigvals are: ComplexF64[-75.01275978290828 + 0.0im, -74.68951465157768 + 0.0im]
NEW E0 FROM FULL MATRIX: -75.01275978290828 + 0.0im
NEW E1 FROM FULL MATRIX: -74.68951465157768 + 0.0im
Omega tilde, projection removed
65-element Vector{Float64}:
 -3.7767691278880844e-5
  4.277748291953986e-17
  4.974084153780753e-5
  1.0877067293490543e-17
 -2.6732775536679458e-18
 -2.908476133634253e-5
  2.2163592449245625e-5
 -5.409662627411046e-18
 -1.877881242083061e-19
 -5.575610931663304e-30
 -6.11397401100064e-7
  2.2805089013183086e-19
  3.0448683927589247e-7
 -6.46156718402206e-20
 -1.709629735869495e-19
  5.400337503741649e-7
  4.819011870078224e-7
 -1.7994790150256414e-19
  1.3400716765074856e-21
 -5.736560010670728e-33
 -1.8936973214430398e-8
 -3.442250569732546e-19
  6.184304241725501e-8
  6.38699782346158e-8
 -5.569602216577898e-19
 -4.074726006919332e-19
  1.3320777565418977e-7
 -3.6099995150287e-33
  4.593794495314756e-22
  2.8301323850091715e-6
  6.218022279927972e-20
 -1.820836647629243e-19
 -1.4331655762379493e-6
  9.872624338671328e-6
 -5.552764491941221e-19
  1.565184513968581e-19
  1.5036978433739223e-31
  3.648322870555471e-6
 -7.909395537627782e-7
 -8.376217123116361e-19
 -2.3434938132126063e-19
 -1.098271250646764e-5
  1.8369391871026625e-31
  3.896469113215291e-20
 -3.039165541346246e-5
 -2.243931399367798e-19
 -1.0043425498660733e-19
  1.277764485623238e-6
  1.5826842263403617e-31
  2.18768355841671e-19
  2.3751620551684928e-5
 -1.0146426310042964e-5
  1.1959221928892464e-18
  3.0141368128105304e-19
  3.763415655421943e-31
  2.744344812384494e-5
  1.195959991184658e-18
  2.6159880757294713e-19
  2.662300154501722e-31
 -2.848082007843779e-5
  2.8671452675951195e-31
  1.7574571384985922e-19
 -4.24783960593299e-6
 -4.96053314135159e-19
  6.082838694221771e-6
Omega_tilde on L1: -9.562800605051358e-35
Omega_tilde on R1: 2.968473823932049e-19
DIIS dimension: 8
t at step 8 : 
2×5 Matrix{Float64}:
 -3.95239e-5    0.00329538    7.20656e-17  -0.0217893     1.10778e-17
  1.09184e-16  -4.03279e-16  -0.00249984   -8.96798e-16  -4.85791e-31
t2 at step 8 : 
2×5×2×5 Array{Float64, 4}:
[:, :, 1, 1] =
 -0.000521912  -0.00040023   7.16524e-18  -9.49991e-5    4.22831e-21
 -1.22403e-18   5.73815e-18  0.000170846   1.98884e-18  -1.34444e-32

[:, :, 2, 1] =
 -1.22403e-18   6.64263e-18  -0.000216253  -4.96264e-19  -1.2864e-32
 -0.000369565  -0.000746036   3.23734e-18   0.000418036  -2.53686e-21

[:, :, 1, 2] =
 -0.00040023   -0.0318262     8.18818e-16  -0.0386674     1.01342e-18
  6.64263e-18   2.23261e-18  -0.0316248    -5.24674e-16  -8.36902e-32

[:, :, 2, 2] =
  5.73815e-18   2.23261e-18  -0.0221881   -4.09887e-16  -4.59495e-33
 -0.000746036  -0.0191733    -3.6794e-16   0.00339025    2.30299e-19

[:, :, 1, 3] =
  7.16524e-18   8.18818e-16  -0.058459     1.33991e-15  -2.31033e-31
 -0.000216253  -0.0221881     1.2585e-15  -0.0553623     1.75826e-18

[:, :, 2, 3] =
 0.000170846  -0.0316248    1.2585e-15  -0.0722629    1.94059e-18
 3.23734e-18  -3.6794e-16  -0.100143    -1.4141e-15  -6.43913e-32

[:, :, 1, 4] =
 -9.49991e-5   -0.0386674     1.33991e-15  -0.0798092     1.80769e-18
 -4.96264e-19  -4.09887e-16  -0.0722629    -1.01805e-15  -4.69072e-32

[:, :, 2, 4] =
 1.98884e-18  -5.24674e-16  -0.0553623   -1.01805e-15  4.44136e-32
 0.000418036   0.00339025   -1.4141e-15  -0.0553994    1.08062e-18

[:, :, 1, 5] =
  4.22831e-21   1.01342e-18  -2.31033e-31  1.80769e-18  -0.0264721
 -1.2864e-32   -4.59495e-33   1.94059e-18  4.44136e-32  -1.08698e-16

[:, :, 2, 5] =
 -1.34444e-32  -8.36902e-32   1.75826e-18  -4.69072e-32  -1.08698e-16
 -2.53686e-21   2.30299e-19  -6.43913e-32   1.08062e-18  -0.0127397
Module of t 0.02217848334993372
Module of t2 0.2184092743707399
 --------------Energy at step 8 : -75.01275955944587
 --------------E_2 at step 8 : 8.00236697416617
E1 - E0 83.01512653361203
 --------------Difference at step 8 : 6.730371922003542e-7
 --------------Module of omegas 0.0004046837433873303
Omega_bj_0 0.0003943787853838056
Omega_bjck_0 9.074307577538242e-5

######## END OF ITERATION 8 #########

global amplitudes = -(build_omega(F, g, L, t, t2, o, v)) = [-0.00018847034294623385, 2.1458582097695556e-16, -4.885851977000457e-6, 2.1747904763423105e-18, -6.031437810897405e-19, 3.3344937667957514e-7, 4.5775017317709815e-6, -1.1948935638755453e-18, -3.5355771108646854e-18, 1.9238422698367261e-31, -4.133431889529991e-6, 6.473327775220509e-18, 3.4583988922260324e-6, -4.879376059727525e-18, -1.61858496129578e-17, 5.618947970063568e-6, 4.295622888748857e-6, -5.175317724392411e-18, -1.723925849634537e-20, 2.7734248831516158e-31, 4.750043710939038e-18, -3.2291110485292204e-8, -2.519712142143892e-18, 2.2875460678441986e-7, 2.3575874157711272e-6, -7.767264660316618e-18, -5.095133028051418e-18, 1.5367347877329276e-6, 2.6530894206495775e-31, -2.0648108698086064e-20, 3.458398892201306e-6, -3.786054447129774e-18, -9.905238798156084e-7, 5.095832019410634e-18, 5.218845810381935e-18, -1.6469004478502177e-6, -8.550975774400765e-6, -6.5315325149779516e-18, -3.8972223363605856e-19, 1.0914940152966126e-31, -6.725976106078514e-19, 2.2875460679396256e-7, 1.6531729865874343e-19, 1.0728841068430063e-7, -1.146664078958501e-5, 3.315097895896513e-17, -1.5609335036378132e-17, 5.79683440548345e-6, -2.042271500971078e-32, -1.6627818389238923e-19, -1.864964410610339e-18, 2.3575874157836036e-6, -2.1350610255568196e-20, -1.1466640789664374e-5, 1.9833097511382113e-6, 3.401894372642744e-17, -3.472798352415009e-18, -2.204203568628666e-6, 1.52092393467978e-31, -6.871040036525991e-19, 5.618947970062076e-6, -5.727542299917446e-18, -1.6469004478199684e-6, -7.448522844914931e-19, 2.2217652961310564e-19, -7.464728937898049e-6, 7.939726655756927e-6, 1.8177594241634308e-17, -6.875142979638443e-19, 5.655764262293173e-32, 4.29562288873556e-6, -4.278517599512552e-18, -8.550975774390356e-6, -5.170595864512186e-19, 1.8174463389691344e-19, 7.939726656014745e-6, -3.225872350785256e-6, 1.062555254120132e-17, -6.411225052830083e-19, -2.3798944484048412e-33, -1.8008295649012167e-18, 1.5367347877255457e-6, -7.9748305964133995e-19, 5.796834405430216e-6, -2.2042035687193053e-6, 3.442884659139806e-19, 1.8491217569328022e-19, 8.82367213466001e-6, -8.970806253667272e-32, -4.2145452610056193e-19, -1.7239258496346334e-20, 2.653724188834737e-31, -3.897222336360567e-19, -2.0374657360684918e-32, 1.517459939855724e-31, -6.875142979638471e-19, -6.41122505283009e-19, -8.996175962865725e-32, -3.214494361066412e-7, 6.159866285721887e-18, 2.7728557279507345e-31, -2.0648108698085983e-20, 1.0979746941489038e-31, -1.6627818389238856e-19, -6.871040036525974e-19, 5.71065042329033e-32, -2.376387049282026e-33, -4.214545261005633e-19, -1.56743171236837e-19, -2.520647328115601e-6]
addition_t1 = reshape(amplitudes[1:n], (nv, no)) ./ pre_t[v, o] = [-1.8174126988841123e-5 -5.791267873725172e-6 -1.1761964140958114e-18 1.001480297143171e-5 1.0211780327443607e-19; 2.058275458773248e-17 2.419342453940639e-18 5.870057607995501e-7 -2.3322590004174525e-18 4.369779101093628e-31]
addition_t2 = reshape(amplitudes[n + 1:end], (nv, no, nv, no)) ./ pre_t2[v, o, v, o] = [-1.9929267089378083e-7 1.5420123915567355e-7 -8.56820864932223e-20 1.9836945959577456e-7 -7.491049737484768e-22; 1.142069641269504e-19 -2.984236608910542e-20 2.568472437074065e-7 -8.273902478026182e-20 1.27580713647742e-32;;; 1.142069641269504e-19 -1.6798278950533844e-19 1.077674740484554e-7 -1.965762782822114e-19 1.2208244115550793e-32; -1.5486577805052191e-9 1.0100046625864605e-8 -2.604951861438166e-19 7.024849584770761e-8 -9.988444571915107e-22;;;; 1.5420123915567355e-7 -5.870408221879303e-7 -7.870031283631085e-21 -3.286986007656683e-6 -3.217101605060144e-20; -1.6798278950533844e-19 4.743473391230779e-20 -5.83299961528946e-7 -2.940590041527759e-19 4.1526679606674474e-32;;; -2.984236608910542e-20 4.743473391230779e-20 -4.061260132833862e-6 -1.9065737540289906e-19 -7.375725962961885e-33; 1.0100046625864605e-8 5.967641701762979e-8 -2.5387453333778083e-19 2.053792649100796e-6 -4.074595880840735e-20;;;; -8.56820864932223e-20 -7.870031283631085e-21 1.9338355881869964e-6 9.36958133461145e-20 7.093925222939951e-32; 1.0776747404845537e-7 -4.061260132833861e-6 1.0277927913788252e-19 -1.0750902982220737e-6 -8.710630484117943e-20;;; 2.5684724370740643e-7 -5.832999615289459e-7 1.0277927913788252e-19 3.872565682931098e-6 -4.38421272240105e-20; -2.604951861438166e-19 -2.5387453333778083e-19 -6.570470955721633e-6 1.5933609359861634e-19 2.9939815596274496e-32;;;; 1.9836945959577456e-7 -3.286986007656683e-6 9.369581334611451e-20 -3.528832745149458e-6 -5.140410904361211e-20; -1.965762782822114e-19 -1.9065737540289904e-19 3.872565682931097e-6 9.537388959008653e-20 1.904858061248184e-33;;; -8.273902478026182e-20 -2.9405900415277587e-19 -1.0750902982220735e-6 9.537388959008653e-20 -4.435931762312232e-32; 7.024849584770761e-8 2.0537926491007957e-6 1.5933609359861634e-19 8.611264373224516e-6 -5.042302213669668e-20;;;; -7.491049737484768e-22 -3.217101605060144e-20 7.093925222939951e-32 -5.140410904361211e-20 -3.715292835445583e-7; 1.2208244115550793e-32 -7.375725962961885e-33 -4.38421272240105e-20 -4.435931762312232e-32 -8.514340165937154e-20;;; 1.27580713647742e-32 4.1526679606674474e-32 -8.710630484117943e-20 1.904858061248184e-33 -8.514340165937154e-20; -9.988444571915107e-22 -4.074595880840735e-20 2.9939815596274496e-32 -5.042302213669668e-20 -2.583357498539565e-6]
(d, V, nconv, niter, nmult, resid) = eigs(A_imp, nev = n_ev, which = :SM, tol = 1.0e-12, maxiter = 1000) = (ComplexF64[0.32324434059158835 + 0.0im, 0.39485377825259227 + 0.0im], ComplexF64[9.455805195612684e-18 + 0.0im 1.9677519126116538e-17 + 0.0im; 2.995158650706753e-17 + 0.0im 6.564911210609706e-17 + 0.0im; -2.63353498315602e-15 + 0.0im 1.866918952998008e-15 + 0.0im; -1.3743379186791224e-16 + 0.0im -2.0271566949719794e-16 + 0.0im; 2.8927645606153443e-15 + 0.0im 3.992303049411227e-15 + 0.0im; -6.831659430074883e-15 + 0.0im 5.435190197709437e-15 + 0.0im; 2.3342024186739106e-14 + 0.0im -2.1944534601325097e-14 + 0.0im; -5.862394450194597e-16 + 0.0im 5.806400951516895e-15 + 0.0im; -0.958796126131258 + 0.0im -1.891440556384224e-14 + 0.0im; 1.2294969185316528e-14 + 0.0im -0.9597668486920788 + 0.0im; -1.0361693376567867e-16 + 0.0im -5.881557784680184e-16 + 0.0im; -3.4204437903662184e-16 + 0.0im 1.6635085733261989e-16 + 0.0im; 1.9528082675723947e-16 + 0.0im -1.5970407949314498e-16 + 0.0im; 3.098551703456425e-17 + 0.0im 1.8337864694482995e-16 + 0.0im; 8.936523658613722e-17 + 0.0im 1.1458366607621583e-16 + 0.0im; -4.9020288071470213e-17 + 0.0im -1.9607524816168953e-17 + 0.0im; -6.710422655033955e-18 + 0.0im 4.455614315246718e-17 + 0.0im; -1.976235037554427e-17 + 0.0im -2.7864734162778386e-17 + 0.0im; -0.000282726119930658 + 0.0im -4.8187201847679773e-17 + 0.0im; 3.206767339904078e-17 + 0.0im -0.00012988390739464157 + 0.0im; 5.852998269685482e-17 + 0.0im 2.652596193062154e-16 + 0.0im; -3.1503556915934534e-16 + 0.0im 1.4185279554659883e-16 + 0.0im; -8.773359977665105e-17 + 0.0im -8.33124336085752e-17 + 0.0im; -8.658503902332867e-17 + 0.0im 1.9948417665677033e-17 + 0.0im; 9.297444355797671e-17 + 0.0im -1.2925865645231543e-16 + 0.0im; 7.346858420371724e-17 + 0.0im 8.620015601677305e-17 + 0.0im; -9.968351509226048e-17 + 0.0im 2.0063949251173466e-16 + 0.0im; 4.237049439855454e-17 + 0.0im -0.00030652989095884765 + 0.0im; 0.0003087700014303453 + 0.0im 6.233092602434327e-17 + 0.0im; -4.4882865991273905e-16 + 0.0im -5.871634335929573e-16 + 0.0im; 8.994214018983865e-17 + 0.0im -1.917091272085875e-15 + 0.0im; 7.855633204257997e-17 + 0.0im -2.47778634770809e-16 + 0.0im; -1.6745496355745014e-15 + 0.0im 1.2331678901400832e-15 + 0.0im; -8.834620850344252e-16 + 0.0im 3.099473308222473e-16 + 0.0im; -1.0242241854618805e-16 + 0.0im -8.583120844629466e-16 + 0.0im; -0.08239055652859349 + 0.0im -1.935487083596276e-15 + 0.0im; 7.602384197471434e-16 + 0.0im -0.05834150672641119 + 0.0im; -7.378581629652252e-17 + 0.0im -1.0491505315559928e-18 + 0.0im; -8.619664634854929e-16 + 0.0im 7.055576933844851e-16 + 0.0im; -4.145033451170415e-17 + 0.0im 4.15891251148101e-18 + 0.0im; -1.7627740640835904e-17 + 0.0im -3.2411136257296644e-16 + 0.0im; 8.001762239979072e-16 + 0.0im -6.24169878319015e-16 + 0.0im; 8.046089302893413e-16 + 0.0im -0.05916425840607306 + 0.0im; -0.014264365094403764 + 0.0im -1.1188594858447122e-15 + 0.0im; -1.795646899612245e-15 + 0.0im 2.7710838514167892e-15 + 0.0im; 3.853826202939227e-16 + 0.0im 8.492625055169248e-16 + 0.0im; -3.349305492335546e-16 + 0.0im -2.485471678116521e-16 + 0.0im; 2.1924762758252246e-15 + 0.0im -3.6022368503455216e-15 + 0.0im; 6.273620519883518e-15 + 0.0im -0.11537862037201367 + 0.0im; -0.13734599334577727 + 0.0im -1.7930559453264992e-15 + 0.0im; 2.9403100934155327e-16 + 0.0im -4.944987966364375e-16 + 0.0im; 2.5418527493827013e-15 + 0.0im -4.873588851066261e-16 + 0.0im; 6.564213595071173e-16 + 0.0im -8.194067027706556e-17 + 0.0im; -0.1606404839571141 + 0.0im -2.9388144551597618e-15 + 0.0im; 9.946810490022858e-16 + 0.0im -0.15443761206259557 + 0.0im; 2.660888392314951e-15 + 0.0im -3.4992058417106988e-15 + 0.0im; -1.6554030896200643e-16 + 0.0im 1.0845906202035916e-15 + 0.0im; -0.1472323748795618 + 0.0im -6.871699034677395e-15 + 0.0im; 1.5463883452964507e-15 + 0.0im -0.13601003587790708 + 0.0im; 2.3485742576447495e-15 + 0.0im -2.44137761878486e-15 + 0.0im; 1.1079399847911337e-15 + 0.0im -0.1275986384072059 + 0.0im; -0.08585731267222131 + 0.0im -6.588427794248935e-15 + 0.0im; 1.2291928464721227e-16 + 0.0im -1.8801851264988803e-15 + 0.0im; -1.847241899683832e-16 + 0.0im -4.3945342563522284e-16 + 0.0im; -3.292430173022157e-16 + 0.0im 1.48983710047846e-15 + 0.0im], 2, 9, 162, [0.132495642253476, 0.04790285586816505, -0.01165314542315386, 0.0686826360973666, -0.13441763859980152, 0.3186362206248128, 0.06842439518971635, -1.135453109201162, -0.11690080958244263, 0.18454326310776215, -0.006378950489688009, -0.00445597088100729, -0.05548745889782494, -0.33433158582168326, -0.04949350110442968, -0.027437816506156124, 0.03758871794892141, 0.1329486374459759, 0.1055128722554673, 0.015147454608307171, 0.017879070858640305, 0.2614930877845885, 0.5017898555954105, 0.015286232998685124, -0.023579498477524833, -0.043502972285841324, -0.057748766600502835, 0.004645900995148937, -0.0595015902235687, 0.7075379372971204, 1.6486610361443759, -0.11681224255382303, -0.07218419713171319, -0.12205808100993945, 0.33127652555267445, 0.17584078547584794, -0.5670698368697072, 0.38773584538801215, -0.43202553655125137, -0.7497837534912396, 0.11152819056132286, -0.19421256529815276, -0.6359538731931226, 0.1001384237279423, -0.11947676180487626, 0.058307014244480336, 0.05464401138829237, 0.49300769976312186, -0.32041455056725615, -0.34310113721397867, 0.0017594105916032274, -0.74513762147732, 0.2871306226172164, -0.221067249104712, 0.5015241497649015, 0.12111225537275237, -0.10917269175776619, 0.9641828918210016, -1.0096070972079552, 0.23146269880120748, -0.07508665847856473, 0.428580709924655, 0.5501994279281797, 0.1570307330130967, -0.24081469677348194])
[9.455805195612684e-18, 2.995158650706753e-17, -2.63353498315602e-15, -1.3743379186791224e-16, 2.8927645606153443e-15, -6.831659430074883e-15, 2.3342024186739106e-14, -5.862394450194597e-16, -0.958796126131258, 1.2294969185316528e-14, -1.0361693376567867e-16, -3.4204437903662184e-16, 1.9528082675723947e-16, 3.098551703456425e-17, 8.936523658613722e-17, -4.9020288071470213e-17, -6.710422655033955e-18, -1.976235037554427e-17, -0.000282726119930658, 3.206767339904078e-17, 5.852998269685482e-17, -3.1503556915934534e-16, -8.773359977665105e-17, -8.658503902332867e-17, 9.297444355797671e-17, 7.346858420371724e-17, -9.968351509226048e-17, 4.237049439855454e-17, 0.0003087700014303453, -4.4882865991273905e-16, 8.994214018983865e-17, 7.855633204257997e-17, -1.6745496355745014e-15, -8.834620850344252e-16, -1.0242241854618805e-16, -0.08239055652859349, 7.602384197471434e-16, -7.378581629652252e-17, -8.619664634854929e-16, -4.145033451170415e-17, -1.7627740640835904e-17, 8.001762239979072e-16, 8.046089302893413e-16, -0.014264365094403764, -1.795646899612245e-15, 3.853826202939227e-16, -3.349305492335546e-16, 2.1924762758252246e-15, 6.273620519883518e-15, -0.13734599334577727, 2.9403100934155327e-16, 2.5418527493827013e-15, 6.564213595071173e-16, -0.1606404839571141, 9.946810490022858e-16, 2.660888392314951e-15, -1.6554030896200643e-16, -0.1472323748795618, 1.5463883452964507e-15, 2.3485742576447495e-15, 1.1079399847911337e-15, -0.08585731267222131, 1.2291928464721227e-16, -1.847241899683832e-16, -3.292430173022157e-16]
(d, V, nconv, niter, nmult, resid) = eigs(A_imp, nev = n_ev, which = :SM, tol = 1.0e-12, maxiter = 1000) = (ComplexF64[0.323244340591584 + 0.0im, 0.394853778252611 + 0.0im], ComplexF64[-1.3911512937727852e-16 + 0.0im -1.977838787558209e-15 + 0.0im; -1.5918414206683058e-16 + 0.0im 3.1488005782029477e-15 + 0.0im; 1.3753614406552887e-16 + 0.0im -2.8164338118837115e-15 + 0.0im; 8.513809894589936e-17 + 0.0im -8.408745368253398e-15 + 0.0im; -1.2440448244440234e-15 + 0.0im -6.399023677830207e-14 + 0.0im; -1.6755396846249023e-16 + 0.0im -5.2984318675970524e-15 + 0.0im; 8.133981454324228e-16 + 0.0im -3.797304435269418e-15 + 0.0im; 5.730695535998544e-17 + 0.0im -2.6320610790988895e-14 + 0.0im; -0.9557937243743023 + 0.0im -4.2149171681933845e-14 + 0.0im; 1.2911526841871744e-14 + 0.0im -0.9607757126382975 + 0.0im; -4.061330682010864e-16 + 0.0im -3.8192267687990416e-16 + 0.0im; -1.591627671094307e-16 + 0.0im 2.3342461675066764e-16 + 0.0im; 1.0784692690135402e-17 + 0.0im 1.789542742694574e-15 + 0.0im; -2.9230756090381067e-16 + 0.0im 2.9226243448912442e-15 + 0.0im; 5.342469227168579e-17 + 0.0im 1.1797973020520982e-15 + 0.0im; 3.755849617991721e-17 + 0.0im -1.2211788131290167e-15 + 0.0im; -1.442595663198576e-16 + 0.0im 8.773434285954751e-16 + 0.0im; 1.5397402787378473e-16 + 0.0im -7.249475590125624e-16 + 0.0im; -0.0002504138161299051 + 0.0im -1.2369533997632245e-15 + 0.0im; 2.5764545029540665e-16 + 0.0im 6.0580312263842394e-5 + 0.0im; 4.4264234860939173e-17 + 0.0im 6.228358086482083e-17 + 0.0im; -8.354379173674093e-17 + 0.0im -3.219362146114004e-15 + 0.0im; 4.568024528007166e-17 + 0.0im -3.658665640144847e-15 + 0.0im; -1.993316727541949e-17 + 0.0im 1.4851272342286412e-15 + 0.0im; -6.708857921693151e-17 + 0.0im -2.994922131474999e-15 + 0.0im; -1.1006723522263979e-16 + 0.0im 6.776996230975096e-18 + 0.0im; 1.0305893584214364e-16 + 0.0im -6.631451755201422e-17 + 0.0im; -1.6574325562481828e-16 + 0.0im -0.00046008967170089283 + 0.0im; 0.00031957330898697676 + 0.0im 8.50620595980931e-16 + 0.0im; -5.428321465884941e-17 + 0.0im -3.3727170812842536e-15 + 0.0im; -1.6459001939560125e-17 + 0.0im -8.33790677400657e-15 + 0.0im; 2.8553019444600595e-16 + 0.0im -2.7243810964881593e-16 + 0.0im; -2.8755662523673576e-17 + 0.0im 7.107508357091482e-15 + 0.0im; 1.4866397719326764e-16 + 0.0im 8.557014524693832e-16 + 0.0im; 2.3368828984105534e-16 + 0.0im -3.887323856249492e-15 + 0.0im; -0.08496977057789792 + 0.0im -2.216768871878442e-15 + 0.0im; 2.926714754498845e-16 + 0.0im -0.06896938393218872 + 0.0im; 1.6106295661326091e-16 + 0.0im -8.304927348338987e-15 + 0.0im; -2.2572892595975457e-16 + 0.0im 7.6442075920859e-16 + 0.0im; 3.948889868165211e-17 + 0.0im 4.38282154113785e-15 + 0.0im; 3.6534738161032814e-17 + 0.0im 2.8209229170619916e-15 + 0.0im; 7.718670433582272e-17 + 0.0im -1.7620125932748457e-15 + 0.0im; 1.8709417830044963e-15 + 0.0im -0.05288241580945781 + 0.0im; -0.016847482130212258 + 0.0im -5.423880301196228e-16 + 0.0im; -1.8661791451740164e-16 + 0.0im -6.926782720243932e-16 + 0.0im; -3.768519312825465e-16 + 0.0im -2.5107764197923217e-15 + 0.0im; 3.597882505290168e-16 + 0.0im -5.132477445510008e-15 + 0.0im; -4.553055616593372e-17 + 0.0im 4.716125984848777e-15 + 0.0im; 6.312388109773437e-15 + 0.0im -0.10895917554148658 + 0.0im; -0.0851289685573579 + 0.0im 2.328430855386134e-15 + 0.0im; -1.4673952062261526e-16 + 0.0im 3.941973131509166e-15 + 0.0im; 1.5625037737920043e-16 + 0.0im -2.630747684758608e-15 + 0.0im; -1.4884558065568543e-16 + 0.0im -5.6491499406398694e-15 + 0.0im; -0.21479555975561637 + 0.0im -1.1654174992022034e-14 + 0.0im; 1.4213150656354173e-15 + 0.0im -0.15548030832981 + 0.0im; 4.496155456712652e-16 + 0.0im 1.4602953304358519e-15 + 0.0im; -2.9293667901676193e-16 + 0.0im 3.364804971987539e-16 + 0.0im; -0.14167156587294857 + 0.0im -1.8945753853854557e-15 + 0.0im; 1.909089297577331e-15 + 0.0im -0.16065694238976885 + 0.0im; 1.2165425781814687e-17 + 0.0im 5.738235674642737e-15 + 0.0im; 9.861238428033518e-16 + 0.0im -0.08660027412787744 + 0.0im; -0.07415919154812328 + 0.0im -2.538306251221913e-15 + 0.0im; -2.2593373078397527e-16 + 0.0im 7.480747065262394e-16 + 0.0im; -3.958076259168229e-16 + 0.0im -7.725247527802823e-15 + 0.0im; -4.7458837765828966e-17 + 0.0im -7.835215548874808e-15 + 0.0im], 2, 10, 181, [0.854578903298655, -1.6634948108185814, 0.09319579198398359, 0.16078536827063078, 0.47704666021173986, 0.0644629684655118, 0.03961371420033596, 0.1999326803232703, 0.022626479632551103, -0.005939456271501386, -0.01879863097848215, 0.016635602840501685, -0.8066871496919413, -1.5454210807154096, -0.6811150547159488, 0.5214686393098731, -0.5111769514032173, 0.37535149655407496, 0.589932120274304, -0.4848559451404141, 0.03318994902654007, 1.6687561918220952, 1.9495496809619717, -0.6598153446244819, 1.5263047199876072, 0.10008195280710883, 0.0743997210469241, 0.43448653296406803, -0.4454194941530545, 0.16666538713072812, 0.3942460459942189, 0.062123047446066774, -0.3958502592507222, -0.024473789960377218, 0.27495601593721175, -0.014910002842731833, -0.02103499582231029, 0.4943697468052195, -0.02857712676770727, -0.18339175166379854, -0.10286001007604907, 0.1010687054682625, -0.010181946450520899, -0.014049879776365416, 0.027329126880416527, -0.047876666927991765, 0.14026925274400812, -0.079910133304041, 0.050148753477167414, -0.07517476191716434, -0.049963406029773096, 0.033004136015454606, 0.05499278482757729, 0.005842483474026359, 0.0340991404453184, -0.021761605785177163, -0.04242225487093711, -0.0632996248657797, -0.09818401766912355, -0.11222839517695697, 0.14404641281067862, -0.08495705538938285, 0.011845177350662555, 0.12154063427076654, 0.15018013393117943])
[1.3911512937727852e-16, 1.5918414206683058e-16, -1.3753614406552887e-16, -8.513809894589936e-17, 1.2440448244440234e-15, 1.6755396846249023e-16, -8.133981454324228e-16, -5.730695535998544e-17, 0.9557937243743023, -1.2911526841871744e-14, 4.061330682010864e-16, 1.591627671094307e-16, -1.0784692690135402e-17, 2.9230756090381067e-16, -5.342469227168579e-17, -3.755849617991721e-17, 1.442595663198576e-16, -1.5397402787378473e-16, 0.0002504138161299051, -2.5764545029540665e-16, -4.4264234860939173e-17, 8.354379173674093e-17, -4.568024528007166e-17, 1.993316727541949e-17, 6.708857921693151e-17, 1.1006723522263979e-16, -1.0305893584214364e-16, 1.6574325562481828e-16, -0.00031957330898697676, 5.428321465884941e-17, 1.6459001939560125e-17, -2.8553019444600595e-16, 2.8755662523673576e-17, -1.4866397719326764e-16, -2.3368828984105534e-16, 0.08496977057789792, -2.926714754498845e-16, -1.6106295661326091e-16, 2.2572892595975457e-16, -3.948889868165211e-17, -3.6534738161032814e-17, -7.718670433582272e-17, -1.8709417830044963e-15, 0.016847482130212258, 1.8661791451740164e-16, 3.768519312825465e-16, -3.597882505290168e-16, 4.553055616593372e-17, -6.312388109773437e-15, 0.0851289685573579, 1.4673952062261526e-16, -1.5625037737920043e-16, 1.4884558065568543e-16, 0.21479555975561637, -1.4213150656354173e-15, -4.496155456712652e-16, 2.9293667901676193e-16, 0.14167156587294857, -1.909089297577331e-15, -1.2165425781814687e-17, -9.861238428033518e-16, 0.07415919154812328, 2.2593373078397527e-16, 3.958076259168229e-16, 4.7458837765828966e-17]
Projection L1|R2: -6.654503758114045e-15
scalar = l1_vec' * r1_vec = -0.997075250518513
Check <L1|R1>: 0.9999999999999999
t before projection
65-element Vector{Float64}:
 -5.769797880069422e-5
  1.2976697205440592e-16
  0.0032895918640921734
 -4.008596776037906e-16
  7.088943963983834e-17
 -0.002499256356335562
 -0.02177931273935907
 -8.991303448212698e-16
  1.1179930867090449e-17
 -4.8813372081536596e-32
 -0.0005221116489673705
 -1.1098229719156924e-18
 -0.0004000753279797467
  5.7083056189330145e-18
  7.079554339863871e-18
  0.00017110290663053106
 -9.480075824691457e-5
  1.90609669727798e-18
  3.479208079869857e-21
 -6.863675599563102e-34
 -0.0003695664646037393
  6.474643411499648e-18
 -0.0007460257524881764
 -0.0002161447897599563
  2.9768467275908026e-18
 -6.928398844613976e-19
  0.00041810670511122696
 -6.557996447773407e-34
 -3.535705894971408e-21
 -0.031826820967822474
  2.2800452741150184e-18
  8.1880971688710925e-16
 -0.031625406066719
 -0.038670648507910715
 -5.249677809320804e-16
  9.812445710198645e-19
 -4.21635053975822e-32
 -0.01917319568841711
 -0.022192144123871667
 -3.681943656608922e-16
 -4.100779931550085e-16
  0.0033923031392468464
 -1.1970672699171876e-32
  1.8955304131847613e-19
 -0.05845709831825087
  1.2586059046521345e-15
  1.3400044210754555e-15
 -0.055363343232460026
 -1.600940789952339e-31
  1.6711490367775317e-18
 -0.10014943411821393
 -0.07225901080672445
 -1.4139416504693613e-15
  1.896746243801726e-18
 -3.445149170493334e-32
 -0.07981268309277437
 -1.0179554171511142e-15
  1.756288432150756e-18
 -4.5002315518039244e-32
 -0.05539080748710903
  5.431585892852936e-35
  1.0301926598206041e-18
 -0.026472446573869872
 -1.087831342382261e-16
 -0.012742246631290295
t after projection
65-element Vector{Float64}:
 -5.769797880069422e-5
  1.2976697205440592e-16
  0.0032895918640921734
 -4.008596776037906e-16
  7.088943963983846e-17
 -0.002499256356335562
 -0.02177931273935907
 -8.991303448212698e-16
 -2.95201355306661e-17
  4.730974372788346e-31
 -0.0005221116489673705
 -1.1098229719157069e-18
 -0.0004000753279797467
  5.708305618933016e-18
  7.079554339863874e-18
  0.00017110290663053106
 -9.480075824691457e-5
  1.9060966972779793e-18
 -8.522271212697257e-21
  6.748774440559993e-34
 -0.0003695664646037393
  6.4746434114996346e-18
 -0.0007460257524881764
 -0.0002161447897599563
  2.9768467275908064e-18
 -6.928398844613945e-19
  0.00041810670511122696
  1.1427912008962078e-33
  9.571313644790516e-21
 -0.031826820967822474
  2.2800452741150223e-18
  8.1880971688710925e-16
 -0.031625406066719
 -0.038670648507910715
 -5.249677809320804e-16
 -2.5161633031571398e-18
 -9.892041925275303e-33
 -0.01917319568841711
 -0.022192144123871667
 -3.681943656608922e-16
 -4.100779931550085e-16
  0.0033923031392468464
  2.2184280574513913e-32
 -4.1595692127037563e-19
 -0.05845709831825087
  1.2586059046521345e-15
  1.3400044210754555e-15
 -0.055363343232460026
  1.062156867146787e-31
 -4.159069605421802e-18
 -0.10014943411821393
 -0.07225901080672445
 -1.4139416504693613e-15
 -4.922303380025431e-18
  7.77185863580533e-33
 -0.07981268309277437
 -1.0179554171511142e-15
 -4.493598556521955e-18
  2.064053243988656e-32
 -0.05539080748710903
  4.708541007880162e-32
 -2.614376014640199e-18
 -0.026472446573869872
 -1.0878313423822612e-16
 -0.012742246631290295
Omega original restricted
65-element Vector{Float64}:
 -0.00018847034294623385
  2.1458582097695556e-16
 -4.885851977000457e-6
  2.1747904763423105e-18
 -6.031437810897405e-19
  3.3344937667957514e-7
  4.5775017317709815e-6
 -1.1948935638755453e-18
 -3.5355771108646854e-18
  1.9238422698367261e-31
 -4.133431889529991e-6
  4.750043710939038e-18
  3.458398892201306e-6
 -6.725976106078514e-19
 -1.864964410610339e-18
  5.618947970062076e-6
  4.29562288873556e-6
 -1.8008295649012167e-18
 -1.7239258496346334e-20
  2.7728557279507345e-31
 -3.2291110485292204e-8
 -3.786054447129774e-18
  2.2875460679396256e-7
  2.3575874157836036e-6
 -5.727542299917446e-18
 -4.278517599512552e-18
  1.5367347877255457e-6
  2.653724188834737e-31
 -2.0648108698085983e-20
 -9.905238798156084e-7
  1.6531729865874343e-19
 -2.1350610255568196e-20
 -1.6469004478199684e-6
 -8.550975774390356e-6
 -7.9748305964133995e-19
 -3.897222336360567e-19
  1.0979746941489038e-31
  1.0728841068430063e-7
 -1.1466640789664374e-5
 -7.448522844914931e-19
 -5.170595864512186e-19
  5.796834405430216e-6
 -2.0374657360684918e-32
 -1.6627818389238856e-19
  1.9833097511382113e-6
  2.2217652961310564e-19
  1.8174463389691344e-19
 -2.2042035687193053e-6
  1.517459939855724e-31
 -6.871040036525974e-19
 -7.464728937898049e-6
  7.939726656014745e-6
  3.442884659139806e-19
 -6.875142979638471e-19
  5.71065042329033e-32
 -3.225872350785256e-6
  1.8491217569328022e-19
 -6.41122505283009e-19
 -2.376387049282026e-33
  8.82367213466001e-6
 -8.996175962865725e-32
 -4.214545261005633e-19
 -3.214494361066412e-7
 -1.56743171236837e-19
 -2.520647328115601e-6
Omega restricted
65-element Vector{Float64}:
  1.8174126988841123e-5
 -2.058275458773248e-17
  5.791267873725172e-6
 -2.419342453940639e-18
  1.1761964140958114e-18
 -5.870057607995501e-7
 -1.001480297143171e-5
  2.3322590004174525e-18
 -1.0211780327443607e-19
 -4.369779101093628e-31
  1.9929267089378083e-7
 -1.142069641269504e-19
 -1.5420123915567355e-7
  2.984236608910542e-20
  8.56820864932223e-20
 -2.5684724370740643e-7
 -1.9836945959577456e-7
  8.273902478026182e-20
  7.491049737484768e-22
 -1.27580713647742e-32
  1.5486577805052191e-9
  1.6798278950533844e-19
 -1.0100046625864605e-8
 -1.0776747404845537e-7
  2.604951861438166e-19
  1.965762782822114e-19
 -7.024849584770761e-8
 -1.2208244115550793e-32
  9.988444571915107e-22
  5.870408221879303e-7
 -4.743473391230779e-20
  7.870031283631085e-21
  5.832999615289459e-7
  3.286986007656683e-6
  2.9405900415277587e-19
  3.217101605060144e-20
 -4.1526679606674474e-32
 -5.967641701762979e-8
  4.061260132833861e-6
  2.5387453333778083e-19
  1.9065737540289904e-19
 -2.0537926491007957e-6
  7.375725962961885e-33
  4.074595880840735e-20
 -1.9338355881869964e-6
 -1.0277927913788252e-19
 -9.369581334611451e-20
  1.0750902982220735e-6
 -7.093925222939951e-32
  8.710630484117943e-20
  6.570470955721633e-6
 -3.872565682931097e-6
 -1.5933609359861634e-19
  4.38421272240105e-20
 -2.9939815596274496e-32
  3.528832745149458e-6
 -9.537388959008653e-20
  5.140410904361211e-20
 -1.904858061248184e-33
 -8.611264373224516e-6
  4.435931762312232e-32
  5.042302213669668e-20
  3.715292835445583e-7
  8.514340165937154e-20
  2.583357498539565e-6
Omega resricted on L22.0975450220658646e-20
Omega resricted on L1 (<L1|H|HF>): 5.60178794031073e-20
Omega resricted on R1 (<R1|H|HF>): 5.60178794031073e-20
<L1[D]|R1[S]H[S]|HF> additional: 2.2777203123951767e-7
<L1|H|R1> with nuclear repulsion : -74.68951521042938
<HF|H|R1>: 8.071912448487891e-16
L1 * A * R1: 0.32324434059159113
Reduced matrix[-75.012759778793 8.071912448487891e-16; -3.787966689248732e-18 -74.68951521042938]
Matrix
2×2 Matrix{Float64}:
 -75.0128         8.07191e-16
  -3.78797e-18  -74.6895
NEW E0 FROM MATRIX: -75.012759778793
NEW E1 FROM MATRIX: -74.68951521042938
[1.0 2.4971533131556725e-15; 0.0 1.0]
Evaluating remaining element <mu_tilde|H|R1>
Norm of element <mu_tilde|H|R1>: 0.00016918911042722277
65-element Vector{Float64}:
 -2.1537679564098856e-24
 -6.8221336975609e-24
  5.998456124537757e-22
  3.130357393470348e-23
 -6.588908598690478e-22
  1.5560609451247617e-21
 -5.316660262255517e-21
  1.3352894918480986e-22
  2.183869411934974e-7
 -2.8004501053668233e-21
 -1.6448266649704336e-21
 -5.2068936995509754e-21
  4.646139191613065e-19
  2.4242420980924765e-20
 -5.104336338897792e-19
  1.2054368344783208e-18
 -4.1185720419577655e-18
  1.0344340590685813e-19
  0.00016917465996662707
 -2.169390745266783e-18
 -1.3331493041303384e-23
  2.3710956805095848e-23
  1.9983260201743143e-23
  1.972165079016752e-23
  2.5869258361784654e-23
  1.709814739073919e-25
  2.270511659671961e-23
 -1.912068324292532e-16
 -7.032917041161853e-11
  4.326683576789078e-21
  1.99971215197875e-22
 -4.658176012026803e-21
  7.203473151182761e-21
 -3.872811000644458e-20
  9.637155436061976e-22
  1.5567709463995365e-6
 -1.9895518760493548e-20
  1.6806345254212733e-23
  1.9633185225507345e-22
 -2.0643190636406793e-22
 -7.355431554531273e-23
 -1.8225776389076638e-22
 -2.1775671190777503e-18
  3.2490234118944195e-9
  4.089981417121531e-22
  4.456009601009762e-21
  1.7090018011477183e-21
 -4.9938477479172005e-22
  4.858615468281559e-19
  3.128357588697697e-8
 -1.0797751612912785e-20
  3.2229474927839387e-20
 -1.0703457889228203e-21
 -1.4694326618738577e-6
  1.9085673280662278e-20
  1.2568466473317236e-20
 -2.931757247922184e-22
 -5.076216026189344e-7
  6.5872167074801844e-21
 -5.349395291800085e-22
  9.45565272539688e-19
  1.955589450411823e-8
  9.163081192471945e-18
  4.2075003633157855e-23
  7.499235082235333e-23
Evaluating remaining element <HF|H|nu_tilde>
Norm of element <HF|H|nu_tilde>: 0.6310595045218356
65-element Vector{Float64}:
  0.0002116362996104448
 -4.976722581916328e-15
 -0.0025369701167765562
  1.2015287628547725e-15
  2.4041720703329483e-16
 -0.006432330488822542
 -0.004494325301972682
  6.329113689662923e-16
  7.717284353058946e-16
 -1.043089474672062e-29
  0.05239336012754763
 -4.987329993433192e-18
  0.019651963684992408
 -2.6454533008646284e-16
  4.770489558936215e-17
 -0.029156979521037844
 -0.003541965152492765
 -1.3140530330524326e-16
  2.0272475910330582e-19
 -2.085791936420296e-31
  0.039043531449969804
 -1.5525775109992416e-16
  0.03820659895705575
  0.02369421286935847
  2.272487753529618e-16
  4.917941054394249e-16
 -0.0224954053985897
  1.3417894463182653e-31
 -2.5871344912783483e-19
  0.19030556275555352
 -1.9862583799934439e-16
 -2.5812685322534894e-15
  0.2150135516546591
  0.1205037915945526
  2.8622937353617317e-15
  6.878804267944865e-17
 -2.369348276143353e-31
  0.1356328370711587
 -0.016737182000169673
  1.797173521111972e-15
  9.992007221626409e-16
 -0.03437710461989834
 -1.5146377628746204e-30
  1.3639030821577155e-17
  0.14998000751864307
 -3.531896997088779e-15
 -3.1988300897012327e-15
  0.01676122299106253
 -5.110250619145329e-30
  6.891692283683988e-17
  0.31889801799346934
  0.2912998997620643
  3.899658373995862e-15
  1.7388967901566544e-16
 -1.1506384062346045e-30
  0.19114032976697187
  2.2273849431542207e-15
  1.1469149149694926e-16
 -1.5455204267055808e-30
  0.14190557721937125
 -7.983254341470887e-31
  6.003624110775977e-17
  0.06920626869936716
  8.153200337091025e-17
  0.0500826884913902
Evaluating remaining element <L1|H|nu_tilde>
Norm of element <L1|H|nu_tilde>: 6.986545930715638e-8
65-element Vector{Float64}:
  7.4262405867312e-20
  2.816859750153132e-20
  8.12615039202841e-19
  5.181736078866942e-20
 -1.001934206023651e-20
  2.0520944063192273e-18
  1.383515326628144e-18
 -2.803696609168042e-20
 -1.921876897534003e-8
  9.661328353354889e-20
  9.277710368359146e-23
  3.635916822061787e-23
 -2.4636569396830185e-24
  6.677478641567563e-23
 -1.2204345329743087e-23
 -8.579868932412707e-24
  3.2954678625628755e-23
 -3.517385179173183e-23
  5.7204572594381676e-11
 -5.885656827093749e-23
 -1.0111728959570626e-23
  1.9084757275273873e-23
 -1.0435202608379382e-23
  4.5535359512717935e-24
  1.532572587000549e-23
  2.5143776988287567e-23
 -2.3542799946083248e-23
  3.7862416079712455e-23
 -7.30033783107589e-11
  1.2400466322503831e-23
  3.759897060928165e-24
 -6.522656372762277e-23
  6.568948190469195e-24
 -3.3960822956789644e-23
 -5.338379066806254e-23
  1.9410508112019644e-8
 -6.685791911334687e-23
 -3.6793247817721853e-23
  5.156555229771332e-23
 -9.020850391636923e-24
 -8.346001485258865e-24
 -1.7632543202844242e-23
 -4.273982430355256e-22
  3.848641538413828e-9
  4.26310265280444e-23
  8.608811603750363e-23
 -8.219008605066669e-23
  1.0401007602973408e-23
 -1.4420029591423294e-21
  1.944687532415531e-8
  3.352119978702208e-23
 -3.569386144034157e-23
  3.40023084810703e-23
  4.90679323564832e-8
 -3.2468544311249703e-22
 -1.0271024785857597e-22
  6.691850225899033e-23
  3.2363475385617837e-8
 -4.361126674247331e-22
 -2.779071830111663e-24
 -2.2527028989259605e-22
  1.6940937692729222e-8
  5.1612337944830867e-23
  9.041835798078712e-23
  1.0841504563038884e-23
Building the whole matrix...
(d, V, nconv, niter, nmult, resid) = eigs(A_imp, nev = n_ev, which = :SM, tol = 1.0e-12, maxiter = 1000) = (ComplexF64[-1.0460570741208363e-14 + 0.0im, 0.3232445683636635 + 0.0im], ComplexF64[0.9999999999999994 + 0.0im -4.556539521943359e-15 + 0.0im; -1.0801012094209563e-15 + 0.0im -0.9999999999640419 + 0.0im; 7.46876066716762e-17 + 0.0im -2.5781302688363288e-17 + 0.0im; 8.166173948354031e-17 + 0.0im -2.781376424860397e-17 + 0.0im; -1.2435175389101846e-17 + 0.0im 3.398514124295383e-16 + 0.0im; 2.0254155700507685e-16 + 0.0im -1.601481029680057e-16 + 0.0im; 8.833663475227935e-16 + 0.0im -7.2636443076672e-15 + 0.0im; -2.9453967331725917e-16 + 0.0im -1.6784192050741385e-16 + 0.0im; 4.299787507769442e-16 + 0.0im -3.372066833315046e-18 + 0.0im; -1.4098376573050286e-15 + 0.0im -9.835373531900848e-16 + 0.0im; -9.149097894566014e-18 + 0.0im 1.6744308765325576e-7 + 0.0im; 1.481872259432622e-16 + 0.0im -1.1870165582589406e-16 + 0.0im; -1.8209950692528303e-17 + 0.0im -1.7823384902784414e-16 + 0.0im; 9.645698235687399e-17 + 0.0im -5.385550751937295e-17 + 0.0im; -2.3688549807812644e-16 + 0.0im -1.1884869120216586e-17 + 0.0im; -1.1373222710885848e-16 + 0.0im -4.4805264247589094e-17 + 0.0im; 1.402247745970678e-17 + 0.0im 2.565689955204859e-18 + 0.0im; 1.6645317401912946e-16 + 0.0im -3.4440591742717144e-17 + 0.0im; 2.0602471597324576e-17 + 0.0im 5.4783207978854476e-18 + 0.0im; -5.919785259538503e-17 + 0.0im -4.788339485953422e-18 + 0.0im; 5.584497958398121e-17 + 0.0im 8.291596168556429e-6 + 0.0im; 4.4319288793914146e-17 + 0.0im 1.2471258963177693e-17 + 0.0im; -2.0311148666811293e-16 + 0.0im 2.4271656400593547e-16 + 0.0im; 4.868945681305414e-17 + 0.0im 1.7124000675618476e-17 + 0.0im; -1.1417844170449886e-17 + 0.0im -4.226192620961764e-17 + 0.0im; -1.1562882537208694e-16 + 0.0im -9.969659020288191e-18 + 0.0im; -1.2883872914978193e-16 + 0.0im -8.836122043557117e-18 + 0.0im; -3.858391573484747e-18 + 0.0im 7.262132137162322e-18 + 0.0im; 3.763533813348091e-18 + 0.0im -9.797677394483495e-18 + 0.0im; 3.052306168422711e-18 + 0.0im 4.432159473254936e-18 + 0.0im; -5.883231846169469e-17 + 0.0im -4.0464258628109e-8 + 0.0im; 6.1218923929615585e-16 + 0.0im -1.4256653390390487e-15 + 0.0im; -1.2493881872801665e-16 + 0.0im -1.401196855539027e-16 + 0.0im; -4.969802445366757e-19 + 0.0im 2.689992569509904e-16 + 0.0im; 1.6681285487391296e-16 + 0.0im -2.354764863028074e-16 + 0.0im; 2.0837134683441022e-16 + 0.0im -8.970706522404189e-16 + 0.0im; 6.517399043441436e-17 + 0.0im 4.210707965558106e-16 + 0.0im; -7.885013608075624e-17 + 0.0im 8.907304730424504e-7 + 0.0im; -5.300634325501138e-17 + 0.0im 7.88916375100819e-17 + 0.0im; 3.350234768559476e-16 + 0.0im 3.7796547636467216e-16 + 0.0im; -6.502202117264811e-17 + 0.0im 3.733698091976423e-16 + 0.0im; 3.5628862103317267e-16 + 0.0im -3.861591872025362e-17 + 0.0im; 9.004543111678189e-17 + 0.0im 2.144413195837424e-16 + 0.0im; -5.459149053676659e-17 + 0.0im -2.8721386278287056e-16 + 0.0im; -4.088841509478345e-17 + 0.0im -6.708631464586325e-17 + 0.0im; 1.8010911986152766e-16 + 0.0im -1.6261813253510198e-7 + 0.0im; -2.12102253124417e-16 + 0.0im 2.406587714889134e-17 + 0.0im; 5.082085871128007e-17 + 0.0im -9.186520417168547e-16 + 0.0im; -1.708783847595058e-17 + 0.0im 7.491808539033675e-16 + 0.0im; 3.398412615394453e-16 + 0.0im -2.5684028215826903e-17 + 0.0im; -2.3794576022848614e-16 + 0.0im -1.0970171144444147e-15 + 0.0im; -1.0828094124764556e-16 + 0.0im 3.2554308245937847e-7 + 0.0im; 2.990374096359241e-16 + 0.0im -4.2894664738949983e-16 + 0.0im; -3.0639498350674383e-17 + 0.0im -2.651401644640668e-16 + 0.0im; -4.414528479319343e-16 + 0.0im -7.342734618025486e-16 + 0.0im; 2.5771395772025453e-16 + 0.0im -1.4007545617881769e-6 + 0.0im; -4.054604346409629e-16 + 0.0im 7.252208960289247e-16 + 0.0im; -8.100503455514323e-17 + 0.0im -5.219097227811748e-16 + 0.0im; -5.181213304805215e-16 + 0.0im 3.5082122944785394e-16 + 0.0im; 3.657590618998534e-16 + 0.0im 4.1372117714463237e-7 + 0.0im; 3.287537497211364e-16 + 0.0im 1.4189608938603113e-17 + 0.0im; -1.721048622716337e-16 + 0.0im 7.939210387277187e-17 + 0.0im; -3.286892287690456e-16 + 0.0im 4.50928914045593e-16 + 0.0im; -3.417583299309477e-16 + 0.0im -2.767773609973685e-7 + 0.0im; -2.494831741336311e-16 + 0.0im 6.387730369396485e-17 + 0.0im; -2.5090268593031664e-16 + 0.0im -6.598652073240686e-17 + 0.0im; -7.56316058752265e-17 + 0.0im -1.2855829178107807e-16 + 0.0im], 2, 12, 210, [-3.6293712891778845e-15, 6.805031258176948e-7, 0.21261616494647786, 0.6390512897827981, -0.4753055221672228, 0.1545157931121365, 2.527644804489061, 0.1291833911830011, -0.0913562235127387, 0.772595703504368, 0.013285763314440667, 0.06136998638027029, -0.018341761997629744, -0.005306675347189862, -0.25556237762345585, -0.2541966853820566, -0.2688587610208013, 0.9365772718656727, 0.2599727509401682, 0.28835263735316513, 0.08307051884938857, -0.10231120761740502, -0.0006732414761656189, 0.3294563734324489, -0.019568990648442242, 0.0393667433594622, 0.6417165693021484, 0.10602028174955867, 0.2956416517131012, -0.1058400822958808, 0.1069980893337909, 3.297134813567804, 0.04925908695985098, -0.09104085266729796, 0.5906102484313661, 1.3946653850283814, -0.09686727023484142, -0.24432604347087467, -0.16482514082081764, -0.9068372361693496, -0.8721234911701979, 0.03906608410941304, -0.01827575010927287, 0.6063206983769845, 0.15479026542673002, -0.29122784755048303, 0.19673537501438088, 0.2789263564568882, -0.3757446816671441, -0.16273947285826404, 0.690874457925675, -0.06291088899188957, 0.5714200585725822, 0.39067700124461946, 0.1451867307450975, -0.10482233953668131, -0.4866646524595851, 0.5425159013711347, -0.26691450856458543, 0.17687714566426152, -0.14517330952828053, -0.09936435021861564, -0.3386659895928788, 0.12803545287640417, 0.20859609511716362, -0.09524784402812414, 0.006588436051059568])
The first 2 eigvals are: ComplexF64[-75.01275977879301 + 0.0im, -74.68951521042933 + 0.0im]
NEW E0 FROM FULL MATRIX: -75.01275977879301 + 0.0im
NEW E1 FROM FULL MATRIX: -74.68951521042933 + 0.0im
Omega tilde, projection removed
65-element Vector{Float64}:
  1.8174126988841123e-5
 -2.058275458773248e-17
  5.791267873725172e-6
 -2.419342453940639e-18
  1.1761964140958112e-18
 -5.870057607995501e-7
 -1.001480297143171e-5
  2.3322590004174525e-18
 -4.8408077508648803e-20
 -4.376666482104508e-31
  1.9929267089378083e-7
 -1.1420696412695039e-19
 -1.5420123915567355e-7
  2.984236608910542e-20
  8.56820864932223e-20
 -2.5684724370740643e-7
 -1.9836945959577456e-7
  8.273902478026182e-20
  7.649426914388609e-22
 -1.2759867727835405e-32
  1.5486577805052191e-9
  1.6798278950533847e-19
 -1.0100046625864605e-8
 -1.0776747404845537e-7
  2.604951861438166e-19
  1.965762782822114e-19
 -7.024849584770761e-8
 -1.2210617620796261e-32
  9.815478164880883e-22
  5.870408221879303e-7
 -4.7434733912307795e-20
  7.87003128363108e-21
  5.832999615289459e-7
  3.286986007656683e-6
  2.9405900415277587e-19
  3.678636031017509e-20
 -4.156926655078948e-32
 -5.967641701762979e-8
  4.061260132833861e-6
  2.5387453333778083e-19
  1.9065737540289904e-19
 -2.0537926491007957e-6
  7.330653476938274e-33
  4.1545018292027555e-20
 -1.9338355881869964e-6
 -1.0277927913788255e-19
 -9.369581334611448e-20
  1.0750902982220735e-6
 -7.129068714710321e-32
  9.480013613292316e-20
  6.570470955721633e-6
 -3.872565682931097e-6
 -1.5933609359861639e-19
  5.284086648157691e-20
 -2.999553551932206e-32
  3.528832745149458e-6
 -9.537388959008652e-20
  5.965175446384849e-20
 -1.9914834570853712e-33
 -8.611264373224516e-6
  4.429725317466841e-32
  5.523256672384406e-20
  3.715292835445583e-7
  8.514340165937155e-20
  2.583357498539565e-6
Omega_tilde on L1: 1.773687261832089e-35
Omega_tilde on R1: -2.6010328162103416e-19
DIIS dimension: 8
t at step 9 : 
2×5 Matrix{Float64}:
 -5.46067e-5    0.00328929    7.1127e-17  -0.0217833    -1.77937e-17
  1.26232e-16  -4.01327e-16  -0.00249907  -8.98671e-16   6.31267e-31
t2 at step 9 : 
2×5×2×5 Array{Float64, 4}:
[:, :, 1, 1] =
 -0.000522071  -0.000400091  7.09388e-18  -9.48517e-5   -5.07884e-21
 -1.12941e-18   5.71334e-18  0.000171059   1.92033e-18  -9.8083e-34

[:, :, 2, 1] =
 -1.12941e-18   6.5034e-18   -0.000216161  -6.59115e-19  -7.46228e-34
 -0.000369564  -0.000746025   3.02215e-18   0.000418093   5.91531e-21

[:, :, 1, 2] =
 -0.000400091  -0.031827      8.18812e-16  -0.0386713    -1.52024e-18
  6.5034e-18    2.26544e-18  -0.0316254    -5.24934e-16  -2.60445e-32

[:, :, 2, 2] =
  5.71334e-18   2.26544e-18  -0.0221918    -4.10065e-16   8.05445e-33
 -0.000746025  -0.0191734    -3.68142e-16   0.00339277   -2.40318e-19

[:, :, 1, 3] =
  7.09388e-18   8.18812e-16  -0.0584544     1.34001e-15   2.30024e-32
 -0.000216161  -0.0221918     1.25863e-15  -0.0553632    -2.49097e-18

[:, :, 2, 3] =
 0.000171059  -0.0316254     1.25863e-15  -0.0722583  -2.98192e-18
 3.02215e-18  -3.68142e-16  -0.100151     -1.414e-15  -1.61404e-32

[:, :, 1, 4] =
 -9.48517e-5   -0.0386713     1.34001e-15  -0.0798143    -2.71233e-18
 -6.59115e-19  -4.10065e-16  -0.0722583    -1.01803e-15   5.45018e-33

[:, :, 2, 4] =
 1.92033e-18  -5.24934e-16  -0.0553632  -1.01803e-15   3.73329e-32
 0.000418093   0.00339277   -1.414e-15  -0.0553892    -1.57533e-18

[:, :, 1, 5] =
 -5.07884e-21  -1.52024e-18   2.30024e-32  -2.71233e-18  -0.0264721
 -7.46228e-34   8.05445e-33  -2.98192e-18   3.73329e-32  -1.08759e-16

[:, :, 2, 5] =
 -9.8083e-34   -2.60445e-32  -2.49097e-18   5.45018e-33  -1.08759e-16
  5.91531e-21  -2.40318e-19  -1.61404e-32  -1.57533e-18  -0.0127423
Module of t 0.02217155608868744
Module of t2 0.2184109063290241
 --------------Energy at step 9 : -75.01275966624704
 --------------E_2 at step 9 : 8.00236697416617
E1 - E0 83.0151266404132
 --------------Difference at step 9 : 1.0680116702133091e-7
 --------------Module of omegas 0.00019103928764754573
Omega_bj_0 0.00018858951834713225
Omega_bjck_0 3.0495950460321614e-5

######## END OF ITERATION 9 #########

global amplitudes = -(build_omega(F, g, L, t, t2, o, v)) = [0.00011435542416496046, -1.2832400037237856e-16, 2.0949362195820965e-6, -1.43334477991591e-18, 2.8657963798347314e-19, -1.1581205780411485e-6, 1.8894151996903726e-6, 5.6870723830368e-19, 5.756804340362294e-18, -3.0292579759664553e-31, 2.2529686510608087e-6, -1.0986290918475803e-18, -2.186373144759391e-6, -3.7556058947831026e-18, -1.3216063579327047e-17, -3.161029598786741e-6, -2.079064189857885e-6, -2.3044228301575863e-18, -1.1946012802343305e-21, 2.33589147472656e-32, -2.821761006222691e-18, 1.1699687637443801e-7, 3.553640605729478e-18, 5.831520040227405e-8, -1.0670295073652498e-6, 1.3999501381202565e-18, 1.7104783882250241e-18, -6.855011130217945e-7, 2.2974766251204602e-32, -6.550667851039376e-21, -2.186373144784563e-6, 2.2880986594631145e-18, -7.625332703738324e-7, 4.881548645799451e-18, 5.416324997551841e-18, -1.5595106419150154e-6, -4.490278401279416e-6, -5.433235144129002e-18, 4.875362631459289e-19, 9.46065693018412e-32, 4.513622435067792e-19, 5.831520041310358e-8, -4.92960059174509e-20, 1.922138054441578e-7, -6.206462935881862e-6, 3.422209368290748e-17, -1.503870088303588e-17, 2.1180704915431534e-6, 3.1450689907905264e-32, 3.9394903730267055e-20, 1.1042532540478476e-18, -1.0670295073530915e-6, 1.7584549178998482e-19, -6.206462935954503e-6, 2.603539588691834e-7, 3.3805809022594513e-17, -3.7283356562569426e-18, -1.2684899147568824e-6, 8.039603227562323e-32, 7.638272690146605e-19, -3.1610295987870197e-6, 3.440412895183533e-18, -1.5595106418745745e-6, 3.2638555757939524e-19, 8.710576359538677e-21, -3.509618511091189e-6, 3.6019117694403373e-6, 1.7448295077949408e-17, 9.711447277463262e-19, 1.0263415927490553e-31, -2.0790641898704277e-6, 2.5269432085726253e-18, -4.490278401259466e-6, 5.367105112861187e-20, -7.354986320139979e-20, 3.601911769719627e-6, -1.2489118985081636e-6, 1.014855724294202e-17, 8.719478269555851e-19, 4.6033521547577043e-32, 1.0699647854265534e-18, -6.855011130296101e-7, 3.011033110735674e-19, 2.118070491489811e-6, -1.2684899148345105e-6, -3.8490300888954325e-19, -2.9175585928950784e-19, 4.250828452089764e-6, 3.059859060508764e-34, 4.925299571233182e-19, -1.1946012802327807e-21, 2.287267186813669e-32, 4.875362631459248e-19, 3.135995080844415e-32, 8.093834346504165e-32, 9.711447277463304e-19, 8.719478269555859e-19, 6.9139498626158595e-34, -6.7829950966666e-7, 6.481423651270043e-18, 2.345068215085662e-32, -6.550667851039483e-21, 9.357659375133491e-32, 3.9394903730265876e-20, 7.638272690146588e-19, 1.017539473619129e-31, 4.6042152418294e-32, 4.925299571233193e-19, 1.6462216156645945e-19, -1.0548064223327794e-6]
addition_t1 = reshape(amplitudes[1:n], (nv, no)) ./ pre_t[v, o] = [1.1027252182746202e-5 2.4831568543378986e-6 5.588616729829202e-19 4.133722293275165e-6 -9.647234880780357e-21; -1.230864833172927e-17 -1.5945222838280179e-18 -2.038760599225617e-6 1.1100340777084085e-18 -4.6949856259757415e-31]
addition_t2 = reshape(amplitudes[n + 1:end], (nv, no, nv, no)) ./ pre_t2[v, o, v, o] = [1.086264759913396e-7 -9.748483581310441e-8 5.073272298680797e-20 -9.601002008137695e-8 -1.3391715802628588e-22; -6.784458788670681e-20 2.002641266797866e-20 -1.4449355004741312e-7 4.915947884289162e-20 1.0887412450216887e-33;;; -6.784458788670681e-20 1.015202503945566e-19 -4.8774893339168186e-8 1.1610028001948841e-19 1.0649753761242028e-33; 5.61108367501351e-9 2.5747513959335483e-9 1.5647392033321851e-19 -3.1336195729343936e-8 -2.151216081938465e-22;;;; -9.748483581310441e-8 -4.5192061201920365e-7 6.481826537542358e-20 -1.7260582493551928e-6 -2.942891689737889e-21; 1.015202503945566e-19 -1.41445749634506e-20 -5.523481996823534e-7 1.1102698512645222e-19 3.68542891974967e-32;;; 2.002641266797866e-20 -1.41445749634506e-20 -2.198207910238444e-6 1.9790333670298045e-20 1.3591405624490458e-32; 2.5747513959335483e-9 1.0691398201417855e-7 1.1124485061521812e-19 7.504229552640188e-7 -1.669813316736154e-20;;;; 5.073272298680797e-20 6.481826537542356e-20 2.538593635702415e-7 -3.791756656793308e-20 6.274295449833766e-32; -4.877489333916818e-8 -2.1982079102384437e-6 4.029528954602506e-21 -6.187002054549312e-7 -3.0691652027765295e-20;;; -1.444935500474131e-7 -5.523481996823532e-7 4.029528954602506e-21 1.756816136962983e-6 2.9619592071682892e-21; 1.5647392033321851e-19 1.1124485061521812e-19 -3.0891739920674138e-6 -1.781324323137086e-19 5.101293623345404e-32;;;; -9.601002008137695e-8 -1.7260582493551928e-6 -3.7917566567933084e-20 -1.366204463170889e-6 -7.140664944620946e-21; 1.1610028001948841e-19 1.9790333670298042e-20 1.7568161369629828e-6 -1.5048165977611897e-19 2.927907074343707e-32;;; 4.915947884289162e-20 1.110269851264522e-19 -6.187002054549311e-7 -1.5048165977611897e-19 3.888363767231597e-33; -3.1336195729343936e-8 7.504229552640187e-7 -1.781324323137086e-19 4.148500425620149e-6 -1.167186193668474e-20;;;; -1.3391715802628588e-22 -2.942891689737889e-21 6.274295449833766e-32 -7.140664944620946e-21 -7.839744063868116e-7; 1.0649753761242028e-33 1.3591405624490458e-32 2.9619592071682892e-21 3.888363767231597e-33 8.942329489498627e-20;;; 1.0887412450216887e-33 3.68542891974967e-32 -3.0691652027765295e-20 2.927907074343707e-32 8.942329489498627e-20; -2.151216081938465e-22 -1.669813316736154e-20 5.101293623345404e-32 -1.167186193668474e-20 -1.0810485267997422e-6]
(d, V, nconv, niter, nmult, resid) = eigs(A_imp, nev = n_ev, which = :SM, tol = 1.0e-12, maxiter = 1000) = (ComplexF64[0.32324435381522304 + 0.0im, 0.394853975953348 + 0.0im], ComplexF64[1.684153439748019e-16 + 0.0im 1.9170196916250915e-16 + 0.0im; 7.923520412434508e-17 + 0.0im -1.4895325973211071e-16 + 0.0im; -1.732344053835482e-16 + 0.0im -3.0662422870813624e-15 + 0.0im; 5.991365883855949e-17 + 0.0im 7.368416809307026e-16 + 0.0im; -9.237116778919904e-16 + 0.0im 8.933981760212196e-15 + 0.0im; -9.246672944701235e-16 + 0.0im 5.336141547383436e-16 + 0.0im; 3.2403919154287047e-15 + 0.0im 5.7806229283696784e-15 + 0.0im; 1.1101188255200654e-15 + 0.0im -1.5380128177135626e-14 + 0.0im; -0.9587957693225655 + 0.0im -6.594800028883035e-15 + 0.0im; -2.2873492342120705e-14 + 0.0im 0.9597668772295102 + 0.0im; 4.784895176666638e-16 + 0.0im 1.4963341950424086e-16 + 0.0im; 1.9767350873865307e-16 + 0.0im 6.273733224507638e-17 + 0.0im; 5.20468947779994e-17 + 0.0im 5.19413429253142e-17 + 0.0im; -1.3374122578792298e-16 + 0.0im -5.4058700033067076e-18 + 0.0im; 4.195681426682897e-17 + 0.0im -5.3300857825158114e-18 + 0.0im; 1.898143470962863e-16 + 0.0im -1.1546456175606418e-16 + 0.0im; -6.928982089035975e-17 + 0.0im 1.6308388753045583e-17 + 0.0im; 8.75090501449043e-17 + 0.0im 7.979674021968995e-17 + 0.0im; -0.0002825598187612948 + 0.0im -6.953904665858292e-17 + 0.0im; -5.523754691947114e-17 + 0.0im 0.00012974224428110532 + 0.0im; -2.3234048374947546e-16 + 0.0im -5.673007601589461e-16 + 0.0im; 2.7225195029844844e-16 + 0.0im 1.2551847435552544e-16 + 0.0im; -8.08123704448442e-17 + 0.0im 2.7732658008476775e-17 + 0.0im; -1.4927440741193727e-16 + 0.0im 8.490592220730482e-17 + 0.0im; 9.431904243149498e-18 + 0.0im -1.9342467661957418e-17 + 0.0im; -1.8653613756474004e-16 + 0.0im 8.282058653597671e-17 + 0.0im; -2.384301784020899e-17 + 0.0im 5.686053740239723e-17 + 0.0im; 2.965341299171603e-17 + 0.0im 0.00030644206398020143 + 0.0im; 0.0003088612316723834 + 0.0im -2.716853257611886e-18 + 0.0im; 1.8569560710578746e-16 + 0.0im -5.227956575761166e-16 + 0.0im; 2.4844902099868953e-16 + 0.0im 1.179272336671507e-15 + 0.0im; -9.016201761219038e-18 + 0.0im -2.4230402239697082e-15 + 0.0im; -3.7234121513207945e-16 + 0.0im -2.7794255723291346e-16 + 0.0im; 4.431420946975298e-16 + 0.0im 1.1768308971094355e-16 + 0.0im; -8.135635131942335e-17 + 0.0im -3.570959419081436e-15 + 0.0im; -0.08239089577111328 + 0.0im -1.5678549004507886e-15 + 0.0im; -1.3059219080641996e-15 + 0.0im 0.05834149438487051 + 0.0im; 6.7352780749328435e-16 + 0.0im 5.523904597550092e-16 + 0.0im; -3.2145046985335854e-16 + 0.0im -1.3706374098534002e-16 + 0.0im; 8.645046727259561e-19 + 0.0im 3.340320816038278e-15 + 0.0im; -9.288213872165784e-17 + 0.0im -1.200602669120755e-16 + 0.0im; 3.6707524843299167e-16 + 0.0im -3.510667810978044e-16 + 0.0im; -1.3182799749719185e-15 + 0.0im 0.059164149176778945 + 0.0im; -0.014263921985662141 + 0.0im 6.333433817569533e-16 + 0.0im; -4.444956206852356e-16 + 0.0im 6.002194626202884e-16 + 0.0im; 6.732276506597067e-17 + 0.0im 1.3624912425156517e-15 + 0.0im; 5.019203247409398e-16 + 0.0im -2.5710852783513294e-15 + 0.0im; -1.5092630842414275e-16 + 0.0im 1.4795714096341323e-15 + 0.0im; 2.067405056883325e-15 + 0.0im 0.11537789135787878 + 0.0im; -0.1373469988030118 + 0.0im -2.5624674732932104e-15 + 0.0im; -6.991925230362213e-17 + 0.0im 8.643979467981481e-16 + 0.0im; 1.2314817202246586e-16 + 0.0im 4.246270584473899e-16 + 0.0im; -8.729325282975647e-17 + 0.0im 2.167086814238953e-15 + 0.0im; -0.16064020483130498 + 0.0im -1.7235701234689295e-15 + 0.0im; -4.848547803132248e-15 + 0.0im 0.15443865084576597 + 0.0im; -2.6167368182129844e-17 + 0.0im 2.3875083941304306e-15 + 0.0im; 4.819309992210253e-16 + 0.0im -4.1271598203624814e-15 + 0.0im; -0.14723510666020548 + 0.0im -1.8967482732624154e-15 + 0.0im; -3.3935448721435838e-15 + 0.0im 0.1360091459943048 + 0.0im; 5.605867211702517e-16 + 0.0im 7.617453927157458e-16 + 0.0im; -3.3832149385390295e-15 + 0.0im 0.1275988308531953 + 0.0im; -0.0858552747114535 + 0.0im 1.8473288730827645e-15 + 0.0im; -7.974895890210439e-17 + 0.0im -2.7752710128664725e-15 + 0.0im; 5.250811819992506e-17 + 0.0im 1.2212875442411663e-15 + 0.0im; 1.4100312927676202e-16 + 0.0im -8.798130648086436e-16 + 0.0im], 2, 9, 162, [0.0345963429894251, -0.0019004207397066, 0.6258136570397028, -0.3166555109943735, -0.059678555871719434, -0.30015083539258497, -0.05450739001943422, 0.6570966432984449, -0.15123881370803038, 0.0017343655651116238, 0.019919094773231553, 0.003619119591122373, 0.4680905843658319, 0.21717473010004168, 0.032277479188057547, 0.09161244533236673, -0.2530595323332258, -0.10712788404506728, 0.03812463090835049, -0.0029077295273881635, -0.002560097488223467, -0.18065784381607358, -0.1185591442848219, -0.0016299827079427395, -0.12702108272442547, -0.058365524604377474, -0.027366474882795436, 0.0013741075764191664, 0.027428698901290616, 0.27869432608615624, -1.0281672553692156, 1.2112752676110574, -0.11856967045998745, 0.03833868232074302, 1.626792909288913, 0.07088924743521086, 0.035736086923372434, -0.7129110993133736, -0.040142205076143155, -1.5944725619031235, -0.014402271405452824, 0.29231400038708, 0.009066058414361644, 0.11563297612641084, -0.3475862148978403, 0.33378691922834625, -0.15604897045625124, -0.01375476655844488, 0.049681201541342646, 0.4264578173567477, -0.33390635583819567, 0.2648334794961738, -0.75402011864231, 0.2363094865957686, -0.025510243646132524, -0.20821026626469813, 0.3821778503430168, 0.041234038017920284, 1.5643131495390564e-5, -0.289121212216197, -0.04765235722955441, 0.4066170894887601, 0.5137057014764843, -0.2636440038959919, 0.25669779175659124])
[1.684153439748019e-16, 7.923520412434508e-17, -1.732344053835482e-16, 5.991365883855949e-17, -9.237116778919904e-16, -9.246672944701235e-16, 3.2403919154287047e-15, 1.1101188255200654e-15, -0.9587957693225655, -2.2873492342120705e-14, 4.784895176666638e-16, 1.9767350873865307e-16, 5.20468947779994e-17, -1.3374122578792298e-16, 4.195681426682897e-17, 1.898143470962863e-16, -6.928982089035975e-17, 8.75090501449043e-17, -0.0002825598187612948, -5.523754691947114e-17, -2.3234048374947546e-16, 2.7225195029844844e-16, -8.08123704448442e-17, -1.4927440741193727e-16, 9.431904243149498e-18, -1.8653613756474004e-16, -2.384301784020899e-17, 2.965341299171603e-17, 0.0003088612316723834, 1.8569560710578746e-16, 2.4844902099868953e-16, -9.016201761219038e-18, -3.7234121513207945e-16, 4.431420946975298e-16, -8.135635131942335e-17, -0.08239089577111328, -1.3059219080641996e-15, 6.7352780749328435e-16, -3.2145046985335854e-16, 8.645046727259561e-19, -9.288213872165784e-17, 3.6707524843299167e-16, -1.3182799749719185e-15, -0.014263921985662141, -4.444956206852356e-16, 6.732276506597067e-17, 5.019203247409398e-16, -1.5092630842414275e-16, 2.067405056883325e-15, -0.1373469988030118, -6.991925230362213e-17, 1.2314817202246586e-16, -8.729325282975647e-17, -0.16064020483130498, -4.848547803132248e-15, -2.6167368182129844e-17, 4.819309992210253e-16, -0.14723510666020548, -3.3935448721435838e-15, 5.605867211702517e-16, -3.3832149385390295e-15, -0.0858552747114535, -7.974895890210439e-17, 5.250811819992506e-17, 1.4100312927676202e-16]
(d, V, nconv, niter, nmult, resid) = eigs(A_imp, nev = n_ev, which = :SM, tol = 1.0e-12, maxiter = 1000) = (ComplexF64[0.3232443538152213 + 0.0im, 0.39485397595334115 + 0.0im], ComplexF64[1.0343476923942351e-16 + 0.0im 1.1467435227414476e-16 + 0.0im; 9.125826815089159e-17 + 0.0im 3.001895698820332e-16 + 0.0im; -9.778854643760026e-16 + 0.0im 2.787292355123067e-17 + 0.0im; 1.0514123911421598e-16 + 0.0im 3.6185999853564634e-15 + 0.0im; 3.4530889197126953e-15 + 0.0im -3.119180997219739e-14 + 0.0im; -3.2790087904634706e-15 + 0.0im -2.597322820423571e-15 + 0.0im; 9.632224526051058e-15 + 0.0im 2.085357546992462e-15 + 0.0im; -1.9393917801025904e-15 + 0.0im -3.044989107775351e-14 + 0.0im; 0.9557935684113782 + 0.0im -1.7270110656951587e-14 + 0.0im; 1.178132300125926e-14 + 0.0im 0.9607758128103422 + 0.0im; -8.279563051638776e-17 + 0.0im -2.3578819561690694e-16 + 0.0im; 8.064193411999242e-17 + 0.0im -3.111439195964377e-16 + 0.0im; -1.618487815867047e-16 + 0.0im 1.8149944261876734e-16 + 0.0im; -8.232010078601812e-17 + 0.0im -7.263547651305232e-17 + 0.0im; 6.0055400114297385e-18 + 0.0im -1.6287835867110142e-17 + 0.0im; 1.5015985717962508e-16 + 0.0im -6.011839582690467e-18 + 0.0im; 6.517622264485129e-17 + 0.0im -4.8105462518758346e-17 + 0.0im; 1.2931379098781092e-16 + 0.0im -3.3908774570194834e-17 + 0.0im; 0.0002504131127556729 + 0.0im -6.764336293413404e-17 + 0.0im; -1.1663575073053774e-16 + 0.0im -6.061711804656317e-5 + 0.0im; 1.0456172339708324e-16 + 0.0im -3.765589947180234e-16 + 0.0im; 9.051865549746695e-17 + 0.0im 2.603365781092069e-16 + 0.0im; 1.251650758457732e-16 + 0.0im 8.24143913614094e-17 + 0.0im; 9.322064597286048e-17 + 0.0im -1.0029006580994458e-16 + 0.0im; -4.770676026558002e-17 + 0.0im 2.640967930313091e-16 + 0.0im; 6.911655384568646e-17 + 0.0im -8.151000266250917e-17 + 0.0im; 1.5412933084852973e-16 + 0.0im 9.38810192882409e-17 + 0.0im; 1.587857677706381e-16 + 0.0im 0.0004601082920790563 + 0.0im; -0.0003195612274534884 + 0.0im 8.981126626871002e-17 + 0.0im; 3.86798231916559e-16 + 0.0im 1.1834066312659879e-15 + 0.0im; 9.675471530036916e-17 + 0.0im 1.2805248496764192e-15 + 0.0im; -2.1680628357703919e-16 + 0.0im 1.4218754002886333e-15 + 0.0im; -1.1674425206688716e-15 + 0.0im -2.772241436233852e-16 + 0.0im; -2.921848322929362e-16 + 0.0im -6.652878688061702e-16 + 0.0im; -4.2520594256190285e-16 + 0.0im 1.7617516179935895e-15 + 0.0im; 0.08497000959407575 + 0.0im -3.5258857640648955e-15 + 0.0im; 1.3712419675508926e-15 + 0.0im 0.06896885973865138 + 0.0im; -6.317237038121899e-16 + 0.0im 1.320915603259717e-15 + 0.0im; 3.495753476513679e-16 + 0.0im 2.7755898493302305e-16 + 0.0im; -9.791048033621222e-17 + 0.0im 3.584321918381877e-15 + 0.0im; 6.16012036987371e-17 + 0.0im -9.131058435855266e-16 + 0.0im; 3.264015236460976e-16 + 0.0im 5.680460105789404e-16 + 0.0im; -4.308080073111293e-16 + 0.0im 0.052882727635066906 + 0.0im; 0.01684760310689824 + 0.0im -1.5760643817202956e-15 + 0.0im; -1.3435144881482346e-15 + 0.0im -1.4813418275949648e-15 + 0.0im; 4.869140594768691e-16 + 0.0im -2.8001572061631228e-15 + 0.0im; -1.069089728108529e-15 + 0.0im -2.5907605350108415e-15 + 0.0im; 1.0430682267155458e-15 + 0.0im 6.915766948698136e-16 + 0.0im; -3.861735772260185e-15 + 0.0im 0.10895831227289159 + 0.0im; 0.08512937463387008 + 0.0im 2.0777648954180288e-15 + 0.0im; 5.400755464593746e-16 + 0.0im -1.2341564547427171e-15 + 0.0im; 1.0284522977280419e-15 + 0.0im 1.4272950510979223e-15 + 0.0im; -2.0118008184298184e-16 + 0.0im -6.898196924688941e-15 + 0.0im; 0.21479567448770281 + 0.0im -2.8239633088654836e-15 + 0.0im; 2.89276498437534e-15 + 0.0im 0.15548085121704802 + 0.0im; 2.1592044584657717e-15 + 0.0im -3.211754259987586e-15 + 0.0im; -1.0336001908459265e-16 + 0.0im -1.0000191611091698e-14 + 0.0im; 0.14167225046847032 + 0.0im -7.816609523947351e-15 + 0.0im; 1.775087469882314e-15 + 0.0im 0.16065634507272775 + 0.0im; 1.3425490406124999e-15 + 0.0im 5.933162766170761e-15 + 0.0im; 1.4050435007582137e-15 + 0.0im 0.0866006092825496 + 0.0im; 0.07415879408059758 + 0.0im -2.0928638022619383e-15 + 0.0im; -9.201928985119866e-16 + 0.0im 3.404935133429598e-15 + 0.0im; 3.4416301648318e-16 + 0.0im -2.8356176401878843e-15 + 0.0im; 1.606700012062748e-16 + 0.0im -1.2605124931630683e-15 + 0.0im], 2, 9, 162, [-0.22099398218016839, -0.5896540820607106, 0.19799330828023287, -0.329274375020808, 2.962919750029629, -0.003925250189621812, 0.04903508748788737, 0.3379496076084267, -0.12111038237238345, -0.155267852653075, 0.006909219970338599, 0.005000051536710555, 0.14107623042473233, 0.9053800216046706, -0.02049724157352419, 0.18722916041882467, -0.07813651734988958, -0.2553474035145511, -0.13081429530810063, 0.017996741434277413, -0.017654299486686537, -0.8832056780943843, -1.0876004252048, 0.06546331885270096, -0.3719286754241629, 0.47420010089202774, 0.29853156255146845, -0.023028368741518274, 0.23856750111111555, -1.0347170831389654, -1.5472857204367043, -0.1755943579824787, -0.2969924123523342, 0.2793270557523782, 0.7931192593955855, 0.6852373522738947, 0.9709979881604017, -1.9822474303363387, 0.27290542729639994, -0.17339589401108266, -0.5262430448487501, 0.10831269689345482, 0.8147787291442599, 1.0213952255234404, 0.5846116151290175, 0.36497082978390394, 0.029776848367466892, -1.9141895906463255, 0.39906747513018187, -1.055172994560015, 0.3976480446913225, 1.4969976528764288, 0.6252646616676628, 0.07423683407993625, -0.5293790873750566, -0.6152488361705187, 0.4404789072574358, 0.4662544856883847, 0.9229887016912435, -0.1528355664479639, -0.8120550336686443, 0.6507384314309081, 0.4507950786833528, 0.20176452165798675, -0.6229524193217726])
[1.0343476923942351e-16, 9.125826815089159e-17, -9.778854643760026e-16, 1.0514123911421598e-16, 3.4530889197126953e-15, -3.2790087904634706e-15, 9.632224526051058e-15, -1.9393917801025904e-15, 0.9557935684113782, 1.178132300125926e-14, -8.279563051638776e-17, 8.064193411999242e-17, -1.618487815867047e-16, -8.232010078601812e-17, 6.0055400114297385e-18, 1.5015985717962508e-16, 6.517622264485129e-17, 1.2931379098781092e-16, 0.0002504131127556729, -1.1663575073053774e-16, 1.0456172339708324e-16, 9.051865549746695e-17, 1.251650758457732e-16, 9.322064597286048e-17, -4.770676026558002e-17, 6.911655384568646e-17, 1.5412933084852973e-16, 1.587857677706381e-16, -0.0003195612274534884, 3.86798231916559e-16, 9.675471530036916e-17, -2.1680628357703919e-16, -1.1674425206688716e-15, -2.921848322929362e-16, -4.2520594256190285e-16, 0.08497000959407575, 1.3712419675508926e-15, -6.317237038121899e-16, 3.495753476513679e-16, -9.791048033621222e-17, 6.16012036987371e-17, 3.264015236460976e-16, -4.308080073111293e-16, 0.01684760310689824, -1.3435144881482346e-15, 4.869140594768691e-16, -1.069089728108529e-15, 1.0430682267155458e-15, -3.861735772260185e-15, 0.08512937463387008, 5.400755464593746e-16, 1.0284522977280419e-15, -2.0118008184298184e-16, 0.21479567448770281, 2.89276498437534e-15, 2.1592044584657717e-15, -1.0336001908459265e-16, 0.14167225046847032, 1.775087469882314e-15, 1.3425490406124999e-15, 1.4050435007582137e-15, 0.07415879408059758, -9.201928985119866e-16, 3.4416301648318e-16, 1.606700012062748e-16]
Projection L1|R2: 4.637862957272407e-15
scalar = l1_vec' * r1_vec = -0.9970752051049023
Check <L1|R1>: 1.0
t before projection
65-element Vector{Float64}:
 -4.357939937383599e-5
  1.139237390274411e-16
  0.003291777240459102
 -4.029215039306305e-16
  7.168582743293144e-17
 -0.002501109447635081
 -0.021779119194573385
 -8.975608106125562e-16
 -1.7803366352797268e-17
  1.617682757200307e-31
 -0.0005219624198226155
 -1.1972541569578852e-18
 -0.0004001881603392567
  5.7333710250914114e-18
  7.144611904606202e-18
  0.00017091473885297756
 -9.494771614513341e-5
  1.96948746296257e-18
 -5.212758397564091e-21
  1.0791165319868949e-34
 -0.0003695582086612638
  6.604920473541553e-18
 -0.0007460224718748521
 -0.0002162098199013384
  3.1786205757089288e-18
 -5.430145910553578e-19
  0.0004180617137818998
  3.187474852441149e-34
  5.70018975598952e-21
 -0.03182742260623023
  2.251296454001336e-18
  8.188764678130413e-16
 -0.03162590492836023
 -0.03867300567511693
 -5.248227473552834e-16
 -1.5231793703493325e-18
  1.0809789279732509e-32
 -0.019173247190906174
 -0.022193984886432542
 -3.6803069470575755e-16
 -4.100450138643982e-16
  0.003393523994762388
  2.1645855593915167e-32
 -2.5701627342379113e-19
 -0.05845415035616162
  1.2586301245703819e-15
  1.3399699624355118e-15
 -0.05536377012959196
  8.574534215454491e-32
 -2.521657241905275e-18
 -0.10015359884006836
 -0.07225655871842578
 -1.4141788615776509e-15
 -2.9789611520085663e-18
  3.4872515693316807e-32
 -0.07981562778892784
 -1.0181817948356343e-15
 -2.7194679582537446e-18
  3.472925413422087e-32
 -0.05538509801084038
  4.122127709593169e-32
 -1.5870025167676305e-18
 -0.02647293222245891
 -1.0867006744285157e-16
 -0.012743423783251065
t after projection
65-element Vector{Float64}:
 -4.357939937383599e-5
  1.1392373902744105e-16
  0.003291777240459102
 -4.0292150393063053e-16
  7.168582743293192e-17
 -0.002501109447635081
 -0.021779119194573385
 -8.975608106125568e-16
  4.763669039717545e-16
  1.1950931573716996e-29
 -0.0005219624198226155
 -1.1972541569579871e-18
 -0.0004001881603392567
  5.73337102509148e-18
  7.14461190460618e-18
  0.00017091473885297756
 -9.494771614513341e-5
  1.969487462962525e-18
  1.4042061472295192e-19
  2.8577742629347663e-32
 -0.0003695582086612638
  6.604920473541413e-18
 -0.0007460224718748521
 -0.0002162098199013384
  3.1786205757089237e-18
 -5.430145910552617e-19
  0.0004180617137818998
 -1.4964835925345515e-32
 -1.5348912170306712e-19
 -0.03182742260623023
  2.251296454001208e-18
  8.188764678130413e-16
 -0.03162590492836023
 -0.03867300567511693
 -5.248227473552834e-16
  4.094168388646309e-17
  6.838913807711182e-31
 -0.019173247190906174
 -0.022193984886432542
 -3.6803069470575755e-16
 -4.1004501386439813e-16
  0.003393523994762388
  7.010968841018944e-31
  7.09471222713404e-18
 -0.05845415035616162
  1.2586301245703819e-15
  1.3399699624355116e-15
 -0.05536377012959196
 -9.79810168746616e-31
  6.826797877693695e-17
 -0.10015359884006836
 -0.07225655871842578
 -1.4141788615776509e-15
  7.981616163265454e-17
  2.533849101967021e-30
 -0.07981562778892784
 -1.0181817948356345e-15
  7.316657032802882e-17
  1.7837868120441424e-30
 -0.05538509801084038
  1.784954712554412e-30
  4.2663426688739185e-17
 -0.02647293222245891
 -1.086700674428516e-16
 -0.012743423783251065
Omega original restricted
65-element Vector{Float64}:
  0.00011435542416496046
 -1.2832400037237856e-16
  2.0949362195820965e-6
 -1.43334477991591e-18
  2.8657963798347314e-19
 -1.1581205780411485e-6
  1.8894151996903726e-6
  5.6870723830368e-19
  5.756804340362294e-18
 -3.0292579759664553e-31
  2.2529686510608087e-6
 -2.821761006222691e-18
 -2.186373144784563e-6
  4.513622435067792e-19
  1.1042532540478476e-18
 -3.1610295987870197e-6
 -2.0790641898704277e-6
  1.0699647854265534e-18
 -1.1946012802327807e-21
  2.345068215085662e-32
  1.1699687637443801e-7
  2.2880986594631145e-18
  5.831520041310358e-8
 -1.0670295073530915e-6
  3.440412895183533e-18
  2.5269432085726253e-18
 -6.855011130296101e-7
  2.287267186813669e-32
 -6.550667851039483e-21
 -7.625332703738324e-7
 -4.92960059174509e-20
  1.7584549178998482e-19
 -1.5595106418745745e-6
 -4.490278401259466e-6
  3.011033110735674e-19
  4.875362631459248e-19
  9.357659375133491e-32
  1.922138054441578e-7
 -6.206462935954503e-6
  3.2638555757939524e-19
  5.367105112861187e-20
  2.118070491489811e-6
  3.135995080844415e-32
  3.9394903730265876e-20
  2.603539588691834e-7
  8.710576359538677e-21
 -7.354986320139979e-20
 -1.2684899148345105e-6
  8.093834346504165e-32
  7.638272690146588e-19
 -3.509618511091189e-6
  3.601911769719627e-6
 -3.8490300888954325e-19
  9.711447277463304e-19
  1.017539473619129e-31
 -1.2489118985081636e-6
 -2.9175585928950784e-19
  8.719478269555859e-19
  4.6042152418294e-32
  4.250828452089764e-6
  6.9139498626158595e-34
  4.925299571233193e-19
 -6.7829950966666e-7
  1.6462216156645945e-19
 -1.0548064223327794e-6
Omega restricted
65-element Vector{Float64}:
 -1.1027252182746202e-5
  1.230864833172927e-17
 -2.4831568543378986e-6
  1.5945222838280179e-18
 -5.588616729829202e-19
  2.038760599225617e-6
 -4.133722293275165e-6
 -1.1100340777084085e-18
  9.647234880780357e-21
  4.6949856259757415e-31
 -1.086264759913396e-7
  6.784458788670681e-20
  9.748483581310441e-8
 -2.002641266797866e-20
 -5.073272298680797e-20
  1.444935500474131e-7
  9.601002008137695e-8
 -4.915947884289162e-20
  1.3391715802628588e-22
 -1.0887412450216887e-33
 -5.61108367501351e-9
 -1.015202503945566e-19
 -2.5747513959335483e-9
  4.877489333916818e-8
 -1.5647392033321851e-19
 -1.1610028001948841e-19
  3.1336195729343936e-8
 -1.0649753761242028e-33
  2.151216081938465e-22
  4.5192061201920365e-7
  1.41445749634506e-20
 -6.481826537542356e-20
  5.523481996823532e-7
  1.7260582493551928e-6
 -1.110269851264522e-19
  2.942891689737889e-21
 -3.68542891974967e-32
 -1.0691398201417855e-7
  2.1982079102384437e-6
 -1.1124485061521812e-19
 -1.9790333670298042e-20
 -7.504229552640187e-7
 -1.3591405624490458e-32
  1.669813316736154e-20
 -2.538593635702415e-7
 -4.029528954602506e-21
  3.7917566567933084e-20
  6.187002054549311e-7
 -6.274295449833766e-32
  3.0691652027765295e-20
  3.0891739920674138e-6
 -1.7568161369629828e-6
  1.781324323137086e-19
 -2.9619592071682892e-21
 -5.101293623345404e-32
  1.366204463170889e-6
  1.5048165977611897e-19
  7.140664944620946e-21
 -2.927907074343707e-32
 -4.148500425620149e-6
 -3.888363767231597e-33
  1.167186193668474e-20
  7.839744063868116e-7
 -8.942329489498627e-20
  1.0810485267997422e-6
Omega resricted on L2-4.9146627384347276e-20
Omega resricted on L1 (<L1|H|HF>): 3.43821652242986e-20
Omega resricted on R1 (<R1|H|HF>): 3.43821652242986e-20
<L1[D]|R1[S]H[S]|HF> additional: 1.1858596995152797e-7
<L1|H|R1> with nuclear repulsion : -74.68951541210467
<HF|H|R1>: 7.916059034136561e-17
L1 * A * R1: 0.32324435381522204
Reduced matrix[-75.01275988450587 7.916059034136561e-17; 6.0317146428893185e-18 -74.68951541210467]
Matrix
2×2 Matrix{Float64}:
 -75.0128         7.91606e-17
   6.03171e-18  -74.6895
NEW E0 FROM MATRIX: -75.01275988450587
NEW E1 FROM MATRIX: -74.68951541210467
[1.0 2.4489387166724457e-16; 0.0 1.0]
Evaluating remaining element <mu_tilde|H|R1>
Norm of element <mu_tilde|H|R1>: 0.00010260266954671903
65-element Vector{Float64}:
 -1.9971696919972104e-23
 -9.39618353539277e-24
  2.054316999138426e-23
 -7.104919346715514e-24
  1.0953924527837505e-22
  1.0965256799719472e-22
 -3.8426501831420254e-22
 -1.31644517685748e-22
  1.1369972629053789e-7
  2.712475275569231e-21
  1.7961569954168092e-20
  8.453723562408714e-21
 -1.8157717651820876e-20
  6.425863686501388e-21
 -9.883044416574289e-20
 -9.899905141916841e-20
  3.466486493278546e-19
  1.1875829890270416e-19
 -0.000102578989293428
 -2.4471678819213605e-18
  2.755232161498949e-23
  1.4759854231899648e-22
  9.583213326027111e-24
  1.7701850502063157e-23
 -2.4093917824692944e-23
  3.0541799492874932e-24
  2.8274472648071864e-24
  1.1434217992495492e-16
 -3.6626608738293174e-11
 -4.15306481200436e-22
  1.0655647764174385e-22
 -2.095988194526564e-21
 -2.0048405414357063e-21
  7.345638094928228e-21
  2.5298961305750786e-21
 -2.1669366800275227e-6
 -5.1773705567923737e-20
 -7.987094834100172e-23
  3.811951576025477e-23
 -1.7475374993695368e-23
 -3.4025213253720536e-24
 -4.352997438215933e-23
  1.3537868835746944e-18
  1.6915010239826697e-9
  5.2710944317922334e-23
  2.5986041004405597e-22
  1.6275228081584613e-22
  1.789774267547339e-23
 -2.522542613373635e-19
  1.6287427072986506e-8
  2.7641248303817234e-22
 -7.317005573144689e-22
 -3.11543716496313e-22
  2.9706677428916826e-7
  7.207479196471443e-21
 -7.766332949529191e-22
 -3.2427844639697365e-22
  2.4817530164922613e-7
  5.9064814213605695e-21
 -6.647772007132156e-23
 -5.173741244727595e-19
  1.0181231027112604e-8
 -1.4763426876935228e-16
 -6.226733877890303e-24
 -1.6720992851485515e-23
Evaluating remaining element <HF|H|nu_tilde>
Norm of element <HF|H|nu_tilde>: 0.6310595104405909
65-element Vector{Float64}:
  0.00021247231138003082
 -4.97743660107645e-15
 -0.002536651886548367
  1.2005706785228291e-15
  2.4022284680197817e-16
 -0.006432806825985311
 -0.004494614774446377
  6.335719241109037e-16
  1.088507016543473e-16
  1.5652888446585467e-30
  0.05239336012754763
 -4.987329993433314e-18
  0.019651963684992408
 -2.645453300864631e-16
  4.7704895589362195e-17
 -0.029156979521037844
 -0.003541965152492765
 -1.3140530330524314e-16
  1.9880997675468676e-20
 -9.260038596352753e-33
  0.039043531449969804
 -1.5525775109992423e-16
  0.03820659895705575
  0.02369421286935847
  2.2724877535296173e-16
  4.917941054394248e-16
 -0.0224954053985897
  1.2606446384561586e-32
 -2.5370859977175032e-20
  0.19030556275555352
 -1.986258379993444e-16
 -2.581268532253489e-15
  0.2150135516546591
  0.1205037915945526
  2.8622937353617317e-15
  6.74600680705009e-18
  1.0886673652742572e-31
  0.1356328370711587
 -0.016737182000169673
  1.797173521111972e-15
  9.992007221626409e-16
 -0.03437710461989834
 -3.420305309763306e-32
  1.3375783501092828e-18
  0.14998000751864307
 -3.5318969970887792e-15
 -3.1988300897012323e-15
  0.01676122299106253
 -3.0659400806413924e-31
  6.758659243461411e-18
  0.31889801799346934
  0.2912998997620643
  3.899658373995862e-15
  1.7053229594080052e-17
  2.2966470604179833e-31
  0.19114032976697187
  2.2273849431542203e-15
  1.124775636246416e-17
  1.4092916091385627e-31
  0.14190557721937125
  1.1155033482516224e-31
  5.887674157744443e-18
  0.06920626869936716
  8.153200337090996e-17
  0.0500826884913902
Evaluating remaining element <L1|H|nu_tilde>
Norm of element <L1|H|nu_tilde>: 3.637444196876554e-8
65-element Vector{Float64}:
 -2.934714647389248e-20
 -8.84541809235694e-21
 -1.3106004616550725e-17
  8.611640378724415e-21
  1.4352816867754986e-22
 -3.318445009106501e-17
 -2.1882884042266333e-17
 -1.3221477633291315e-20
 -1.0006012929940593e-8
 -6.49084945888835e-20
 -9.84720119632418e-24
  9.591053841701333e-24
 -1.924929498965234e-23
 -9.79064462563828e-24
  7.142618567705514e-25
  1.7859086476385995e-23
  7.75165758866029e-24
  1.5379784046264934e-23
  2.978258983141452e-11
 -1.387193619958713e-23
  1.2435925921497501e-23
  1.0765730113352862e-23
  1.4886361477282914e-23
  1.1087088181113277e-23
 -5.67394757223314e-24
  8.220296258029414e-24
  1.833119117101089e-23
  1.8884999034348777e-23
 -3.8006639742371075e-11
  4.600339399928749e-23
  1.1507408571122845e-23
 -2.5785601023810688e-23
 -1.3884840678753953e-22
 -3.475066029641861e-23
 -5.0571370012708205e-23
  1.0105808421385813e-8
  1.630870549460269e-22
 -7.513331770200689e-23
  4.1576333921590803e-23
 -1.1644868129950297e-23
  7.326466903795715e-24
  3.8820182346382536e-23
 -5.123764501244445e-23
  2.0037499133073978e-9
 -1.5978931970756084e-22
  5.79105525144671e-23
 -1.271509327720438e-22
  1.2405609602704893e-22
 -4.592910142638702e-22
  1.0124762315458816e-8
  6.423325161039205e-23
  1.2231776765738153e-22
 -2.392711705008026e-23
  2.5546471590211718e-8
  3.4404761020797316e-22
  2.5680244952424433e-22
 -1.2293002628688673e-23
  1.6849622928143923e-8
  2.111179460556851e-22
  1.5967449533736664e-22
  1.6710720064889512e-22
  8.819989185828823e-9
 -1.0944206299972242e-22
  4.093262466275819e-23
  1.9109098127813416e-23
Building the whole matrix...
(d, V, nconv, niter, nmult, resid) = eigs(A_imp, nev = n_ev, which = :SM, tol = 1.0e-12, maxiter = 1000) = (ComplexF64[4.0442717449560725e-15 + 0.0im, 0.3232444724012074 + 0.0im], ComplexF64[1.0000000000000013 + 0.0im 6.769442759440008e-15 + 0.0im; -6.379246067147963e-16 + 0.0im 0.9999999999863675 + 0.0im; 4.2747206736783455e-17 + 0.0im -1.8480458824553107e-15 + 0.0im; -6.672541066180487e-17 + 0.0im -1.4671965493131557e-16 + 0.0im; 5.49684200840197e-17 + 0.0im -5.0623493733395835e-15 + 0.0im; -2.1301651375361113e-16 + 0.0im -1.2124108349989322e-15 + 0.0im; -1.2303292456107892e-16 + 0.0im -2.5693582230241312e-14 + 0.0im; -4.1173596587517195e-16 + 0.0im 3.803113767214365e-15 + 0.0im; 1.5429400276242696e-16 + 0.0im -4.1293349346551003e-16 + 0.0im; -9.619421192054814e-17 + 0.0im 7.16579877403678e-15 + 0.0im; 2.1289542780302036e-16 + 0.0im -1.2206229769279014e-7 + 0.0im; 1.982741390409396e-16 + 0.0im 1.544558955470016e-16 + 0.0im; 3.3329349025599375e-16 + 0.0im 5.2004494299760264e-17 + 0.0im; -1.8781524718818772e-16 + 0.0im 1.2892487256539738e-16 + 0.0im; -2.3839930185210047e-16 + 0.0im 8.270054982969254e-17 + 0.0im; 7.091137977922903e-17 + 0.0im 1.6408519062042663e-15 + 0.0im; -5.558482090683027e-18 + 0.0im -1.9419075921562713e-15 + 0.0im; -6.937767899263943e-17 + 0.0im -5.098265598479355e-15 + 0.0im; -7.999357266870226e-17 + 0.0im -5.0315011554154e-16 + 0.0im; 3.701459764422668e-17 + 0.0im 6.711751012880383e-16 + 0.0im; -6.49668226021276e-18 + 0.0im 5.02669668580942e-6 + 0.0im; -1.989124504231791e-17 + 0.0im -6.127659297571262e-16 + 0.0im; -2.569661338842803e-16 + 0.0im -1.0438489825187194e-16 + 0.0im; 2.4203140534779432e-17 + 0.0im -1.275735179957445e-15 + 0.0im; 3.242089142659658e-17 + 0.0im -1.732464873877229e-15 + 0.0im; -1.3305229454908883e-16 + 0.0im -7.063345664047607e-17 + 0.0im; -1.0522133148823583e-16 + 0.0im -4.680059046175175e-16 + 0.0im; -8.550424296056173e-17 + 0.0im 4.2160255702405396e-16 + 0.0im; -4.050880305536094e-17 + 0.0im -1.0879508252251051e-15 + 0.0im; -1.5095201999973425e-18 + 0.0im -6.246082195997029e-16 + 0.0im; 2.936750801281811e-17 + 0.0im -2.4057283469720396e-8 + 0.0im; 9.973524510114581e-17 + 0.0im -4.045441677016301e-15 + 0.0im; -4.574219807538525e-16 + 0.0im -3.7466414174846444e-16 + 0.0im; -1.9391518310951196e-16 + 0.0im 3.2038087659510903e-16 + 0.0im; -9.693611882340094e-17 + 0.0im -1.4735440400869062e-15 + 0.0im; 2.4037315340722113e-16 + 0.0im 1.2761824020414388e-15 + 0.0im; 8.247116327446528e-17 + 0.0im 2.3600853985665866e-15 + 0.0im; 2.8197242224939105e-16 + 0.0im 1.3098771188812143e-6 + 0.0im; -2.05007998105862e-16 + 0.0im 3.9316554778938445e-16 + 0.0im; -6.625977066128662e-16 + 0.0im 8.782127501530492e-16 + 0.0im; 1.2268286289073817e-16 + 0.0im -8.663443012473867e-16 + 0.0im; -2.7989284031376684e-16 + 0.0im -3.9114342540925547e-16 + 0.0im; -1.179061175819205e-16 + 0.0im 2.0720806154887595e-15 + 0.0im; -3.0536687524788006e-16 + 0.0im -1.883166752654363e-15 + 0.0im; 2.0252034685306333e-16 + 0.0im -5.103183715383038e-16 + 0.0im; -1.9459124933936823e-16 + 0.0im -1.0200136686258511e-7 + 0.0im; 3.5889473314554434e-16 + 0.0im 3.4121741764718606e-15 + 0.0im; -3.8098912796652727e-16 + 0.0im -3.4735352866392e-15 + 0.0im; -2.0947183892842145e-16 + 0.0im -1.8663025949638823e-15 + 0.0im; 6.55052839637951e-17 + 0.0im 2.9826597815283047e-15 + 0.0im; -3.520340536067442e-17 + 0.0im -1.8448016546082802e-17 + 0.0im; -2.7481417168506464e-16 + 0.0im 1.982014945021865e-7 + 0.0im; -3.825243771049e-16 + 0.0im 1.0984836898947364e-15 + 0.0im; 1.9814552017596548e-16 + 0.0im 5.731390698796406e-15 + 0.0im; -1.3149638911773456e-16 + 0.0im -1.7759106960545802e-15 + 0.0im; 3.4098062258876135e-16 + 0.0im -2.454389847448848e-7 + 0.0im; 4.515102207082264e-16 + 0.0im 6.348370303431887e-16 + 0.0im; 4.2059769206050216e-16 + 0.0im 3.641178152667265e-15 + 0.0im; -1.2193999052896259e-16 + 0.0im 1.0133721258698764e-16 + 0.0im; 4.93718547383127e-18 + 0.0im 3.6686795091114337e-7 + 0.0im; -6.384285772299776e-17 + 0.0im -1.9470694958297302e-15 + 0.0im; -1.485338257212799e-16 + 0.0im -6.312943100500664e-16 + 0.0im; 3.4768698791435686e-17 + 0.0im -3.690693854245797e-16 + 0.0im; -3.4175878244914123e-16 + 0.0im -1.390316212295803e-7 + 0.0im; -4.5039314320321284e-17 + 0.0im -4.753012084984201e-15 + 0.0im; -2.4609257829126672e-17 + 0.0im 1.1707957646957894e-15 + 0.0im; -1.5192649784769197e-16 + 0.0im -1.9699911243840587e-15 + 0.0im], 2, 12, 211, [-2.626544831377575e-16, 1.7615135779699336e-6, -0.5407486631080637, -0.15718673565202687, -0.04690042234127967, -0.02483091000392533, -0.1383548417321933, 0.025569720917677882, -0.014089498960270749, 0.020655877864710043, 0.016219105890999477, 0.002926451319116912, 0.010191686506419873, 0.0008663820205371451, 0.01866458017449462, 0.5632218451057538, -0.6752045838049365, -1.6968546289311084, -0.1583217980299752, 0.21592625840492863, -0.35027267013647634, -0.2103482464643176, -0.017709023534719166, -0.4460113630283957, -0.6208144731668829, -0.016952153383369032, -0.19682962053349634, 0.12319249554147056, -0.33680001084426753, -0.20478802750113817, -0.4617156484325743, -0.14193129470138544, -0.002861787523316631, -0.015374450884576934, -0.039563675371905346, 0.040860997842247615, 0.041436440823117246, -0.03172668301361968, 0.008363075167122449, 0.025129601451264673, -0.01145324270311945, 0.01014973080612304, 0.05058944511337102, -0.04411565077069719, -0.011704653717521754, -0.0691388607953418, 0.03509332846292854, -0.009467386783194214, -0.05469576898151005, 0.029137237554653053, 0.0037559078817759263, -0.040962181273044844, 0.03544779791821141, 0.10139147163357057, -0.012175996600061832, -0.033503733110337726, 0.007562420456550679, 0.040343872606831595, -0.029480799449170737, 0.03779542447141325, -0.024622695616117345, -0.007108834284697653, -0.005629436481002119, -0.07630278053211473, -0.06007929413947746, 0.020493657372404297, -0.031503964873990584])
The first 2 eigvals are: ComplexF64[-75.01275988450587 + 0.0im, -74.68951541210465 + 0.0im]
NEW E0 FROM FULL MATRIX: -75.01275988450587 + 0.0im
NEW E1 FROM FULL MATRIX: -74.68951541210465 + 0.0im
Omega tilde, projection removed
65-element Vector{Float64}:
 -1.1027252182746202e-5
  1.230864833172927e-17
 -2.4831568543378986e-6
  1.5945222838280179e-18
 -5.588616729829202e-19
  2.038760599225617e-6
 -4.133722293275165e-6
 -1.1100340777084085e-18
  4.26127094379873e-20
  4.702850027905376e-31
 -1.086264759913396e-7
  6.78445878867068e-20
  9.748483581310441e-8
 -2.0026412667978654e-20
 -5.073272298680797e-20
  1.444935500474131e-7
  9.601002008137695e-8
 -4.915947884289162e-20
  1.436321764006846e-22
 -1.0868420585569185e-33
 -5.61108367501351e-9
 -1.0152025039455661e-19
 -2.5747513959335483e-9
  4.877489333916818e-8
 -1.5647392033321851e-19
 -1.1610028001948841e-19
  3.1336195729343936e-8
 -1.0659949246691483e-33
  2.0450229029510622e-22
  4.5192061201920365e-7
  1.414457496345059e-20
 -6.481826537542356e-20
  5.523481996823532e-7
  1.7260582493551928e-6
 -1.110269851264522e-19
  5.775669081118271e-21
 -3.6809388774683606e-32
 -1.0691398201417855e-7
  2.1982079102384437e-6
 -1.1124485061521812e-19
 -1.979033367029804e-20
 -7.504229552640187e-7
 -1.354608030457909e-32
  1.718855768981908e-20
 -2.538593635702415e-7
 -4.029528954602508e-21
  3.7917566567933066e-20
  6.187002054549311e-7
 -6.281403636058897e-32
  3.541393923367199e-20
  3.0891739920674138e-6
 -1.7568161369629828e-6
  1.781324323137086e-19
  2.5611988570068093e-21
 -5.084623266178883e-32
  1.366204463170889e-6
  1.5048165977611894e-19
  1.220292670862936e-20
 -2.9162393322946957e-32
 -4.148500425620149e-6
 -3.772041512225433e-33
  1.462375217719148e-20
  7.839744063868116e-7
 -8.942329489498627e-20
  1.0810485267997422e-6
Omega_tilde on L1: -6.180078387598253e-36
Omega_tilde on R1: -6.974050126582429e-20
DIIS dimension: 8
t at step 10 : 
2×5 Matrix{Float64}:
 -4.76685e-5    0.00329106    7.14551e-17  -0.0217793   3.47417e-16
  1.18509e-16  -4.02308e-16  -0.00250085   -8.9802e-16  9.02468e-30
t2 at step 10 : 
2×5×2×5 Array{Float64, 4}:
[:, :, 1, 1] =
 -0.000522006  -0.000400157  7.12535e-18  -9.49085e-5   1.0242e-19
 -1.17199e-18   5.72601e-18  0.000170972   1.95094e-18  2.14355e-32

[:, :, 2, 1] =
 -1.17199e-18   6.5672e-18   -0.000216191  -5.86572e-19  -1.05632e-32
 -0.00036956   -0.000746022   3.12031e-18   0.000418078  -1.11937e-19

[:, :, 1, 2] =
 -0.000400157  -0.0318275     8.18845e-16  -0.0386726    2.98596e-17
  6.5672e-18    2.25548e-18  -0.0316256    -5.24874e-16  5.04366e-31

[:, :, 2, 2] =
  5.72601e-18   2.25548e-18  -0.0221932    -4.10065e-16  5.23555e-31
 -0.000746022  -0.0191734    -3.68075e-16   0.00339369   5.17933e-18

[:, :, 1, 3] =
  7.12535e-18   8.18845e-16  -0.0584524     1.33999e-15  -7.07496e-31
 -0.000216191  -0.0221932     1.25864e-15  -0.055363      4.98005e-17

[:, :, 2, 3] =
 0.000170972  -0.0316256     1.25864e-15  -0.0722562    5.82071e-17
 3.12031e-18  -3.68075e-16  -0.100153     -1.41411e-15  1.88171e-30

[:, :, 1, 4] =
 -9.49085e-5   -0.0386726     1.33999e-15  -0.0798159    5.33629e-17
 -5.86572e-19  -4.10065e-16  -0.0722562    -1.01814e-15  1.3268e-30

[:, :, 2, 4] =
 1.95094e-18  -5.24874e-16  -0.055363     -1.01814e-15  1.33347e-30
 0.000418078   0.00339369   -1.41411e-15  -0.0553848    3.11168e-17

[:, :, 1, 5] =
  1.0242e-19   2.98596e-17  -7.07496e-31  5.33629e-17  -0.0264726
 -1.05632e-32  5.23555e-31   5.82071e-17  1.33347e-30  -1.08697e-16

[:, :, 2, 5] =
  2.14355e-32  5.04366e-31  4.98005e-17  1.3268e-30   -1.08697e-16
 -1.11937e-19  5.17933e-18  1.88171e-30  3.11168e-17  -0.0127433
Module of t 0.022168099900388222
Module of t2 0.21841055299267242
 --------------Energy at step 10 : -75.01275946069156
 --------------E_2 at step 10 : 8.00236697416617
E1 - E0 83.01512643485772
 --------------Difference at step 10 : -2.0555548019274283e-7
 --------------Module of omegas 0.00011544496249392792
Omega_bj_0 0.00011439607915825719
Omega_bjck_0 1.5526636417530353e-5

######## END OF ITERATION 10 #########

global amplitudes = -(build_omega(F, g, L, t, t2, o, v)) = [-2.4893291634870225e-5, 2.7017790450787806e-17, -1.1557004366534504e-6, 3.2212112987682964e-19, -4.1638371701777705e-20, 9.639044229925014e-8, 2.015648471531573e-7, -9.429628952903227e-20, -1.122977607838397e-16, -3.346947465759683e-30, -5.303808483989925e-7, 2.31405799249581e-18, 6.972429122564094e-7, -4.295278158799242e-18, -1.45485607382772e-17, 7.117812219531258e-7, 4.3991128500586e-7, -3.596059930574584e-18, -3.3074261213828774e-20, -4.848029844670667e-31, 5.908515870707067e-19, -7.745532881472671e-8, 7.846068486841836e-19, -7.110008472525453e-8, 2.930617041306962e-7, -2.7578931058481673e-18, -1.352892679866546e-18, 2.3592741903476914e-7, 1.9826892231036134e-31, 3.643148604194615e-20, 6.972429122325357e-7, -4.812859737403946e-19, -2.0175045908339618e-7, 4.944681694412591e-18, 5.286200867547072e-18, -1.0891913536963678e-6, -2.7056300507775906e-6, -5.855305190480102e-18, -9.654282815063395e-18, -1.8631700307751834e-31, -8.839246456428681e-20, -7.110008471701354e-8, 1.3882234379929897e-20, 2.3743453929870975e-8, -3.4150786045890966e-6, 3.3788974004381686e-17, -1.5183449853468288e-17, 1.3465638862348621e-6, -2.4118991194975394e-31, -1.6911765049184584e-18, -2.2797572303209e-19, 2.930617041432696e-7, 4.5795032920924245e-20, -3.415078604665208e-6, -8.642318597797744e-7, 3.384499990752767e-17, -3.641433317545683e-18, -1.880292369424661e-6, 1.6726208045656153e-31, -1.6121569748035067e-17, 7.117812219526803e-7, -7.177775995413516e-19, -1.0891913536614562e-6, -1.0688398688588496e-19, 4.7904275242826566e-20, -2.2836677916155486e-6, 1.2612212390633307e-6, 1.7833069146299992e-17, -1.8811411582850937e-17, -8.031469942418994e-31, 4.3991128499277674e-7, -5.363228682412526e-19, -2.705630050770435e-6, -9.097734878130379e-20, 1.3469225801610132e-20, 1.2612212393289581e-6, -7.134210418964508e-7, 1.0400938077358626e-17, -1.7252532749083977e-17, -4.681249532257326e-31, -2.2164981041652565e-19, 2.3592741902759732e-7, -1.2073121533727644e-19, 1.3465638861869404e-6, -1.8802923695096627e-6, -6.525267770986525e-23, -3.9194760895526034e-20, 2.2566302775229443e-6, -4.766072962933432e-31, -1.006594248555015e-17, -3.3074261213859595e-20, 2.0026182676184247e-31, -9.65428281506332e-18, -2.3945664015008443e-31, 1.5657832091778195e-31, -1.8811411582851042e-17, -1.725253274908397e-17, -4.841762855498047e-31, -2.090407377501778e-7, 6.2909240581799786e-18, -4.865937697545651e-31, 3.643148604194795e-20, -1.661764153467723e-31, -1.6911765049184336e-18, -1.612156974803503e-17, -7.859586175078643e-31, -4.682692176196202e-31, -1.0065942485550185e-17, -2.5965094044126895e-20, -5.762080815617784e-7]
addition_t1 = reshape(amplitudes[1:n], (nv, no)) ./ pre_t[v, o] = [-2.4004511068961706e-6 -1.3698677000342235e-6 -8.119938399398866e-20 4.4098994353075496e-7 5.497155503967045e-21; 2.5915065022449325e-18 3.583431752621205e-19 1.6968616189691705e-7 -1.8405268603762036e-19 -1.3689537506574931e-30]
addition_t2 = reshape(amplitudes[n + 1:end], (nv, no, nv, no)) ./ pre_t2[v, o, v, o] = [-2.5572216669660385e-8 3.108829386373436e-8 -1.047389189201644e-20 2.0314856805269237e-8 9.676420693328523e-25; 1.4206051589279638e-20 -3.9218698452724855e-21 3.2536169751935955e-8 -1.0183689514004658e-20 -2.21089875071506e-32;;; 1.4206051589279638e-20 -2.1354093436242312e-20 1.339611816063188e-8 -2.4641327502898043e-20 9.061820319041934e-33; -3.714700293913759e-9 -3.1392337002924705e-9 -3.264534762232686e-20 1.0784909958634e-8 1.171648012966849e-23;;;; 3.108829386373436e-8 -1.195688037315736e-7 1.6880470272675185e-20 -1.0400413184905688e-6 -1.6248125239841432e-21; -2.1354093436242312e-20 3.9832497824573015e-21 -3.85770296880652e-7 -4.451768664302137e-20 -4.9637586432318295e-33;;; -3.9218698452724855e-21 3.9832497824573015e-21 -1.2095541180745978e-6 -3.35464286791478e-20 -3.193771019635978e-32; -3.1392337002924705e-9 1.320668513141837e-8 -3.6430206172302335e-20 4.770815961906179e-7 -7.390145716370835e-21;;;; -1.047389189201644e-20 1.6880470272675182e-20 -8.426733776345432e-7 6.94386425370144e-21 -4.5255722219846396e-32; 1.3396118160631878e-8 -1.2095541180745978e-6 2.2160607538759666e-20 -9.171040792096e-7 -1.7305100985619337e-20;;; 3.253616975193595e-8 -3.8577029688065196e-7 2.2160607538759666e-20 6.151549419285301e-7 1.8841894492904205e-21; -3.264534762232686e-20 -3.6430206172302335e-20 -2.0100894516274337e-6 -3.019882392490029e-23 -1.032595826189297e-31;;;; 2.0314856805269237e-8 -1.0400413184905688e-6 6.94386425370144e-21 -7.804225524019905e-7 -4.180734487474017e-21; -2.4641327502898043e-20 -3.35464286791478e-20 6.1515494192853e-7 -2.0215849952280503e-20 -3.746077261245275e-32;;; -1.0183689514004658e-20 -4.4517686643021365e-20 -9.171040792095998e-7 -2.0215849952280503e-20 -4.6517983896402004e-32; 1.0784909958634e-8 4.770815961906179e-7 -3.019882392490029e-23 2.202307567168218e-6 -5.0177070672833204e-21;;;; 9.676420693328523e-25 -1.6248125239841432e-21 -4.5255722219846396e-32 -4.180734487474017e-21 -2.4160800052604256e-7; 9.061820319041934e-33 -3.193771019635978e-32 1.8841894492904205e-21 -4.6517983896402004e-32 -1.4104323741048746e-20;;; -2.21089875071506e-32 -4.9637586432318295e-33 -1.7305100985619337e-20 -3.746077261245275e-32 -1.4104323741048746e-20; 1.171648012966849e-23 -7.390145716370835e-21 -1.032595826189297e-31 -5.0177070672833204e-21 -5.905433305239637e-7]
(d, V, nconv, niter, nmult, resid) = eigs(A_imp, nev = n_ev, which = :SM, tol = 1.0e-12, maxiter = 1000) = (ComplexF64[0.32324448743478457 + 0.0im, 0.39485398841558284 + 0.0im], ComplexF64[8.117286546621825e-17 + 0.0im -3.131022513729674e-17 + 0.0im; 7.173392917479169e-18 + 0.0im 1.9571148515841585e-16 + 0.0im; -1.5228162213270578e-16 + 0.0im 1.5997894752473158e-14 + 0.0im; 3.1288357318432847e-16 + 0.0im -7.444785024287365e-15 + 0.0im; 1.3090370692858921e-15 + 0.0im -5.440825080460193e-14 + 0.0im; -1.2314841757182644e-15 + 0.0im -1.6204044291175638e-14 + 0.0im; 5.684154213993803e-15 + 0.0im -2.557817380793187e-15 + 0.0im; -1.0770680344835197e-15 + 0.0im 5.074229774937681e-14 + 0.0im; 0.9587958280834457 + 0.0im 1.6214531724905925e-14 + 0.0im; 8.861634379461407e-15 + 0.0im -0.9597669068025774 + 0.0im; 2.879526348534087e-16 + 0.0im 3.56098630869386e-17 + 0.0im; 1.2110865035612037e-16 + 0.0im 3.730593576828723e-17 + 0.0im; -6.72937245755655e-17 + 0.0im -1.689841902168259e-16 + 0.0im; 1.0761259334249217e-16 + 0.0im -1.9411560073121496e-16 + 0.0im; 9.305160441975184e-17 + 0.0im -1.2116406838837316e-16 + 0.0im; -2.066703994239432e-16 + 0.0im 4.1533008959111404e-17 + 0.0im; 6.449485078163895e-17 + 0.0im -1.6188045363099885e-17 + 0.0im; -1.9882346679783977e-17 + 0.0im 7.112806314785659e-17 + 0.0im; 0.0002826396266976639 + 0.0im 2.18935098300596e-16 + 0.0im; -3.949627623542352e-17 + 0.0im -0.00012980695679065313 + 0.0im; -3.389527866481718e-16 + 0.0im 2.2434914751954023e-16 + 0.0im; -5.854027806616223e-17 + 0.0im -7.61126340769889e-17 + 0.0im; -2.553276939153671e-16 + 0.0im 1.7429833322579208e-17 + 0.0im; 4.5731663289287034e-17 + 0.0im -5.3351063477763726e-17 + 0.0im; 5.321675117999743e-18 + 0.0im 3.0503862770337447e-17 + 0.0im; 6.508282094485565e-17 + 0.0im -1.1741775832479959e-16 + 0.0im; 2.231464163681661e-16 + 0.0im 7.374449167236579e-17 + 0.0im; -5.852221682214487e-20 + 0.0im -0.00030648314896362087 + 0.0im; -0.00030882195928819107 + 0.0im -1.374889617220506e-16 + 0.0im; 9.130378613201671e-17 + 0.0im 2.2177421157852288e-16 + 0.0im; 4.2786829796226076e-16 + 0.0im 4.108516837918297e-15 + 0.0im; -1.159865347379418e-17 + 0.0im -2.7505740931868688e-15 + 0.0im; -3.419482879497125e-16 + 0.0im -1.110192292700516e-15 + 0.0im; 5.155704055330469e-16 + 0.0im 3.796632180246107e-15 + 0.0im; 1.03295672969243e-16 + 0.0im -1.6796753631558599e-15 + 0.0im; 0.0823913750018032 + 0.0im 1.0757488314434084e-15 + 0.0im; 3.788050476303717e-16 + 0.0im -0.058341642947183574 + 0.0im; 4.011249146009007e-16 + 0.0im -5.015092600348301e-15 + 0.0im; -9.20782644451448e-17 + 0.0im 4.207950906165927e-15 + 0.0im; -7.690038717312615e-16 + 0.0im -1.5007925946291971e-15 + 0.0im; 1.2966279479360738e-18 + 0.0im 4.129394032448568e-15 + 0.0im; 1.5693165127337636e-16 + 0.0im 1.0765043771694247e-15 + 0.0im; 9.14893511587601e-17 + 0.0im -0.05916456970062471 + 0.0im; 0.01426398932173626 + 0.0im -7.491811348870582e-16 + 0.0im; -6.592239353202273e-16 + 0.0im -9.351501548978716e-15 + 0.0im; 2.426114599891948e-16 + 0.0im -1.0341800498621351e-14 + 0.0im; 2.7924406796340627e-16 + 0.0im 1.430279333293608e-14 + 0.0im; 6.190755974124745e-16 + 0.0im -1.0999563584779517e-14 + 0.0im; -4.185912224026271e-15 + 0.0im -0.11537683479534953 + 0.0im; 0.13734692972842313 + 0.0im 1.3847701901088508e-15 + 0.0im; 3.8876816784165565e-16 + 0.0im 6.9676564608151205e-15 + 0.0im; 5.3103381708422e-16 + 0.0im 4.533983859754693e-15 + 0.0im; -1.3708444419576639e-18 + 0.0im 6.691718767983128e-15 + 0.0im; 0.1606400876184978 + 0.0im 2.6587270436077937e-15 + 0.0im; 1.7564957288482035e-15 + 0.0im -0.154439327325747 + 0.0im; 8.870111374001486e-16 + 0.0im -3.7086253701352515e-15 + 0.0im; -1.1670565006767778e-16 + 0.0im 2.2368842424339947e-14 + 0.0im; 0.1472348970313304 + 0.0im 1.330811320564653e-15 + 0.0im; 1.6357542596858687e-15 + 0.0im -0.1360087344709861 + 0.0im; 4.2306975622198374e-16 + 0.0im -1.5851442075116751e-15 + 0.0im; 1.0528583531639955e-15 + 0.0im -0.12759892056983962 + 0.0im; 0.0858548366012649 + 0.0im -2.395796311622143e-16 + 0.0im; 7.62516490279282e-16 + 0.0im 1.1687236013423507e-14 + 0.0im; 3.096415245154867e-16 + 0.0im 9.34318609055393e-15 + 0.0im; -1.3171832832591948e-15 + 0.0im -3.1679486531648906e-15 + 0.0im], 2, 10, 180, [0.06660406625119407, -0.16878916861445453, -1.0135585775955178, 0.48084136228184526, 1.2250029352726801, 0.5351573218069048, 0.0910868042987444, -0.4981647870074137, 0.0023317215319578763, 0.026720821488074413, 0.003771911050295192, 0.008186810617980898, 0.17952551097945368, 0.4988332741470878, 0.03981848523055446, 0.08906583747344239, -0.01470723931105319, -0.20429563156298688, -0.11553726774713165, 0.0009630428521888362, -0.014722001256506797, -0.41674241225616643, -0.36628351360851924, 0.031313309379641815, 0.0037508148183360815, 0.02491593678300809, 0.07710058654072892, -0.0011009683458374437, 0.09070143863391639, 0.15073772767811203, -1.4975638287076007, 0.7355135988238811, 0.16256409980116876, -0.4009044527397848, 0.8470335675745243, 0.0631928306541495, -0.010131004861919798, 0.6912956066315421, -0.42986648243248626, -0.5893438043462255, -0.20198405679487974, -0.056047513377973916, 0.0051920348301445485, 0.06357212329967524, 0.6283384761034915, 0.15971329312962032, -0.5467937770107572, 0.8276336831478788, -0.32968339883513526, 0.03744389572028783, -0.7993550573567315, -0.9063490166421473, -0.7862851436052061, -0.026008389259571052, 0.37149830716606036, 0.02631820619907044, -0.858952088243552, 0.027570315631250106, -0.4387222533649425, 0.2924116923591138, 0.11733848508784665, -0.15505756532196438, -0.5093446454124843, -0.8998936619578518, 0.10382068200633783])
[8.117286546621825e-17, 7.173392917479169e-18, -1.5228162213270578e-16, 3.1288357318432847e-16, 1.3090370692858921e-15, -1.2314841757182644e-15, 5.684154213993803e-15, -1.0770680344835197e-15, 0.9587958280834457, 8.861634379461407e-15, 2.879526348534087e-16, 1.2110865035612037e-16, -6.72937245755655e-17, 1.0761259334249217e-16, 9.305160441975184e-17, -2.066703994239432e-16, 6.449485078163895e-17, -1.9882346679783977e-17, 0.0002826396266976639, -3.949627623542352e-17, -3.389527866481718e-16, -5.854027806616223e-17, -2.553276939153671e-16, 4.5731663289287034e-17, 5.321675117999743e-18, 6.508282094485565e-17, 2.231464163681661e-16, -5.852221682214487e-20, -0.00030882195928819107, 9.130378613201671e-17, 4.2786829796226076e-16, -1.159865347379418e-17, -3.419482879497125e-16, 5.155704055330469e-16, 1.03295672969243e-16, 0.0823913750018032, 3.788050476303717e-16, 4.011249146009007e-16, -9.20782644451448e-17, -7.690038717312615e-16, 1.2966279479360738e-18, 1.5693165127337636e-16, 9.14893511587601e-17, 0.01426398932173626, -6.592239353202273e-16, 2.426114599891948e-16, 2.7924406796340627e-16, 6.190755974124745e-16, -4.185912224026271e-15, 0.13734692972842313, 3.8876816784165565e-16, 5.3103381708422e-16, -1.3708444419576639e-18, 0.1606400876184978, 1.7564957288482035e-15, 8.870111374001486e-16, -1.1670565006767778e-16, 0.1472348970313304, 1.6357542596858687e-15, 4.2306975622198374e-16, 1.0528583531639955e-15, 0.0858548366012649, 7.62516490279282e-16, 3.096415245154867e-16, -1.3171832832591948e-15]
(d, V, nconv, niter, nmult, resid) = eigs(A_imp, nev = n_ev, which = :SM, tol = 1.0e-12, maxiter = 1000) = (ComplexF64[0.3232444874347801 + 0.0im, 0.3948539884155713 + 0.0im], ComplexF64[-5.959440729559405e-17 + 0.0im 7.578117802663285e-17 + 0.0im; 5.493255418486893e-17 + 0.0im -1.4513592870669227e-16 + 0.0im; 1.7933596960037052e-16 + 0.0im 1.3557990234348365e-15 + 0.0im; 2.2133647474117992e-16 + 0.0im -5.768199652974941e-16 + 0.0im; 3.158471168086322e-16 + 0.0im -2.7049365445004364e-15 + 0.0im; -9.909573595517883e-16 + 0.0im -4.485985140157339e-15 + 0.0im; -1.4849934342771668e-15 + 0.0im 1.6963582570963917e-15 + 0.0im; -6.2214968139621434e-15 + 0.0im 8.277979440471451e-15 + 0.0im; 0.9557935878579411 + 0.0im 1.610213131039663e-14 + 0.0im; 9.425230968211921e-15 + 0.0im -0.9607757761638571 + 0.0im; -5.322827492292805e-17 + 0.0im 3.396860119112184e-16 + 0.0im; -1.7607351580227645e-16 + 0.0im 8.401224392067791e-17 + 0.0im; -8.425566311686949e-17 + 0.0im 3.906753155687832e-18 + 0.0im; -1.8251831050873617e-16 + 0.0im 4.982936407607956e-17 + 0.0im; 3.2955444150584693e-17 + 0.0im -9.941812226710826e-17 + 0.0im; -2.5203558179080173e-16 + 0.0im 2.3003496539696003e-17 + 0.0im; -1.5533594552418113e-16 + 0.0im 5.266216419216106e-17 + 0.0im; -5.2060419694576865e-17 + 0.0im -1.0007170862545935e-16 + 0.0im; 0.00025041333953709565 + 0.0im -2.7788584174899046e-17 + 0.0im; -1.0272086916923527e-16 + 0.0im 6.059941102816591e-5 + 0.0im; -3.716861782574748e-17 + 0.0im -3.2828564039775556e-17 + 0.0im; -2.290313510246222e-16 + 0.0im 2.873861238680122e-17 + 0.0im; 1.734961486735786e-17 + 0.0im -1.3862235381036553e-16 + 0.0im; 3.6675588808965286e-17 + 0.0im -2.3529882974142206e-16 + 0.0im; -1.733017903687833e-16 + 0.0im -1.0044166130606387e-16 + 0.0im; -1.115590434159328e-16 + 0.0im -9.586761948761011e-17 + 0.0im; -7.848708976403672e-17 + 0.0im 8.307574315756048e-17 + 0.0im; 2.2806901027280073e-16 + 0.0im -0.00046009969434282884 + 0.0im; -0.0003195676850663973 + 0.0im -1.2660330010660434e-16 + 0.0im; -2.2630909311299836e-16 + 0.0im -4.0426993172799495e-16 + 0.0im; 1.5609324375442133e-17 + 0.0im -5.27597853690777e-16 + 0.0im; 1.3496739503198346e-18 + 0.0im -2.700728291926601e-16 + 0.0im; 8.635879705771614e-17 + 0.0im -1.7435402575927347e-16 + 0.0im; 1.3914247011620801e-16 + 0.0im -2.61005754726624e-17 + 0.0im; -4.093970426737797e-16 + 0.0im 7.142997030777321e-16 + 0.0im; 0.08497006597159916 + 0.0im 1.813549520178953e-15 + 0.0im; 1.1273138490995818e-15 + 0.0im -0.0689691153752549 + 0.0im; -7.214828167759318e-17 + 0.0im -5.641043778284453e-16 + 0.0im; 9.95556551215971e-17 + 0.0im 1.802853228735225e-16 + 0.0im; 7.833462966792973e-16 + 0.0im -1.039906411253411e-15 + 0.0im; -5.641314081910853e-17 + 0.0im -6.617146209498933e-16 + 0.0im; 1.3870430510819334e-16 + 0.0im 3.083244033267847e-16 + 0.0im; -7.198573742278703e-16 + 0.0im -0.05288263495227484 + 0.0im; 0.016847434758185145 + 0.0im -5.526280564869116e-16 + 0.0im; 5.75585692168706e-17 + 0.0im -3.0598657879267238e-15 + 0.0im; 5.7370450546626325e-16 + 0.0im 3.736925153583659e-16 + 0.0im; -6.831786525290191e-16 + 0.0im 9.825551262029332e-16 + 0.0im; 4.2272477167939447e-17 + 0.0im -8.760190175983969e-16 + 0.0im; -4.83119965802254e-15 + 0.0im -0.10895816505481636 + 0.0im; 0.08512949285426817 + 0.0im 6.485643201121011e-16 + 0.0im; 1.0919088290559112e-16 + 0.0im -4.749054024240651e-16 + 0.0im; -1.8591169882659084e-16 + 0.0im 1.7184960852288566e-16 + 0.0im; -5.736528436354347e-16 + 0.0im -1.0997460466940505e-15 + 0.0im; 0.2147954371170576 + 0.0im 2.1091688739039844e-15 + 0.0im; 2.0095645861401338e-15 + 0.0im -0.15548103503118504 + 0.0im; 4.3211738223357903e-16 + 0.0im -8.778536473828956e-16 + 0.0im; -1.7309528590122991e-15 + 0.0im 2.010442807544956e-15 + 0.0im; 0.1416723982246282 + 0.0im 3.190877457082117e-15 + 0.0im; 2.1385892091921138e-15 + 0.0im -0.16065634332107157 + 0.0im; -4.3011843498529633e-16 + 0.0im 3.2985405474381154e-16 + 0.0im; 6.61111680683889e-16 + 0.0im -0.08660072737453293 + 0.0im; 0.07415878661018598 + 0.0im -3.605460976935582e-15 + 0.0im; 1.2561768316017936e-16 + 0.0im 1.7996395198565585e-15 + 0.0im; 1.6977549499188138e-16 + 0.0im 3.56457707455352e-16 + 0.0im; 9.56438696295358e-16 + 0.0im -1.4896055907214326e-16 + 0.0im], 2, 10, 180, [0.06193229099707264, 0.22833117369930397, -0.10898704438250847, -0.28701504293075986, 0.7038238992412467, 0.37653338340940157, 0.18911044275820255, -0.9607554240507794, 0.07481159369251013, 0.04047637942754846, -0.0006732129312096116, -0.009794215284709395, -0.0299514895386488, 0.16530274110606535, 0.050826443318903125, -0.03640155232439318, 0.008942139505900218, -0.005016374922514486, -0.04546245458360391, 0.04145653895205088, 0.004074161453663877, -0.4443342647262299, 0.3241010224642785, -0.03171877690434363, 0.030697887165673104, 0.07809318885962253, 0.03134387749939734, -0.04282647919253232, 0.030128036975461563, -0.35005648026563013, 1.522579197706511, 1.5317033952542014, 0.07728940449291859, 0.008519416257212626, 0.9329873034376535, 0.05247378747890412, 0.2372151118813835, 0.6640147272897038, -0.24291404554948612, 1.0822114271294225, -0.45644515854274204, -0.20714607052233022, 0.16924164488503166, 0.08764739156802356, 0.23171763740650125, -0.4308772785478988, -0.06934786074946854, 0.18751649590797148, -0.2537592804223461, -0.48623896516675996, 0.2206647211552931, -0.3114834833513355, 0.3517893335440799, -0.032199119073402595, -0.09683299400804457, 0.11790132540662537, -0.22358272063057605, -0.044125850599372296, 0.13843307409579206, 0.11121423341022034, -0.5047565052214452, -0.30822846073407073, -0.2726416338757, 0.24269948885765763, 0.5627662522734426])
[5.959440729559405e-17, -5.493255418486893e-17, -1.7933596960037052e-16, -2.2133647474117992e-16, -3.158471168086322e-16, 9.909573595517883e-16, 1.4849934342771668e-15, 6.2214968139621434e-15, -0.9557935878579411, -9.425230968211921e-15, 5.322827492292805e-17, 1.7607351580227645e-16, 8.425566311686949e-17, 1.8251831050873617e-16, -3.2955444150584693e-17, 2.5203558179080173e-16, 1.5533594552418113e-16, 5.2060419694576865e-17, -0.00025041333953709565, 1.0272086916923527e-16, 3.716861782574748e-17, 2.290313510246222e-16, -1.734961486735786e-17, -3.6675588808965286e-17, 1.733017903687833e-16, 1.115590434159328e-16, 7.848708976403672e-17, -2.2806901027280073e-16, 0.0003195676850663973, 2.2630909311299836e-16, -1.5609324375442133e-17, -1.3496739503198346e-18, -8.635879705771614e-17, -1.3914247011620801e-16, 4.093970426737797e-16, -0.08497006597159916, -1.1273138490995818e-15, 7.214828167759318e-17, -9.95556551215971e-17, -7.833462966792973e-16, 5.641314081910853e-17, -1.3870430510819334e-16, 7.198573742278703e-16, -0.016847434758185145, -5.75585692168706e-17, -5.7370450546626325e-16, 6.831786525290191e-16, -4.2272477167939447e-17, 4.83119965802254e-15, -0.08512949285426817, -1.0919088290559112e-16, 1.8591169882659084e-16, 5.736528436354347e-16, -0.2147954371170576, -2.0095645861401338e-15, -4.3211738223357903e-16, 1.7309528590122991e-15, -0.1416723982246282, -2.1385892091921138e-15, 4.3011843498529633e-16, -6.61111680683889e-16, -0.07415878661018598, -1.2561768316017936e-16, -1.6977549499188138e-16, -9.56438696295358e-16]
Projection L1|R2: -7.238936546314252e-15
scalar = l1_vec' * r1_vec = -0.9970752299953966
Check <L1|R1>: 1.0
t before projection
65-element Vector{Float64}:
 -5.0068960637548684e-5
  1.2110087945307608e-16
  0.0032896948208119593
 -4.0194987815985935e-16
  7.137390806418642e-17
 -0.0025006848958792887
 -0.021778838164388102
 -8.982037418652971e-16
  3.4742281392371907e-16
  7.65572331599861e-30
 -0.0005220315174507155
 -1.1577802498832606e-18
 -0.00040012559392781197
  5.722086425356969e-18
  7.114878631248213e-18
  0.00017100472390519996
 -9.488813946056604e-5
  1.9407597919198437e-18
  1.0242050781239356e-19
 -6.7351469160851855e-34
 -0.0003695633278748584
  6.5458437506792324e-18
 -0.0007460254904807061
 -0.00021617728842850904
  3.0876686868224385e-18
 -6.112135704641758e-19
  0.000418088457298022
 -1.5013810992234534e-33
 -1.1192515009274073e-19
 -0.031827613443052606
  2.2594636415275027e-18
  8.188621122710997e-16
 -0.031626017178980156
 -0.0386736105459393
 -5.249180794987139e-16
  2.985796802853911e-17
  4.9940261460674e-31
 -0.01917336071308088
 -0.022194412473588193
 -3.681118044338516e-16
 -4.1009858755980646e-16
  0.0033941667884601445
  4.916176538703433e-31
  5.1719407803175046e-18
 -0.05845324358240333
  1.2586640282200518e-15
  1.3399961994082776e-15
 -0.05536390211329581
 -7.527513058338167e-31
  4.978324413895871e-17
 -0.10015510671754645
 -0.0722555699811761
 -1.4141135764672416e-15
  5.82089743577832e-17
  1.7784540700198875e-30
 -0.07981664435253377
 -1.0181568924637005e-15
  5.3358745194974206e-17
  1.2893438189902457e-30
 -0.05538256149434714
  1.2869498258271447e-30
  3.111177954365408e-17
 -0.0264728169565126
 -1.0871133381847508e-16
 -0.012743925528612931
t after projection
65-element Vector{Float64}:
 -5.0068960637548684e-5
  1.2110087945307608e-16
  0.0032896948208119593
 -4.0194987815985944e-16
  7.137390806418594e-17
 -0.0025006848958792887
 -0.021778838164388102
 -8.982037418652967e-16
 -4.5701641348319515e-18
  4.40244145522148e-30
 -0.0005220315174507155
 -1.1577802498833051e-18
 -0.00040012559392781197
  5.72208642535693e-18
  7.11487863124818e-18
  0.00017100472390519996
 -9.488813946056604e-5
  1.940759791919851e-18
 -1.3421087996692678e-21
  1.382635221135839e-32
 -0.0003695633278748584
  6.545843750679254e-18
 -0.0007460254904807061
 -0.00021617728842850904
  3.0876686868224366e-18
 -6.112135704641997e-19
  0.000418088457298022
 -1.4798964319163463e-33
  1.4495204635712359e-21
 -0.031827613443052606
  2.2594636415273455e-18
  8.188621122710997e-16
 -0.031626017178980156
 -0.0386736105459393
 -5.249180794987139e-16
 -3.8954098617423517e-19
  3.6033576334023525e-31
 -0.01917336071308088
 -0.022194412473588193
 -3.681118044338513e-16
 -4.1009858755980646e-16
  0.0033941667884601445
  4.580300972375731e-31
 -6.465280226986858e-20
 -0.05845324358240333
  1.2586640282200518e-15
  1.3399961994082774e-15
 -0.05536390211329581
  7.839801509268256e-31
 -6.395397387561134e-19
 -0.10015510671754645
 -0.0722555699811761
 -1.4141135764672416e-15
 -7.651900891447843e-19
  1.1336096261508693e-30
 -0.07981664435253377
 -1.0181568924637005e-15
 -6.941077297171016e-19
  6.888259648505229e-31
 -0.05538256149434714
  9.00424627918417e-31
 -4.072349648022485e-19
 -0.0264728169565126
 -1.0871133381847519e-16
 -0.012743925528612931
Omega original restricted
65-element Vector{Float64}:
 -2.4893291634870225e-5
  2.7017790450787806e-17
 -1.1557004366534504e-6
  3.2212112987682964e-19
 -4.1638371701777705e-20
  9.639044229925014e-8
  2.015648471531573e-7
 -9.429628952903227e-20
 -1.122977607838397e-16
 -3.346947465759683e-30
 -5.303808483989925e-7
  5.908515870707067e-19
  6.972429122325357e-7
 -8.839246456428681e-20
 -2.2797572303209e-19
  7.117812219526803e-7
  4.3991128499277674e-7
 -2.2164981041652565e-19
 -3.3074261213859595e-20
 -4.865937697545651e-31
 -7.745532881472671e-8
 -4.812859737403946e-19
 -7.110008471701354e-8
  2.930617041432696e-7
 -7.177775995413516e-19
 -5.363228682412526e-19
  2.3592741902759732e-7
  2.0026182676184247e-31
  3.643148604194795e-20
 -2.0175045908339618e-7
  1.3882234379929897e-20
  4.5795032920924245e-20
 -1.0891913536614562e-6
 -2.705630050770435e-6
 -1.2073121533727644e-19
 -9.65428281506332e-18
 -1.661764153467723e-31
  2.3743453929870975e-8
 -3.415078604665208e-6
 -1.0688398688588496e-19
 -9.097734878130379e-20
  1.3465638861869404e-6
 -2.3945664015008443e-31
 -1.6911765049184336e-18
 -8.642318597797744e-7
  4.7904275242826566e-20
  1.3469225801610132e-20
 -1.8802923695096627e-6
  1.5657832091778195e-31
 -1.612156974803503e-17
 -2.2836677916155486e-6
  1.2612212393289581e-6
 -6.525267770986525e-23
 -1.8811411582851042e-17
 -7.859586175078643e-31
 -7.134210418964508e-7
 -3.9194760895526034e-20
 -1.725253274908397e-17
 -4.682692176196202e-31
  2.2566302775229443e-6
 -4.841762855498047e-31
 -1.0065942485550185e-17
 -2.090407377501778e-7
 -2.5965094044126895e-20
 -5.762080815617784e-7
Omega restricted
65-element Vector{Float64}:
  2.4004511068961706e-6
 -2.5915065022449325e-18
  1.3698677000342235e-6
 -3.583431752621205e-19
  8.119938399398866e-20
 -1.6968616189691705e-7
 -4.4098994353075496e-7
  1.8405268603762036e-19
 -5.497155503967045e-21
  1.3689537506574931e-30
  2.5572216669660385e-8
 -1.4206051589279638e-20
 -3.108829386373436e-8
  3.9218698452724855e-21
  1.047389189201644e-20
 -3.253616975193595e-8
 -2.0314856805269237e-8
  1.0183689514004658e-20
 -9.676420693328523e-25
  2.21089875071506e-32
  3.714700293913759e-9
  2.1354093436242312e-20
  3.1392337002924705e-9
 -1.3396118160631878e-8
  3.264534762232686e-20
  2.4641327502898043e-20
 -1.0784909958634e-8
 -9.061820319041934e-33
 -1.171648012966849e-23
  1.195688037315736e-7
 -3.9832497824573015e-21
 -1.6880470272675182e-20
  3.8577029688065196e-7
  1.0400413184905688e-6
  4.4517686643021365e-20
  1.6248125239841432e-21
  4.9637586432318295e-33
 -1.320668513141837e-8
  1.2095541180745978e-6
  3.6430206172302335e-20
  3.35464286791478e-20
 -4.770815961906179e-7
  3.193771019635978e-32
  7.390145716370835e-21
  8.426733776345432e-7
 -2.2160607538759666e-20
 -6.94386425370144e-21
  9.171040792095998e-7
  4.5255722219846396e-32
  1.7305100985619337e-20
  2.0100894516274337e-6
 -6.1515494192853e-7
  3.019882392490029e-23
 -1.8841894492904205e-21
  1.032595826189297e-31
  7.804225524019905e-7
  2.0215849952280503e-20
  4.180734487474017e-21
  3.746077261245275e-32
 -2.202307567168218e-6
  4.6517983896402004e-32
  5.0177070672833204e-21
  2.4160800052604256e-7
  1.4104323741048746e-20
  5.905433305239637e-7
Omega resricted on L2-3.510454420459284e-21
Omega resricted on L1 (<L1|H|HF>): 4.881711617485968e-22
Omega resricted on R1 (<R1|H|HF>): 4.881711617485968e-22
<L1[D]|R1[S]H[S]|HF> additional: -3.068877675956557e-8
<L1|H|R1> with nuclear repulsion : -74.68951538151275
<HF|H|R1>: 4.381986033592135e-16
L1 * A * R1: 0.323244487434783
Reduced matrix[-75.01275983825875 4.381986033592135e-16; 1.1713106235889174e-16 -74.68951538151275]
Matrix
2×2 Matrix{Float64}:
 -75.0128         4.38199e-16
   1.17131e-16  -74.6895
NEW E0 FROM MATRIX: -75.01275983825875
NEW E1 FROM MATRIX: -74.68951538151275
[1.0 1.3556260415736915e-15; 0.0 1.0]
Evaluating remaining element <mu_tilde|H|R1>
Norm of element <mu_tilde|H|R1>: 2.233523116559688e-5
65-element Vector{Float64}:
  2.4910959472270212e-24
  2.20142653853167e-25
 -4.6733367062151275e-24
  9.602014129189054e-24
  4.0172746389310713e-23
 -3.7792742951555437e-23
  1.7443973974019973e-22
 -3.305390046512881e-23
  2.9424271126055674e-8
  2.719527191961825e-22
 -1.8814952913089364e-21
 -1.633353992097596e-22
  3.5055234412206154e-21
 -7.283047336717646e-21
 -3.048165314229824e-20
  2.869101179998828e-20
 -1.3238944940627157e-19
  2.508186513441863e-20
 -2.2328174788124248e-5
 -2.0636860794684242e-19
 -1.0402046401298286e-23
 -5.217005063310681e-24
 -7.835694591245065e-24
  1.4034488383964636e-24
  1.8314871038650092e-24
  1.9895747137248816e-25
  6.848090529575146e-24
  2.4074157757652174e-17
 -9.477368167046944e-12
  7.541416270707225e-23
 -1.3606093459960173e-22
 -6.245416470425446e-22
  5.412992544921468e-22
 -2.6563657133646515e-21
  5.167463551953572e-22
 -4.546523317604059e-7
 -4.213851491147015e-21
  1.2310032956983336e-23
 -2.8257693015773608e-24
  4.9161239347518654e-23
 -7.839947563448672e-23
  4.816040412073866e-24
  2.9568170837013813e-19
  4.377443839955912e-10
 -2.023077618567067e-23
  3.118618208797656e-22
 -3.1960323906563253e-22
  1.8998672806203873e-23
 -4.841231540581978e-20
  4.2150092650473175e-9
 -2.744506387925386e-22
  1.6468765259116193e-21
 -2.505140776189045e-22
  2.278976722053825e-7
  2.1146764363638932e-21
 -1.3977844708475573e-21
  2.664371848917462e-22
 -2.3584968102869257e-7
 -2.171394195285671e-21
  1.2983493302532586e-23
 -9.993531118896422e-20
  2.6347799141851977e-9
 -1.4179672676050147e-18
  9.502521175148072e-24
 -4.042274373137305e-23
Evaluating remaining element <HF|H|nu_tilde>
Norm of element <HF|H|nu_tilde>: 0.6310595126915779
65-element Vector{Float64}:
  0.00021207800377841647
 -4.9771118271597605e-15
 -0.002537050565629742
  1.2010062129804256e-15
  2.403218426913186e-16
 -0.00643284810564655
 -0.0044946653400235025
  6.332779807935592e-16
 -4.2037226644384206e-16
 -3.922053299368736e-30
  0.05239336012754763
 -4.987329993433243e-18
  0.019651963684992408
 -2.64545330086463e-16
  4.770489558936218e-17
 -0.029156979521037844
 -0.003541965152492765
 -1.3140530330524311e-16
 -1.1005265435004182e-19
  4.5144177742747867e-32
  0.039043531449969804
 -1.5525775109992414e-16
  0.03820659895705575
  0.02369421286935847
  2.2724877535296183e-16
  4.917941054394248e-16
 -0.0224954053985897
 -1.0023267930497162e-31
  1.4044488225374812e-19
  0.19030556275555352
 -1.986258379993444e-16
 -2.581268532253489e-15
  0.2150135516546591
  0.1205037915945526
  2.8622937353617317e-15
 -3.734298387521561e-17
 -4.954363917206294e-31
  0.1356328370711587
 -0.016737182000169673
  1.7971735211119718e-15
  9.992007221626409e-16
 -0.03437710461989834
  3.16365793186879e-31
 -7.404177898648916e-18
  0.14998000751864307
 -3.5318969970887796e-15
 -3.198830089701232e-15
  0.01676122299106253
  2.1232349164914676e-30
 -3.741304943819604e-17
  0.31889801799346934
  0.2912998997620643
  3.899658373995862e-15
 -9.439915637364793e-17
 -8.83171468426518e-31
  0.19114032976697187
  2.227384943154221e-15
 -6.22627512638831e-17
 -9.39875724955474e-31
  0.14190557721937125
 -2.905480012190053e-31
 -3.2591599652463006e-17
  0.06920626869936716
  8.153200337090986e-17
  0.0500826884913902
Evaluating remaining element <L1|H|nu_tilde>
Norm of element <L1|H|nu_tilde>: 9.413312743932277e-9
65-element Vector{Float64}:
  8.905051816805781e-22
  4.211231034794156e-21
 -1.2396650506598164e-19
  4.45913936312359e-21
 -4.550528087028099e-22
 -3.1271199906739375e-19
 -2.0677420479668488e-19
  1.5216450715820629e-21
 -2.5894469697670328e-9
 -1.2809961574930036e-20
 -1.6383023038432748e-24
 -5.419331116823402e-24
 -2.593288007099232e-24
 -5.617694149077935e-24
  1.0143289474298685e-24
 -7.757352176004667e-24
 -4.7810536371961045e-24
 -1.6023571240693009e-24
  7.707421509916262e-12
 -3.1616248480044554e-24
 -1.1440053674999431e-24
 -7.049309611842208e-24
  5.34000285546401e-25
  1.1288305271500463e-24
 -5.334020740526446e-24
 -3.433653224860527e-24
 -2.4157382550638907e-24
  7.019689920558315e-24
 -9.83590911853171e-12
 -6.965521786391796e-24
  4.804362366195784e-25
  4.154134142892872e-26
  2.6580199411243167e-24
  4.282637934141185e-24
 -1.2600748740593998e-23
  2.6152764680153624e-9
  3.4697364864979533e-23
 -2.220637363541901e-24
  3.0642033652697405e-24
  2.4110457166140177e-23
 -1.7363286468479924e-24
  4.269151742016165e-24
 -2.2156344468118175e-23
  5.18543785575414e-10
  1.7715835557410252e-24
  1.7657934892528026e-23
 -2.102741751438423e-23
  1.3010960214975111e-24
 -1.4869851674745523e-22
  2.6201834357791943e-9
  3.360764091677437e-24
 -5.722138561507717e-24
 -1.7656344803490014e-23
  6.61114529812271e-9
  6.185198178904523e-23
  1.3300053474756765e-23
 -5.32766478130296e-23
  4.360506079494085e-9
  6.582320455560376e-23
 -1.323852828186136e-23
  2.0348222652911295e-23
  2.282518288064147e-9
  3.8663612529762495e-24
  5.225485608618164e-24
  2.9438033111055914e-23
Building the whole matrix...
(d, V, nconv, niter, nmult, resid) = eigs(A_imp, nev = n_ev, which = :SM, tol = 1.0e-12, maxiter = 1000) = (ComplexF64[-2.408893685234166e-15 + 0.0im, 0.3232444567459908 + 0.0im], ComplexF64[0.9999999999999983 + 0.0im -8.78716163621685e-16 + 0.0im; -1.2451681000411788e-15 + 0.0im -0.9999999999991498 + 0.0im; 7.6506210637372e-17 + 0.0im -2.1797548283275018e-16 + 0.0im; -2.3945791436967606e-16 + 0.0im 2.9192098222772544e-16 + 0.0im; 2.4180026265143468e-17 + 0.0im 1.399439938443777e-15 + 0.0im; 2.144602821218747e-16 + 0.0im -6.908632414262883e-16 + 0.0im; 1.5569053780066792e-16 + 0.0im 6.347726139156569e-15 + 0.0im; 4.0800901693152295e-16 + 0.0im -2.5362637753571667e-15 + 0.0im; -1.5736717653672527e-15 + 0.0im -1.58166820452483e-16 + 0.0im; -4.733199875362607e-16 + 0.0im 3.3671463528560407e-15 + 0.0im; -5.276640200891548e-16 + 0.0im 5.299907062406641e-8 + 0.0im; 1.6377145677289968e-15 + 0.0im 9.28874996305136e-17 + 0.0im; -2.2879433130823896e-16 + 0.0im 2.162020192738116e-16 + 0.0im; 1.1998609342056507e-16 + 0.0im 2.3933711630814047e-17 + 0.0im; -7.186842102079327e-17 + 0.0im -1.7640157721483455e-16 + 0.0im; -8.105150419869611e-17 + 0.0im -3.423771955981102e-17 + 0.0im; -1.088045434331613e-16 + 0.0im 1.4087936565978406e-16 + 0.0im; 1.0363187725708313e-16 + 0.0im -4.041621180181331e-16 + 0.0im; -1.7331791726808365e-16 + 0.0im -2.650221790878966e-16 + 0.0im; -4.707742196479695e-17 + 0.0im 4.1291680823939936e-17 + 0.0im; 4.887187249223037e-17 + 0.0im -1.0949116475641082e-6 + 0.0im; -1.4318487239852423e-17 + 0.0im 2.596055862264967e-18 + 0.0im; -6.180124745949904e-17 + 0.0im 2.3744623060255733e-16 + 0.0im; -2.021572772759961e-16 + 0.0im 7.931644820643529e-17 + 0.0im; 8.456122700499613e-17 + 0.0im -2.5384540550560956e-16 + 0.0im; 3.4570414833531896e-17 + 0.0im -8.697695727574709e-17 + 0.0im; -2.7024355906736823e-17 + 0.0im 7.827382364756198e-17 + 0.0im; 1.990380930935476e-17 + 0.0im 1.2914393782548393e-16 + 0.0im; -2.7473874606047833e-17 + 0.0im 1.639252842252698e-17 + 0.0im; -6.290234392029455e-17 + 0.0im 5.570738322719185e-18 + 0.0im; 7.409409480471414e-17 + 0.0im 5.389910953063419e-9 + 0.0im; 1.5818346529282315e-17 + 0.0im 4.960825311589681e-16 + 0.0im; -6.560773917122882e-16 + 0.0im -7.722417237396277e-17 + 0.0im; -2.3081894671107626e-17 + 0.0im -2.2713727578988734e-16 + 0.0im; 6.235970388528169e-17 + 0.0im -2.20306827400637e-17 + 0.0im; -2.224141571861892e-16 + 0.0im 5.994832035517829e-16 + 0.0im; -3.962558738459614e-17 + 0.0im -2.851742095212986e-16 + 0.0im; 9.777198495144264e-17 + 0.0im -3.325700165380811e-7 + 0.0im; 7.354531384129514e-17 + 0.0im 5.4581003576171044e-17 + 0.0im; 2.1973265739070597e-17 + 0.0im -3.9450915417032736e-16 + 0.0im; 3.431343425814026e-17 + 0.0im 1.5577937199635516e-16 + 0.0im; 1.0462826171387309e-16 + 0.0im -2.839746547679525e-16 + 0.0im; 3.9050864408701524e-17 + 0.0im 1.6712558727782529e-16 + 0.0im; -2.6614265307189292e-17 + 0.0im 5.404001354572616e-16 + 0.0im; 1.7958969877911723e-16 + 0.0im -1.3089449171127165e-16 + 0.0im; -9.501725620799369e-18 + 0.0im 4.4347615813493454e-8 + 0.0im; 7.305089012268277e-17 + 0.0im -1.1148171053318907e-15 + 0.0im; 3.556984739235829e-17 + 0.0im 7.464409457106096e-16 + 0.0im; -2.0205485343521722e-16 + 0.0im 5.918759600644794e-16 + 0.0im; -3.556376015629398e-16 + 0.0im -9.669149145540174e-16 + 0.0im; 7.597243363530336e-17 + 0.0im 2.984225864098513e-16 + 0.0im; 1.3055317067739022e-16 + 0.0im -8.985004987467716e-8 + 0.0im; -1.727210343334052e-16 + 0.0im 8.81696794017483e-16 + 0.0im; 1.826545169707032e-17 + 0.0im 1.4974072968140623e-17 + 0.0im; 1.4398974028857833e-16 + 0.0im 1.3623282249932538e-15 + 0.0im; 3.177008370702937e-17 + 0.0im 2.466169814749386e-7 + 0.0im; 3.1777679426866327e-16 + 0.0im -4.6236450392069785e-17 + 0.0im; -4.492235585075095e-16 + 0.0im -6.972182342997066e-16 + 0.0im; -2.574108080034736e-16 + 0.0im 1.5241717031399697e-15 + 0.0im; 2.3498876376004903e-16 + 0.0im -5.494630414399593e-7 + 0.0im; 3.124560810646918e-16 + 0.0im -8.52354091644036e-16 + 0.0im; -1.7084378411406009e-16 + 0.0im 5.445650321472305e-16 + 0.0im; 5.665660601268134e-16 + 0.0im -4.0828522479976333e-16 + 0.0im; -5.719080982209292e-17 + 0.0im 1.3014664272361925e-7 + 0.0im; 1.9587418343122644e-16 + 0.0im 1.1691352894298928e-15 + 0.0im; -2.1157464387327037e-16 + 0.0im 6.492167592197038e-16 + 0.0im; 2.1428532139726362e-16 + 0.0im -1.3944257528561504e-15 + 0.0im], 2, 13, 226, [-3.0123338625647187e-18, -4.25350597383855e-7, -2.9248598046835856, -2.383110852245063, 0.7374659194300399, -0.5128663720116647, 2.1259066542448832, -0.972497207211372, -0.24757710559206672, 1.018926384310599, -0.028140545841165245, 0.10719650501892994, 0.0013479194375240332, 0.001403753540073682, -2.0029484889675166, -0.9768878719637945, 0.036030459844611035, -3.1947403868691753, -2.526194335682724, 0.004137976427663273, 0.18031651147049055, -0.7462880707919798, -0.05077420692261198, 0.43239760300111363, -2.439876990124652, -1.756856571453634, -0.4915574909114493, -0.22055160223226397, -2.0506652996842676, -0.7302461455994999, 0.1722060314620596, 0.8502742579090528, -0.07690065795414527, -0.06147496624929198, 0.052185544682640916, 0.7539120462074802, -0.03967032053194929, 0.06306087443611307, 0.06331183247603289, -0.8574767053875854, -0.015565890472482248, -0.05176216334431276, 0.27483505089766463, 0.6163920200173724, -0.11628501167618176, -0.017893874175380103, -0.6129494125640081, 0.2783364069446634, 0.4550713584369855, -0.7369407812122833, 0.242127640741129, 0.04463872506471083, 0.8705853403644178, 0.24409504352569947, 0.6171815413838587, -0.06977529938397545, -0.027206151597150962, -0.2840520928205793, 0.8361661360596832, 0.2918303794567331, -0.6256538116371134, 0.22138214065724504, -0.2968134169673524, -0.1845799011872146, 0.5356299667105586, 0.4077027660760048, -0.8393602520994988])
The first 2 eigvals are: ComplexF64[-75.01275983825875 + 0.0im, -74.68951538151275 + 0.0im]
NEW E0 FROM FULL MATRIX: -75.01275983825875 + 0.0im
NEW E1 FROM FULL MATRIX: -74.68951538151275 + 0.0im
Omega tilde, projection removed
65-element Vector{Float64}:
  2.4004511068961706e-6
 -2.5915065022449325e-18
  1.3698677000342235e-6
 -3.583431752621205e-19
  8.119938399398866e-20
 -1.6968616189691705e-7
 -4.4098994353075496e-7
  1.8405268603762036e-19
 -5.965211977242248e-21
  1.3689494246631431e-30
  2.5572216669660385e-8
 -1.4206051589279638e-20
 -3.108829386373436e-8
  3.9218698452724855e-21
  1.047389189201644e-20
 -3.253616975193595e-8
 -2.0314856805269237e-8
  1.0183689514004658e-20
 -1.1056185842540405e-24
  2.2109006788093655e-32
  3.714700293913759e-9
  2.1354093436242312e-20
  3.1392337002924705e-9
 -1.3396118160631878e-8
  3.264534762232686e-20
  2.4641327502898043e-20
 -1.0784909958634e-8
 -9.061820290473075e-33
 -1.1565722155029296e-23
  1.195688037315736e-7
 -3.9832497824573015e-21
 -1.6880470272675182e-20
  3.8577029688065196e-7
  1.0400413184905688e-6
  4.4517686643021365e-20
  1.5845914307314486e-21
  4.9635737215316516e-33
 -1.320668513141837e-8
  1.2095541180745978e-6
  3.6430206172302335e-20
  3.35464286791478e-20
 -4.770815961906179e-7
  3.193766553389694e-32
  7.383182448132473e-21
  8.426733776345432e-7
 -2.2160607538759666e-20
 -6.94386425370144e-21
  9.171040792095998e-7
  4.5257765661479777e-32
  1.723805217537121e-20
  2.0100894516274337e-6
 -6.1515494192853e-7
  3.019882392490029e-23
 -1.962609307486539e-21
  1.0325872514836913e-31
  7.804225524019905e-7
  2.0215849952280503e-20
  4.108858656740297e-21
  3.7459974084395463e-32
 -2.202307567168218e-6
  4.6517469921316585e-32
  4.975795211957945e-21
  2.4160800052604256e-7
  1.4104323741048746e-20
  5.905433305239637e-7
Omega_tilde on L1: 1.766582229745593e-37
Omega_tilde on R1: -4.8431121086132514e-21
DIIS dimension: 8
t at step 11 : 
2×5 Matrix{Float64}:
 -4.89331e-5    0.0032899     7.14481e-17  -0.0217787    -3.05379e-18
  1.19804e-16  -4.02079e-16  -0.00250133   -8.98074e-16   5.17028e-30
t2 at step 11 : 
2×5×2×5 Array{Float64, 4}:
[:, :, 1, 1] =
 -0.000522021  -0.000400132  7.12014e-18  -9.49024e-5   -9.34361e-22
 -1.16501e-18   5.72419e-18  0.000170991   1.94589e-18   1.67037e-32

[:, :, 2, 1] =
 -1.16501e-18   6.55655e-18  -0.000216183  -5.99062e-19  -1.74852e-33
 -0.000369562  -0.000746024   3.10427e-18   0.000418086   9.34378e-22

[:, :, 1, 2] =
 -0.000400132  -0.0318278     8.18872e-16  -0.0386743    -2.62668e-19
  6.55655e-18   2.25553e-18  -0.0316262    -5.24916e-16   4.38485e-31

[:, :, 2, 2] =
  5.72419e-18   2.25553e-18  -0.022195     -4.10109e-16   5.50086e-31
 -0.000746024  -0.0191734    -3.68102e-16   0.00339455   -4.65522e-20

[:, :, 1, 3] =
  7.12014e-18   8.18872e-16  -0.0584523     1.34e-15    9.45383e-31
 -0.000216183  -0.022195      1.25868e-15  -0.0553641  -4.33817e-19

[:, :, 2, 3] =
 0.000170991  -0.0316262     1.25868e-15  -0.0722548    -5.15425e-19
 3.10427e-18  -3.68102e-16  -0.100156     -1.41414e-15   1.36627e-30

[:, :, 1, 4] =
 -9.49024e-5   -0.0386743     1.34e-15   -0.0798177   -4.67606e-19
 -5.99062e-19  -4.10109e-16  -0.0722548  -1.0182e-15   8.25031e-31

[:, :, 2, 4] =
 1.94589e-18  -5.24916e-16  -0.0553641    -1.0182e-15   1.07645e-30
 0.000418086   0.00339455   -1.41414e-15  -0.0553808   -2.77086e-19

[:, :, 1, 5] =
 -9.34361e-22  -2.62668e-19   9.45383e-31  -4.67606e-19  -0.0264729
 -1.74852e-33   5.50086e-31  -5.15425e-19   1.07645e-30  -1.087e-16

[:, :, 2, 5] =
 1.67037e-32   4.38485e-31  -4.33817e-19   8.25031e-31  -1.087e-16
 9.34378e-22  -4.65522e-20   1.36627e-30  -2.77086e-19  -0.0127443
Module of t 0.022167441194621103
Module of t2 0.2184127260179322
 --------------Energy at step 11 : -75.0127598950071
 --------------E_2 at step 11 : 8.00236697416617
E1 - E0 83.01512686917326
 --------------Difference at step 11 : 4.3431553820028057e-7
 --------------Module of omegas 2.6271903275112645e-5
Omega_bj_0 2.492110614364771e-5
Omega_bjck_0 8.315730291076021e-6

######## END OF ITERATION 11 #########

global amplitudes = -(build_omega(F, g, L, t, t2, o, v)) = [4.671870555880704e-7, 9.791237471220875e-19, 1.1723123622489358e-8, -6.228980300501485e-20, -1.9062205353677638e-20, 3.546908972568266e-7, 4.1956653542843564e-7, -2.0726716315339963e-20, 9.862174188743223e-19, -1.9064270654986976e-30, 2.277263452939128e-8, 1.7527320525782258e-18, -3.448026409854045e-8, -4.205667396169271e-18, -1.432670797098001e-17, -2.8960362603721227e-8, 1.6888631690928012e-8, -3.3809883706894788e-18, 1.011370491414568e-21, -3.2423145129265725e-31, 2.953674125321751e-20, -1.2402199837519966e-8, 1.2503021150500532e-18, -4.171491413007235e-8, -8.550973677968006e-9, -2.0638955620550056e-18, -8.3819353633280735e-19, 3.329466214213346e-8, 7.898707325658545e-32, 6.43354378336149e-22, -3.4480264124139474e-8, -1.5519745057612987e-20, -5.372046766968108e-8, 4.950624718780423e-18, 5.260462301972501e-18, -2.517488497505954e-7, -3.379835816729669e-7, -5.7358324092543474e-18, 8.634450369942648e-20, -3.090114096654865e-31, 1.237413381589809e-21, -4.1714914120970776e-8, 1.9750999634748246e-20, -8.046558738286213e-8, -5.5435967466017e-7, 3.3890068739830906e-17, -1.5100266531384527e-17, 2.4277859142231674e-7, -4.480898615313696e-31, 1.6230288486967695e-20, -6.17129986802712e-21, -8.55097366527098e-9, 1.994189465338425e-20, -5.543596747191509e-7, -5.069812330246929e-7, 3.3804791505636455e-17, -3.647009391465927e-18, -7.794013228147587e-7, -6.065889253801166e-31, 1.3748381374226918e-19, -2.8960362604713943e-8, -2.3721278833216043e-20, -2.5174884971253975e-7, -5.820329934274055e-21, 7.498885100518537e-21, -4.7618489720219687e-7, -2.1282513097420176e-7, 1.7808312496335986e-17, 1.700635596952597e-19, -9.160696211569145e-31, 1.6888631678488493e-8, -2.1638882110938286e-20, -3.379835816625575e-7, -7.743162066972051e-21, 8.03938060304682e-21, -2.1282513070922518e-7, -3.0067922398446203e-7, 1.0428745421371369e-17, 1.5161091945434956e-19, -3.7772616573157794e-31, -6.585502453609221e-21, 3.3294662134754114e-8, -1.2650013603752386e-21, 2.427785913696243e-7, -7.794013228902186e-7, -2.4909511126953712e-20, -1.124794133208853e-20, 3.174956212384159e-7, -6.293381318739159e-31, 9.15692543503294e-20, 1.011370491414833e-21, 7.896955875791574e-32, 8.634450369942586e-20, -4.481049783769018e-31, -6.064956610720207e-31, 1.700635596952604e-19, 1.516109194543496e-19, -6.2927135745771785e-31, -7.573847805784346e-8, 6.3217136173418005e-18, -3.2421571355307582e-31, 6.43354378336128e-22, -3.091885659556079e-31, 1.6230288486967493e-20, 1.3748381374226896e-19, -9.162207490015848e-31, -3.7772513054027465e-31, 9.156925435032971e-20, 4.74499910270299e-21, -7.164388158371523e-8]
addition_t1 = reshape(amplitudes[1:n], (nv, no)) ./ pre_t[v, o] = [4.505067875969521e-8 1.3895580450292655e-8 -3.7173387647711126e-20 9.179409275933466e-7 7.71533615427825e-22; 9.391610175492074e-20 -6.929419937091551e-20 6.243994277817819e-7 -4.045554527782463e-20 -3.92638996673293e-30]
addition_t2 = reshape(amplitudes[n + 1:end], (nv, no, nv, no)) ./ pre_t2[v, o, v, o] = [1.097978454694311e-9 -1.5373875657741035e-9 -2.835281177804734e-22 7.799075538402272e-10 3.335902885229144e-23; 7.101622119739071e-22 5.490257853218519e-23 -1.3238046252465382e-9 -3.0257058264674563e-22 -1.492777534634472e-32;;; 7.101622119739071e-22 -6.885928619346525e-22 -3.908728161644121e-10 -9.941973621986277e-22 3.636432056074682e-33; -5.948003331289602e-10 -1.8418102416412733e-9 -1.0788709400395098e-21 1.5219932244690094e-9 4.40240025776889e-23;;;; -1.5373875657741035e-9 -3.18378063888781e-8 7.350765757905074e-21 -1.2992052989668557e-7 6.367872622311748e-22; -6.885928619346525e-22 5.667183167021679e-21 -8.916452390711431e-8 -4.664488302123655e-22 -1.162497817045924e-31;;; 5.490257853218519e-23 5.667183167021679e-21 -1.9634336572372327e-7 -2.8551660112145685e-21 -1.6830339923746643e-31; -1.8418102416412733e-9 -4.475691193113056e-8 -1.9837940712557668e-21 8.601537519286358e-8 5.636486455777859e-22;;;; -2.835281177804734e-22 7.350765757905073e-21 -4.943344580459096e-7 4.14458621556154e-21 -3.184867738186667e-31; -3.90872816164412e-10 -1.9634336572372324e-7 3.4689983064872706e-21 -3.8014946194265506e-7 -1.870491211041882e-21;;; -1.323804625246538e-9 -8.91645239071143e-8 3.4689983064872706e-21 -1.0380449269314749e-7 2.440943287206467e-21; -1.0788709400395098e-21 -1.9837940712557668e-21 -4.191390019181776e-7 -1.1528077729480814e-20 -4.347072374984505e-31;;;; 7.799075538402272e-10 -1.2992052989668557e-7 4.144586215561541e-21 -3.2891775495214906e-7 1.2159130981931293e-22; -9.941973621986277e-22 -2.855166011214568e-21 -1.0380449269314746e-7 -5.801456343803884e-21 -2.00758043814601e-31;;; -3.0257058264674563e-22 -4.664488302123654e-22 -3.8014946194265495e-7 -5.801456343803884e-21 -3.3354312242708552e-31; 1.5219932244690094e-9 8.601537519286357e-8 -1.1528077729480814e-20 3.098527109915675e-7 1.6441049815728664e-21;;;; 3.335902885229144e-23 6.367872622311748e-22 -3.184867738186667e-31 1.2159130981931293e-22 -8.753806766750919e-8; 3.636432056074682e-33 -1.6830339923746643e-31 2.440943287206467e-21 -3.3354312242708552e-31 2.5774989831252457e-21;;; -1.492777534634472e-32 -1.162497817045924e-31 -1.870491211041882e-21 -2.00758043814601e-31 2.5774989831252457e-21; 4.40240025776889e-23 5.636486455777859e-22 -4.347072374984505e-31 1.6441049815728664e-21 -7.342628088005305e-8]
(d, V, nconv, niter, nmult, resid) = eigs(A_imp, nev = n_ev, which = :SM, tol = 1.0e-12, maxiter = 1000) = (ComplexF64[0.3232444665690678 + 0.0im, 0.3948539868176513 + 0.0im], ComplexF64[2.237516920518969e-16 + 0.0im -1.6858903960561917e-15 + 0.0im; -1.4136882127050166e-16 + 0.0im 2.2388626500267405e-16 + 0.0im; -1.403610174868161e-16 + 0.0im 3.409366742476016e-14 + 0.0im; 1.5023813411730477e-16 + 0.0im -1.5541389291752884e-14 + 0.0im; 1.0489671938965608e-15 + 0.0im -1.9067059266556705e-13 + 0.0im; -3.45146503165598e-16 + 0.0im 1.2281226089051965e-14 + 0.0im; 1.3328518419135914e-15 + 0.0im -3.9628577064794423e-14 + 0.0im; -3.4265720677926654e-15 + 0.0im 4.738362407299389e-13 + 0.0im; 0.9587957225162312 + 0.0im -6.865208961929995e-15 + 0.0im; 7.353352009386901e-15 + 0.0im 0.9597669016053879 + 0.0im; -3.795700893693715e-18 + 0.0im -2.093987842968295e-16 + 0.0im; 5.953131245085548e-18 + 0.0im -6.857157600976153e-17 + 0.0im; -5.814643295242512e-17 + 0.0im -7.746290885391114e-16 + 0.0im; 8.580659805099656e-17 + 0.0im 2.146909314888127e-15 + 0.0im; 7.576604645345578e-17 + 0.0im -2.061770584493973e-15 + 0.0im; -1.1898017591594706e-18 + 0.0im 2.2537465035109846e-15 + 0.0im; 3.630315885939096e-17 + 0.0im -3.429780007068668e-16 + 0.0im; 5.678025257383882e-17 + 0.0im 1.406435657595329e-15 + 0.0im; 0.0002826278302772778 + 0.0im -2.882919712151073e-17 + 0.0im; -1.5376376218192554e-18 + 0.0im 0.00012979502360010962 + 0.0im; 6.417195061629917e-17 + 0.0im -1.0730061265333112e-16 + 0.0im; -5.784235307969464e-17 + 0.0im -4.26844981890824e-16 + 0.0im; -7.327937973021126e-17 + 0.0im 1.6592743523222208e-15 + 0.0im; -1.3377271132273996e-17 + 0.0im 1.1031574963536796e-15 + 0.0im; 3.5817346771405904e-17 + 0.0im 9.665426006613684e-16 + 0.0im; -2.3423222518179752e-17 + 0.0im -5.633778309064827e-16 + 0.0im; -1.433846508022862e-16 + 0.0im -1.0764894644837345e-15 + 0.0im; 5.585497662806169e-17 + 0.0im 0.00030647590665526785 + 0.0im; -0.0003088302469245345 + 0.0im 1.5294992014330745e-16 + 0.0im; -1.4380275394035932e-15 + 0.0im -4.82334634038613e-16 + 0.0im; 5.464643079108811e-17 + 0.0im 5.0893372831959194e-14 + 0.0im; 4.6624043872584053e-17 + 0.0im 2.8353104683121778e-14 + 0.0im; 1.6142183781782396e-16 + 0.0im 4.941509733342308e-15 + 0.0im; -1.865873363984369e-16 + 0.0im 4.166180893382223e-15 + 0.0im; -5.764138129753896e-16 + 0.0im 2.9015191411907445e-14 + 0.0im; 0.08239170467230703 + 0.0im -2.0920230738590652e-15 + 0.0im; 1.96706298779399e-16 + 0.0im 0.05834168902689412 + 0.0im; 3.864908913134214e-16 + 0.0im 2.0903617371073947e-14 + 0.0im; 2.294486509652775e-16 + 0.0im -6.257189864023512e-15 + 0.0im; 6.424605184231201e-17 + 0.0im -3.6421132603533765e-14 + 0.0im; -7.273121536500899e-17 + 0.0im 9.648183896138793e-15 + 0.0im; -1.7503843405983837e-16 + 0.0im -1.4491253915532602e-15 + 0.0im; 4.919045397948888e-16 + 0.0im 0.059164651109308665 + 0.0im; 0.01426388546401569 + 0.0im 1.7664752189518625e-15 + 0.0im; -2.425514045356738e-17 + 0.0im -1.8485556878282587e-14 + 0.0im; 2.4411995763432804e-16 + 0.0im -6.600400143250646e-14 + 0.0im; -3.601577274539268e-16 + 0.0im 7.287921652482294e-14 + 0.0im; -2.951783805883455e-16 + 0.0im -1.032956497427429e-15 + 0.0im; -3.689564661597167e-15 + 0.0im 0.11537649414681965 + 0.0im; 0.13734722411160216 + 0.0im -8.421182700637381e-15 + 0.0im; -1.4901709596488638e-16 + 0.0im -3.090764238705786e-14 + 0.0im; 2.757500823875398e-16 + 0.0im -1.0001384707371908e-14 + 0.0im; 4.227371665193882e-17 + 0.0im 2.726657462050595e-14 + 0.0im; 0.16064005918874158 + 0.0im -4.2843989115204964e-15 + 0.0im; 2.229530479446985e-15 + 0.0im 0.15443985076895478 + 0.0im; -1.7173545994033476e-16 + 0.0im -1.2426449054494435e-14 + 0.0im; -9.464948969387137e-16 + 0.0im 1.1815779867312073e-13 + 0.0im; 0.14723559355629803 + 0.0im 6.8655860596149605e-15 + 0.0im; 1.5103060101495974e-15 + 0.0im 0.1360083504021708 + 0.0im; 5.883126733662058e-17 + 0.0im -3.7667065556402034e-14 + 0.0im; 1.6660439842189157e-15 + 0.0im 0.12759898472519113 + 0.0im; 0.0858541041851104 + 0.0im 9.484700808783408e-15 + 0.0im; 1.0141315014085452e-15 + 0.0im 5.400615892558708e-15 + 0.0im; 3.2933680569874526e-16 + 0.0im 5.225518650045906e-15 + 0.0im; -1.806474396873526e-16 + 0.0im 4.106844325662698e-14 + 0.0im], 2, 9, 162, [1.4072413029030792, 0.4718700327375092, -1.0294901064492896, 0.48286346571727723, 0.9761166940904968, 0.0657322443928386, -0.20873491035298164, -3.2473052308148382, 0.002436001291156901, 0.033107066286596695, -0.010783950532012263, -0.009398522067683915, 0.5698679963909058, -1.4437244514426348, 1.8109053249247447, -2.021398737123089, 0.1396532558608805, -1.316980338747026, 0.01508853063498293, -0.5994214365490942, -0.0672835736020255, 0.434406976842765, -1.544805174883634, -0.8831203385497376, -0.6572135924998928, 0.5680955368106791, 0.9601277254256361, 0.570848736181618, -0.21092350568646426, -0.02590269711385031, -4.781851886665945, -1.1434932195313774, -0.08238531072419134, -0.05292442961494257, -0.9072978624758304, 0.07284265393248116, 0.30821995276315617, -1.817260634423301, 0.4820315674418244, 0.20523456867898388, -0.20532407236437236, 0.10980462016634226, -0.8562178710775008, -0.05785080519507091, 0.826202250730707, 0.7668048579834789, -0.48541177371182304, -0.415982786935342, -0.36072083743743455, 0.24885417594878873, 1.4503830172405099, 0.014825721811403424, -1.1509852327989543, 0.11390648443474627, 0.12966061243519209, 0.4514774257276992, -1.0240910937030467, -0.286010041095652, 0.2421948911612549, 1.066472262677115, -0.08262639866968516, -0.2090523390743818, -0.2042656984525556, -0.6713447575264534, -1.2455877329077876])
[2.237516920518969e-16, -1.4136882127050166e-16, -1.403610174868161e-16, 1.5023813411730477e-16, 1.0489671938965608e-15, -3.45146503165598e-16, 1.3328518419135914e-15, -3.4265720677926654e-15, 0.9587957225162312, 7.353352009386901e-15, -3.795700893693715e-18, 5.953131245085548e-18, -5.814643295242512e-17, 8.580659805099656e-17, 7.576604645345578e-17, -1.1898017591594706e-18, 3.630315885939096e-17, 5.678025257383882e-17, 0.0002826278302772778, -1.5376376218192554e-18, 6.417195061629917e-17, -5.784235307969464e-17, -7.327937973021126e-17, -1.3377271132273996e-17, 3.5817346771405904e-17, -2.3423222518179752e-17, -1.433846508022862e-16, 5.585497662806169e-17, -0.0003088302469245345, -1.4380275394035932e-15, 5.464643079108811e-17, 4.6624043872584053e-17, 1.6142183781782396e-16, -1.865873363984369e-16, -5.764138129753896e-16, 0.08239170467230703, 1.96706298779399e-16, 3.864908913134214e-16, 2.294486509652775e-16, 6.424605184231201e-17, -7.273121536500899e-17, -1.7503843405983837e-16, 4.919045397948888e-16, 0.01426388546401569, -2.425514045356738e-17, 2.4411995763432804e-16, -3.601577274539268e-16, -2.951783805883455e-16, -3.689564661597167e-15, 0.13734722411160216, -1.4901709596488638e-16, 2.757500823875398e-16, 4.227371665193882e-17, 0.16064005918874158, 2.229530479446985e-15, -1.7173545994033476e-16, -9.464948969387137e-16, 0.14723559355629803, 1.5103060101495974e-15, 5.883126733662058e-17, 1.6660439842189157e-15, 0.0858541041851104, 1.0141315014085452e-15, 3.2933680569874526e-16, -1.806474396873526e-16]
(d, V, nconv, niter, nmult, resid) = eigs(A_imp, nev = n_ev, which = :SM, tol = 1.0e-12, maxiter = 1000) = (ComplexF64[0.3232444665690705 + 0.0im, 0.3948539868176494 + 0.0im], ComplexF64[-6.425672091000306e-17 + 0.0im -5.712420515087876e-17 + 0.0im; 1.3105945251498964e-16 + 0.0im -1.7638160631565302e-16 + 0.0im; 4.832736454093013e-16 + 0.0im -1.035174074870182e-15 + 0.0im; -4.2235446070772526e-16 + 0.0im 1.3227427923500052e-15 + 0.0im; -3.1213016397892685e-20 + 0.0im 6.057500061294863e-14 + 0.0im; 2.3069125740691802e-15 + 0.0im -2.4778647199057654e-15 + 0.0im; -5.61489590346178e-15 + 0.0im 2.5457540274109306e-15 + 0.0im; 3.7227387325347904e-15 + 0.0im -2.7762088069340447e-14 + 0.0im; 0.9557936129222043 + 0.0im -7.68561494530629e-15 + 0.0im; 7.373967172388119e-15 + 0.0im 0.9607758772331854 + 0.0im; -1.6048519946114694e-16 + 0.0im 1.6475774371633124e-16 + 0.0im; 6.717761057938069e-17 + 0.0im 2.0676322098195258e-16 + 0.0im; -1.0279020958452103e-16 + 0.0im -1.4681044453890767e-17 + 0.0im; -2.0721867041407409e-16 + 0.0im -1.763840701668674e-16 + 0.0im; 4.422228953424777e-17 + 0.0im -8.165256374195337e-17 + 0.0im; 3.155359622266493e-17 + 0.0im -1.1549397400575275e-16 + 0.0im; 2.619134632777513e-16 + 0.0im -3.152272090846935e-17 + 0.0im; 8.663976552169628e-18 + 0.0im -1.5903852339293728e-16 + 0.0im; 0.0002504132329882847 + 0.0im -8.574318340048315e-17 + 0.0im; -1.4095825643202524e-16 + 0.0im -6.060271492346457e-5 + 0.0im; -9.418631658231926e-16 + 0.0im -4.66960590962413e-16 + 0.0im; -5.084407366090123e-17 + 0.0im 1.1160911974963432e-16 + 0.0im; -1.9513176770545263e-17 + 0.0im -8.86826127592571e-18 + 0.0im; -6.075050137031656e-17 + 0.0im 7.092271569062751e-17 + 0.0im; -1.584809232231771e-16 + 0.0im -1.1765020576185974e-16 + 0.0im; 2.42562995645765e-17 + 0.0im -1.9063339331735585e-16 + 0.0im; 7.671666107330152e-17 + 0.0im -2.0426382501333177e-16 + 0.0im; 1.5765597888309283e-16 + 0.0im 0.00046010149455096954 + 0.0im; -0.0003195670786750798 + 0.0im 1.0729590544109457e-16 + 0.0im; -1.850591260521516e-16 + 0.0im -1.838430675356279e-15 + 0.0im; -3.958350160252759e-16 + 0.0im 1.004879073675846e-15 + 0.0im; -9.038311434628224e-16 + 0.0im -8.047169637583067e-18 + 0.0im; 3.8007507798419864e-16 + 0.0im 5.247676686090623e-15 + 0.0im; 1.7741195428329971e-15 + 0.0im 6.212523126660951e-16 + 0.0im; 6.871419824015003e-16 + 0.0im -6.620708367992276e-15 + 0.0im; 0.08497010599891129 + 0.0im 3.3878279538013284e-16 + 0.0im; 8.095077148052237e-16 + 0.0im 0.06896892157553719 + 0.0im; 1.9429109410772507e-16 + 0.0im -5.426110337716847e-16 + 0.0im; -1.430641058251911e-15 + 0.0im 8.201209023629944e-17 + 0.0im; -1.8633210773841886e-16 + 0.0im 8.345628495360979e-15 + 0.0im; 7.319040364891876e-16 + 0.0im -4.411211541158483e-16 + 0.0im; -7.374667635530077e-16 + 0.0im -1.2016883324839787e-15 + 0.0im; -2.7281280021515094e-16 + 0.0im 0.05288273591172061 + 0.0im; 0.01684741557338886 + 0.0im -4.783831672678132e-16 + 0.0im; 1.333932260403822e-15 + 0.0im 2.0533832418405238e-15 + 0.0im; -3.481883517635448e-16 + 0.0im 1.2010079750452261e-14 + 0.0im; 3.281489176469606e-16 + 0.0im -1.0520641999591181e-14 + 0.0im; 1.0756653533879168e-15 + 0.0im 1.9575398332078314e-15 + 0.0im; -4.903330875748341e-15 + 0.0im 0.10895786641588993 + 0.0im; 0.08512983725906477 + 0.0im -1.953319848274971e-15 + 0.0im; 3.3359134312747965e-16 + 0.0im 1.6716090136034078e-16 + 0.0im; -1.3922423945984902e-15 + 0.0im 5.396136569212344e-16 + 0.0im; -1.522538447990164e-16 + 0.0im -3.982797525736849e-15 + 0.0im; 0.21479510267401622 + 0.0im -6.213481253307678e-17 + 0.0im; 2.6279799977889414e-15 + 0.0im 0.15548103983015593 + 0.0im; -6.514287657740132e-16 + 0.0im 2.4079522086649452e-15 + 0.0im; 6.7432976339227e-16 + 0.0im -6.981666583214058e-15 + 0.0im; 0.14167252389914062 + 0.0im -1.7234401342113164e-15 + 0.0im; 6.373730497268974e-16 + 0.0im 0.16065583360516972 + 0.0im; -1.2991494405482474e-15 + 0.0im 1.2575125081782184e-15 + 0.0im; 1.69579378700941e-15 + 0.0im 0.08660101147206162 + 0.0im; 0.0741587553144948 + 0.0im 2.9727296221446227e-15 + 0.0im; 3.2396793280004387e-17 + 0.0im 5.7265591551221755e-15 + 0.0im; -3.7196237814159004e-16 + 0.0im 1.0469279793967135e-14 + 0.0im; 2.9420003492893544e-16 + 0.0im -3.260397739368658e-16 + 0.0im], 2, 10, 180, [0.05865282390367067, 0.18362959553034905, 0.13687119628980285, 0.1575711442225132, -1.4774476253975581, 0.12665723146202065, -0.03297743369671574, 0.05903113693809649, 0.020468965647392964, -0.01941062411018421, 0.002314343250790143, -0.0004482012114814844, 0.16880616924786565, 0.2682666231632532, -0.030100377741157366, 0.06712727150599627, 0.06800440270036498, 0.03072618353388843, 0.030937728055154462, 0.062301972564671015, -0.005936469309932148, -0.22776584813626807, -0.2822438446441617, -0.045538361126373696, -0.10876179505176456, -0.043428914230814665, 0.1109905883344124, -0.05850569972864926, -0.010381997316430748, 0.2532374918372446, -0.1410289380787393, -0.3514108957584019, -1.0758680338069622, -0.04267148665023992, 0.34792602820214424, -0.2350735769907869, 0.5609909814173119, 0.3267058503007216, 0.018176588802302836, -0.95873308037699, 0.1269387279521623, 0.25220104158624734, -0.5562502989291311, 0.1465239905444564, -0.1577882135039747, -0.5061834191108758, 0.35479287725718717, -0.09194970502553337, 0.10970716875694, 0.04568108001784558, -0.014269727419805435, -0.10741494063822647, 0.7543833972257233, -0.05144729307986903, 0.05192309441323283, -0.16532056833321998, -0.13597921113737957, 0.04577774774442463, -0.12802992545018504, -0.08567461271212518, 0.11486340372477793, -0.018785924325366854, -0.3632045667352963, -0.6808184283974555, -0.039156680237765154])
[6.425672091000306e-17, -1.3105945251498964e-16, -4.832736454093013e-16, 4.2235446070772526e-16, 3.1213016397892685e-20, -2.3069125740691802e-15, 5.61489590346178e-15, -3.7227387325347904e-15, -0.9557936129222043, -7.373967172388119e-15, 1.6048519946114694e-16, -6.717761057938069e-17, 1.0279020958452103e-16, 2.0721867041407409e-16, -4.422228953424777e-17, -3.155359622266493e-17, -2.619134632777513e-16, -8.663976552169628e-18, -0.0002504132329882847, 1.4095825643202524e-16, 9.418631658231926e-16, 5.084407366090123e-17, 1.9513176770545263e-17, 6.075050137031656e-17, 1.584809232231771e-16, -2.42562995645765e-17, -7.671666107330152e-17, -1.5765597888309283e-16, 0.0003195670786750798, 1.850591260521516e-16, 3.958350160252759e-16, 9.038311434628224e-16, -3.8007507798419864e-16, -1.7741195428329971e-15, -6.871419824015003e-16, -0.08497010599891129, -8.095077148052237e-16, -1.9429109410772507e-16, 1.430641058251911e-15, 1.8633210773841886e-16, -7.319040364891876e-16, 7.374667635530077e-16, 2.7281280021515094e-16, -0.01684741557338886, -1.333932260403822e-15, 3.481883517635448e-16, -3.281489176469606e-16, -1.0756653533879168e-15, 4.903330875748341e-15, -0.08512983725906477, -3.3359134312747965e-16, 1.3922423945984902e-15, 1.522538447990164e-16, -0.21479510267401622, -2.6279799977889414e-15, 6.514287657740132e-16, -6.7432976339227e-16, -0.14167252389914062, -6.373730497268974e-16, 1.2991494405482474e-15, -1.69579378700941e-15, -0.0741587553144948, -3.2396793280004387e-17, 3.7196237814159004e-16, -2.9420003492893544e-16]
Projection L1|R2: -5.807109963962576e-16
scalar = l1_vec' * r1_vec = -0.9970752551249412
Check <L1|R1>: 0.9999999999999999
t before projection
65-element Vector{Float64}:
 -4.888808048975185e-5
  1.198977742487684e-16
  0.0032899163471425265
 -4.0214814941332165e-16
  7.141096489449253e-17
 -0.002500704290721009
 -0.021777809095074836
 -8.981143443391076e-16
 -3.0530199571740785e-18
  1.2438865212920604e-30
 -0.0005220195829123422
 -1.1643033977627399e-18
 -0.00040013373402503785
  5.724246783961583e-18
  7.119859713390982e-18
  0.00017098922818680707
 -9.49016202686174e-5
  1.945589858471202e-18
 -9.010023989050243e-22
  1.775898035866683e-33
 -0.00036956299348783007
  6.555863912283025e-18
 -0.0007460259113740344
 -0.0002161832641125441
  3.1031873198308643e-18
 -6.000561601270957e-19
  0.0004180876194722007
  1.8879074206766574e-33
  9.784022349212723e-22
 -0.03182782775971354
  2.2611992802869308e-18
  8.18879149728783e-16
 -0.03162623924730385
 -0.038674455094741926
 -5.249163276665348e-16
 -2.620316796250218e-19
  3.2223560324099203e-31
 -0.019173405860126027
 -0.022195158631632166
 -3.681042398713004e-16
 -4.101113569019052e-16
  0.0033946358579730203
  3.817830042969375e-31
 -4.598856869203249e-20
 -0.058452815298595535
  1.258685207239281e-15
  1.34000449245619e-15
 -0.05536452700189756
  6.268960795306793e-31
 -4.3568782616746e-19
 -0.10015688634648857
 -0.07225494818945119
 -1.4141556343963596e-15
 -5.129838598555476e-19
  9.315629105983467e-31
 -0.07981802327061052
 -1.0182023404359612e-15
 -4.674847392169322e-19
  6.242729327339819e-31
 -0.05538044725659817
  7.429104834969668e-31
 -2.7544231423816848e-19
 -0.026472997838671887
 -1.0869774389777742e-16
 -0.012744343905515123
t after projection
65-element Vector{Float64}:
 -4.888808048975185e-5
  1.1989777424876842e-16
  0.0032899163471425265
 -4.0214814941332165e-16
  7.14109648944924e-17
 -0.002500704290721009
 -0.021777809095074836
 -8.981143443391072e-16
 -1.1384867202069056e-16
  3.941544964197877e-31
 -0.0005220195829123422
 -1.1643033977627406e-18
 -0.00040013373402503785
  5.724246783961573e-18
  7.119859713390972e-18
  0.00017098922818680707
 -9.49016202686174e-5
  1.9455898584711954e-18
 -3.3560654514048616e-20
  1.9535829784942565e-33
 -0.00036956299348783007
  6.555863912283032e-18
 -0.0007460259113740344
 -0.0002161832641125441
  3.10318731983086e-18
 -6.00056160127093e-19
  0.0004180876194722007
 -4.566531633617105e-33
  3.6665929600127426e-20
 -0.03182782775971354
  2.2611992802869246e-18
  8.18879149728783e-16
 -0.03162623924730385
 -0.038674455094741926
 -5.249163276665347e-16
 -9.782978039122781e-18
  2.995047940326776e-31
 -0.019173405860126027
 -0.022195158631632166
 -3.681042398713004e-16
 -4.101113569019052e-16
  0.0033946358579730203
  3.249399427774843e-31
 -1.6942817909411323e-18
 -0.058452815298595535
  1.258685207239281e-15
  1.34000449245619e-15
 -0.05536452700189756
  1.0532514677664101e-30
 -1.6307134576704336e-17
 -0.10015688634648857
 -0.07225494818945119
 -1.4141556343963596e-15
 -1.907608305540625e-17
  6.739248366428891e-31
 -0.07981802327061052
 -1.018202340435961e-15
 -1.7481602774931018e-17
  4.497463518572719e-31
 -0.05538044725659817
  5.503872741593189e-31
 -1.0196493516422017e-17
 -0.026472997838671887
 -1.0869774389777746e-16
 -0.012744343905515123
Omega original restricted
65-element Vector{Float64}:
  4.671870555880704e-7
  9.791237471220875e-19
  1.1723123622489358e-8
 -6.228980300501485e-20
 -1.9062205353677638e-20
  3.546908972568266e-7
  4.1956653542843564e-7
 -2.0726716315339963e-20
  9.862174188743223e-19
 -1.9064270654986976e-30
  2.277263452939128e-8
  2.953674125321751e-20
 -3.4480264124139474e-8
  1.237413381589809e-21
 -6.17129986802712e-21
 -2.8960362604713943e-8
  1.6888631678488493e-8
 -6.585502453609221e-21
  1.011370491414833e-21
 -3.2421571355307582e-31
 -1.2402199837519966e-8
 -1.5519745057612987e-20
 -4.1714914120970776e-8
 -8.55097366527098e-9
 -2.3721278833216043e-20
 -2.1638882110938286e-20
  3.3294662134754114e-8
  7.896955875791574e-32
  6.43354378336128e-22
 -5.372046766968108e-8
  1.9750999634748246e-20
  1.994189465338425e-20
 -2.5174884971253975e-7
 -3.379835816625575e-7
 -1.2650013603752386e-21
  8.634450369942586e-20
 -3.091885659556079e-31
 -8.046558738286213e-8
 -5.543596747191509e-7
 -5.820329934274055e-21
 -7.743162066972051e-21
  2.427785913696243e-7
 -4.481049783769018e-31
  1.6230288486967493e-20
 -5.069812330246929e-7
  7.498885100518537e-21
  8.03938060304682e-21
 -7.794013228902186e-7
 -6.064956610720207e-31
  1.3748381374226896e-19
 -4.7618489720219687e-7
 -2.1282513070922518e-7
 -2.4909511126953712e-20
  1.700635596952604e-19
 -9.162207490015848e-31
 -3.0067922398446203e-7
 -1.124794133208853e-20
  1.516109194543496e-19
 -3.7772513054027465e-31
  3.174956212384159e-7
 -6.2927135745771785e-31
  9.156925435032971e-20
 -7.573847805784346e-8
  4.74499910270299e-21
 -7.164388158371523e-8
Omega restricted
65-element Vector{Float64}:
 -4.505067875969521e-8
 -9.391610175492074e-20
 -1.3895580450292655e-8
  6.929419937091551e-20
  3.7173387647711126e-20
 -6.243994277817819e-7
 -9.179409275933466e-7
  4.045554527782463e-20
 -7.71533615427825e-22
  3.92638996673293e-30
 -1.097978454694311e-9
 -7.101622119739071e-22
  1.5373875657741035e-9
 -5.490257853218519e-23
  2.835281177804734e-22
  1.323804625246538e-9
 -7.799075538402272e-10
  3.0257058264674563e-22
 -3.335902885229144e-23
  1.492777534634472e-32
  5.948003331289602e-10
  6.885928619346525e-22
  1.8418102416412733e-9
  3.90872816164412e-10
  1.0788709400395098e-21
  9.941973621986277e-22
 -1.5219932244690094e-9
 -3.636432056074682e-33
 -4.40240025776889e-23
  3.18378063888781e-8
 -5.667183167021679e-21
 -7.350765757905073e-21
  8.91645239071143e-8
  1.2992052989668557e-7
  4.664488302123654e-22
 -6.367872622311748e-22
  1.162497817045924e-31
  4.475691193113056e-8
  1.9634336572372324e-7
  1.9837940712557668e-21
  2.855166011214568e-21
 -8.601537519286357e-8
  1.6830339923746643e-31
 -5.636486455777859e-22
  4.943344580459096e-7
 -3.4689983064872706e-21
 -4.144586215561541e-21
  3.8014946194265495e-7
  3.184867738186667e-31
  1.870491211041882e-21
  4.191390019181776e-7
  1.0380449269314746e-7
  1.1528077729480814e-20
 -2.440943287206467e-21
  4.347072374984505e-31
  3.2891775495214906e-7
  5.801456343803884e-21
 -1.2159130981931293e-22
  2.00758043814601e-31
 -3.098527109915675e-7
  3.3354312242708552e-31
 -1.6441049815728664e-21
  8.753806766750919e-8
 -2.5774989831252457e-21
  7.342628088005305e-8
Omega resricted on L2-2.5772855056854326e-21
Omega resricted on L1 (<L1|H|HF>): 3.740766263548226e-21
Omega resricted on R1 (<R1|H|HF>): 3.740766263548226e-21
<L1[D]|R1[S]H[S]|HF> additional: 1.0787452725456605e-7
<L1|H|R1> with nuclear repulsion : -74.6895155242147
<HF|H|R1>: -1.5570644970203044e-16
L1 * A * R1: 0.3232444665690687
Reduced matrix[-75.01276009865829 -1.5570644970203044e-16; -1.0264880176953076e-18 -74.6895155242147]
Matrix
2×2 Matrix{Float64}:
 -75.0128        -1.55706e-16
  -1.02649e-18  -74.6895
NEW E0 FROM MATRIX: -75.01276009865829
NEW E1 FROM MATRIX: -74.6895155242147
[1.0 -4.816985713373575e-16; 0.0 1.0]
Evaluating remaining element <mu_tilde|H|R1>
Norm of element <mu_tilde|H|R1>: 5.561151115198933e-7
65-element Vector{Float64}:
 -2.4137108002507623e-23
  1.5250094763090607e-23
  1.5141378406360165e-23
 -1.6206867693512344e-23
 -1.131568401471402e-22
  3.723251586255547e-23
 -1.4378076234680627e-22
  3.6963984191683464e-22
 -1.0342963530013853e-7
 -7.932393717490252e-22
  9.209726398224544e-23
 -5.857157148030718e-23
 -3.539011279345348e-23
  5.230745494703359e-23
  4.2166709415399166e-22
 -5.896371607703843e-23
  5.84917695286884e-22
 -1.4102480218070416e-21
  3.92859835730895e-7
  3.0133842104737283e-21
 -6.922518835864996e-24
 -3.776876419998603e-24
  7.904978446044675e-24
  1.44306680030412e-24
 -5.588728492536276e-23
 -2.442932006852046e-23
  1.5467551417747304e-23
  8.705932763058313e-19
  3.331491688889506e-11
  1.4518135533901062e-22
  4.750064232650031e-24
  6.929431953726453e-23
 -9.352106354277864e-23
  8.780242112518148e-23
 -1.8060709562561582e-22
  5.904686097553299e-8
  4.997972204677945e-22
 -4.169252218863533e-23
 -2.4751664752107607e-23
  4.835688638823547e-23
  3.6493127788150053e-23
  1.8882188325677742e-23
 -2.6419514105026056e-20
 -1.538709901243969e-9
  2.6165118099110483e-24
  3.5968396506921516e-22
  2.38868035670203e-22
  3.184222826176332e-23
 -9.321638634454227e-21
 -1.4816266870766019e-8
 -1.1093822566918873e-22
  3.9492873985954186e-22
 -1.2655334298436441e-21
  3.3550635892384114e-7
  2.465512515637606e-21
  2.726729609383569e-22
 -5.512732191116795e-22
  1.6693939995479076e-7
  1.2392074913471497e-21
 -6.34639515170023e-24
 -7.093457855207418e-21
 -9.261470901833044e-9
 -3.528445674500903e-17
 -3.5527052501859784e-23
  1.9487257156020895e-23
Evaluating remaining element <HF|H|nu_tilde>
Norm of element <HF|H|nu_tilde>: 0.6310595073200577
65-element Vector{Float64}:
  0.0002121411480520268
 -4.977167005257103e-15
 -0.0025368653647226975
  1.2009304313703276e-15
  2.402999562710307e-16
 -0.006432541322570497
 -0.004494451780964622
  6.333278260341984e-16
  1.4138073509655552e-16
  1.1637776860533013e-30
  0.05239336012754763
 -4.9873299934333096e-18
  0.019651963684992408
 -2.6454533008646313e-16
  4.77048955893622e-17
 -0.029156979521037844
 -0.003541965152492765
 -1.3140530330524314e-16
  3.910532857635436e-20
 -2.2012490584242592e-32
  0.039043531449969804
 -1.5525775109992423e-16
  0.03820659895705575
  0.02369421286935847
  2.272487753529617e-16
  4.917941054394248e-16
 -0.0224954053985897
  2.462006014090542e-32
 -4.990461352479454e-20
  0.19030556275555352
 -1.9862583799934449e-16
 -2.581268532253489e-15
  0.2150135516546591
  0.1205037915945526
  2.8622937353617317e-15
  1.3269202568102852e-17
  1.2641530479354908e-31
  0.1356328370711587
 -0.016737182000169673
  1.797173521111972e-15
  9.99200722162641e-16
 -0.03437710461989834
 -4.2603316386031033e-32
  2.630946111743956e-18
  0.14998000751864307
 -3.5318969970887792e-15
 -3.1988300897012323e-15
  0.01676122299106253
 -7.65719777371721e-31
  1.3294146710781242e-17
  0.31889801799346934
  0.2912998997620643
  3.899658373995862e-15
  3.354308782496388e-17
  4.103937323089928e-31
  0.19114032976697187
  2.2273849431542203e-15
  2.2124032868408755e-17
  9.953420687016747e-32
  0.14190557721937125
  2.6482056258522776e-31
  1.1580867587466744e-17
  0.06920626869936716
  8.153200337090987e-17
  0.0500826884913902
Evaluating remaining element <L1|H|nu_tilde>
Norm of element <L1|H|nu_tilde>: 3.308885492774119e-8
65-element Vector{Float64}:
 -9.246986812048294e-21
 -4.403716620310623e-23
 -3.135759320016706e-18
  3.601134396192975e-24
 -1.1180440874767136e-22
 -7.928148219982835e-18
 -5.228737651396627e-18
 -2.7761190131943223e-22
  9.102211757507463e-9
 -1.863898717419732e-21
  1.7363047507438745e-23
 -7.268010058512537e-24
  1.1120971269052807e-23
  2.2419186510086335e-23
 -4.784451878733814e-24
 -3.413813810147073e-24
 -2.833666855883726e-23
 -9.373639250457863e-25
 -2.709244762424051e-11
  1.5250408830301594e-23
  1.019010784085041e-22
  5.5008690484238004e-24
  2.1111492924308713e-24
  6.572654954695039e-24
  1.7146202940745073e-23
 -2.6243122924015816e-24
 -8.300049071816704e-24
 -1.7056951422125475e-23
  3.4574268452662775e-11
  2.002172417218143e-23
  4.282576967490735e-23
  9.778635746685769e-23
 -4.112068687699013e-23
 -1.9194369330950322e-22
 -7.43425494989731e-23
 -9.19299718681148e-9
 -8.75814153392013e-23
 -2.1020539642232835e-23
  1.5478242693983844e-22
  2.0159449280596235e-23
 -7.91853990219487e-23
  7.978723579321687e-23
  2.951587826589482e-23
 -1.8227380341645344e-9
 -1.4431940943378996e-22
  3.767083141315377e-23
 -3.550274583419247e-23
 -1.1637726529107066e-22
  5.304960658438854e-22
 -9.210278664902792e-9
 -3.60915670618897e-23
  1.5062803872537935e-22
  1.6472489359216792e-23
 -2.3238887976065537e-8
 -2.8432367410463298e-22
  7.047870237145883e-23
 -7.295638324763084e-23
 -1.532768611198354e-8
 -6.89580009840625e-23
  1.4055622282453983e-22
 -1.8346955473481032e-22
 -8.02330679677305e-9
 -3.505040107736353e-24
  4.0242966107387906e-23
 -3.182978368293663e-23
Building the whole matrix...
(d, V, nconv, niter, nmult, resid) = eigs(A_imp, nev = n_ev, which = :SM, tol = 1.0e-12, maxiter = 1000) = (ComplexF64[1.528292604721534e-15 + 0.0im, 0.3232445744436017 + 0.0im], ComplexF64[0.9999999999999999 + 0.0im 3.3992535773591918e-15 + 0.0im; 5.846722098129115e-15 + 0.0im -0.9999999999999262 + 0.0im; -6.057878847054446e-17 + 0.0im 4.2799801703416226e-17 + 0.0im; 2.6012147662047546e-17 + 0.0im -2.705562637511873e-16 + 0.0im; -9.024288711529308e-17 + 0.0im -6.19684783227334e-16 + 0.0im; -1.0907891601592319e-16 + 0.0im 1.8876442260918266e-15 + 0.0im; 7.416536185021778e-16 + 0.0im 2.4583793286548858e-14 + 0.0im; -2.8783065591633823e-16 + 0.0im -5.614262048564269e-15 + 0.0im; 1.537347953889444e-15 + 0.0im 9.307855952559997e-15 + 0.0im; -1.6790308833723001e-15 + 0.0im 1.4943144325334892e-14 + 0.0im; 1.1102230246251565e-16 + 0.0im -1.0082460155284411e-7 + 0.0im; -1.1945406005802772e-15 + 0.0im 4.1082493467520024e-14 + 0.0im; 4.3833995757162295e-16 + 0.0im 1.543896981643042e-16 + 0.0im; -1.01883859144408e-16 + 0.0im 1.2709262743014997e-16 + 0.0im; 3.686915185068123e-17 + 0.0im 7.067770220206919e-17 + 0.0im; 4.0230266412684404e-16 + 0.0im 6.123560583066337e-17 + 0.0im; 5.94821976120507e-17 + 0.0im -7.605724546660637e-17 + 0.0im; 1.3105196201264116e-16 + 0.0im 2.59583123536425e-17 + 0.0im; 4.6612615360670736e-17 + 0.0im -1.2749698186057723e-16 + 0.0im; 9.614540451416698e-17 + 0.0im -1.3109176006112388e-16 + 0.0im; -3.279711571768651e-17 + 0.0im 1.9842094302669658e-8 + 0.0im; 1.1144644344165354e-16 + 0.0im -3.8730704276171867e-16 + 0.0im; 1.8094923275595448e-17 + 0.0im -1.1587981795353532e-16 + 0.0im; -4.262732778301922e-17 + 0.0im 4.240079636403742e-17 + 0.0im; 1.2705972905793759e-17 + 0.0im 7.708893808029892e-17 + 0.0im; 2.4558398939547514e-18 + 0.0im 4.647872400928606e-17 + 0.0im; -1.6395201614661876e-16 + 0.0im 7.839712446244419e-17 + 0.0im; -3.453229451936232e-17 + 0.0im -2.3204914296738446e-16 + 0.0im; -5.0075067362752715e-17 + 0.0im -1.352359210257045e-16 + 0.0im; -4.753306585920766e-17 + 0.0im -3.8736218720697574e-16 + 0.0im; 5.204170427930421e-17 + 0.0im 8.709873936083048e-11 + 0.0im; 3.613335975685418e-17 + 0.0im 1.260132101884866e-15 + 0.0im; 6.660120721224429e-16 + 0.0im 1.9965500553734196e-15 + 0.0im; 2.307262424665417e-16 + 0.0im -2.93073158922644e-15 + 0.0im; -9.037219033141323e-17 + 0.0im -1.6379788801836581e-15 + 0.0im; -3.0316013737955864e-17 + 0.0im -6.39918696193502e-16 + 0.0im; -6.66690805344311e-17 + 0.0im -2.4256282158472317e-15 + 0.0im; -4.163336342344337e-17 + 0.0im 3.4901490234387635e-8 + 0.0im; -1.0633056148611874e-16 + 0.0im 3.0431429081878164e-15 + 0.0im; -9.691706704924023e-17 + 0.0im 1.169340521702739e-15 + 0.0im; 8.601730760231428e-17 + 0.0im -4.926202844922939e-16 + 0.0im; 1.5594686625117653e-16 + 0.0im -1.9479396292013047e-15 + 0.0im; -4.185900010156977e-18 + 0.0im -1.3114701954947453e-15 + 0.0im; 5.509502300471627e-16 + 0.0im 1.222334203974702e-15 + 0.0im; -4.545566353778039e-17 + 0.0im 2.7687279912668703e-15 + 0.0im; 5.0306980803327406e-17 + 0.0im 2.116348475105903e-8 + 0.0im; -1.9401506247151167e-16 + 0.0im 5.683426857942361e-17 + 0.0im; 2.5120517306140137e-16 + 0.0im 3.018157175869102e-15 + 0.0im; -2.907341122075159e-16 + 0.0im -7.03653300776958e-16 + 0.0im; 1.3069260078025375e-16 + 0.0im 2.759354184010208e-16 + 0.0im; -1.8107992887848768e-17 + 0.0im 4.664985241498298e-15 + 0.0im; 0.0 + 0.0im -2.5518430257970795e-8 + 0.0im; 5.173935312661211e-17 + 0.0im 1.0886975086391219e-16 + 0.0im; 1.3480970347004275e-16 + 0.0im 1.370602465905116e-15 + 0.0im; 8.932415165050252e-17 + 0.0im 1.9717134334887752e-15 + 0.0im; 1.1102230246251565e-16 + 0.0im 3.326325035255274e-7 + 0.0im; 4.490758451825311e-17 + 0.0im 6.54534495188163e-15 + 0.0im; 1.3457290982846112e-16 + 0.0im 1.5114852993657165e-15 + 0.0im; -3.56208053141527e-16 + 0.0im 9.86555965582612e-16 + 0.0im; -5.273559366969494e-16 + 0.0im 1.5995560237392933e-7 + 0.0im; -1.411461585542937e-16 + 0.0im 5.431836529155246e-15 + 0.0im; 1.2049844160084113e-16 + 0.0im 5.524258334922884e-16 + 0.0im; -2.7226920353278254e-16 + 0.0im 5.409369608652323e-15 + 0.0im; 2.0816681711721685e-16 + 0.0im 1.4882518110154557e-8 + 0.0im; 1.235774866606796e-16 + 0.0im 2.0558834593904026e-15 + 0.0im; -2.2417688272671413e-16 + 0.0im -9.606606042950936e-16 + 0.0im; -1.4897781394449369e-16 + 0.0im 8.736941504424569e-16 + 0.0im], 2, 12, 210, [2.0002073691682486e-15, 9.599653610974246e-8, 0.8084870311215601, -1.1855970606285497, -0.010302447141131743, 1.052338181715998, 3.917385818994162, -0.9681636135578083, 0.5029184091911063, 2.543931850272218, -0.12175903509687226, 1.3430713829017287, 0.0028759125690140585, 0.03947454981736195, -0.03661744163777122, -0.0672243855770842, -0.5874560353667643, -0.2101288922024938, -1.8955924856658437, -0.8653803078623503, 0.32415439117953765, -3.8290441426544355, 0.008738240947272213, 0.6977399295295629, -0.18942207746628564, 0.6249000149378915, 1.4967700519473703, -1.8969565849775294, -1.3940326791429258, -3.9077281163096296, -0.8351803549363234, 1.5213045592066412, 1.7837141146851656, -1.9046903415825178, -1.1762696868043432, -0.4192837406976024, -1.02145174221861, 0.18270668532231404, 0.4881151367665377, 1.6379270351180821, -0.48430801860130146, -1.3284345879933162, -0.43253831673560644, 0.5483861541110288, 0.28459882608679304, 0.13101003184210488, 0.5105678973032758, 0.9318328128933075, -0.23419522481419539, -0.16954817085680246, 0.06344392720100578, 0.31018871526063624, 0.22314452458966852, 0.2628322759685446, -0.07252885118428708, -0.06345795602270794, 0.15815838977255373, 0.4952955580350301, -0.17699484538328455, 0.6368270294720334, 0.05220735012272752, -0.03499461503062304, 0.14067624677825552, -0.31102769561517013, 0.7712051693463474, -0.45309815698140465, 0.5477632721305498])
The first 2 eigvals are: ComplexF64[-75.01276009865829 + 0.0im, -74.68951552421468 + 0.0im]
NEW E0 FROM FULL MATRIX: -75.01276009865829 + 0.0im
NEW E1 FROM FULL MATRIX: -74.68951552421468 + 0.0im
Omega tilde, projection removed
65-element Vector{Float64}:
 -4.505067875969521e-8
 -9.391610175492074e-20
 -1.3895580450292655e-8
  6.929419937091551e-20
  3.717338764771112e-20
 -6.243994277817819e-7
 -9.179409275933466e-7
  4.0455545277824643e-20
 -4.3581643078508895e-21
  3.926362459561809e-30
 -1.097978454694311e-9
 -7.101622119739071e-22
  1.5373875657741035e-9
 -5.490257853218551e-23
  2.8352811778047313e-22
  1.323804625246538e-9
 -7.799075538402272e-10
  3.025705826467454e-22
 -3.441627350493251e-23
  1.4927781098287663e-32
  5.948003331289602e-10
  6.885928619346526e-22
  1.8418102416412733e-9
  3.90872816164412e-10
  1.0788709400395096e-21
  9.941973621986277e-22
 -1.5219932244690094e-9
 -3.6366409964869036e-33
 -4.286874080883033e-23
  3.18378063888781e-8
 -5.667183167021679e-21
 -7.350765757905073e-21
  8.91645239071143e-8
  1.2992052989668557e-7
  4.664488302123676e-22
 -9.449953714655697e-22
  1.162490458723061e-31
  4.475691193113056e-8
  1.9634336572372324e-7
  1.9837940712557664e-21
  2.8551660112145685e-21
 -8.601537519286357e-8
  1.6830155913755907e-31
 -6.170065071086917e-22
  4.943344580459096e-7
 -3.468998306487271e-21
 -4.144586215561539e-21
  3.8014946194265495e-7
  3.1850057561767995e-31
  1.3567073486932032e-21
  4.191390019181776e-7
  1.0380449269314746e-7
  1.1528077729480814e-20
 -3.041860201194102e-21
  4.346988973460495e-31
  3.2891775495214906e-7
  5.801456343803888e-21
 -6.723652509882113e-22
  2.0075239411283056e-31
 -3.098527109915675e-7
  3.3353689014595576e-31
 -1.965265118095682e-21
  8.753806766750919e-8
 -2.5774989831252468e-21
  7.342628088005305e-8
Omega_tilde on L1: -8.031801397180348e-37
Omega_tilde on R1: -5.9868409879106116e-21
DIIS dimension: 8
t at step 12 : 
2×5 Matrix{Float64}:
 -4.88925e-5    0.00328989    7.14156e-17  -0.0217777    -1.35532e-16
  1.19892e-16  -4.02136e-16  -0.0025008    -8.98107e-16   2.44811e-31
t2 at step 12 : 
2×5×2×5 Array{Float64, 4}:
[:, :, 1, 1] =
 -0.00052202   -0.000400132  7.11989e-18  -9.49019e-5  -3.99594e-20
 -1.16437e-18   5.72427e-18  0.00017099    1.9456e-18   2.00792e-33

[:, :, 2, 1] =
 -1.16437e-18   6.55593e-18  -0.000216183  -6.00016e-19  -3.98948e-33
 -0.000369563  -0.000746026   3.10329e-18   0.000418088   4.36477e-20

[:, :, 1, 2] =
 -0.000400132  -0.0318279    8.18881e-16  -0.0386746    -1.16471e-17
  6.55593e-18   2.2608e-18  -0.0316263    -5.24919e-16   3.02098e-31

[:, :, 2, 2] =
  5.72427e-18   2.2608e-18  -0.0221953    -4.10115e-16   3.35511e-31
 -0.000746026  -0.0191734   -3.68106e-16   0.00339472   -2.01805e-18

[:, :, 1, 3] =
  7.11989e-18   8.18881e-16  -0.0584528     1.34e-15    1.17173e-30
 -0.000216183  -0.0221953     1.25869e-15  -0.0553645  -1.94165e-17

[:, :, 2, 3] =
 0.00017099   -0.0316263     1.25869e-15  -0.0722548    -2.27099e-17
 3.10329e-18  -3.68106e-16  -0.100157     -1.41416e-15   6.63604e-31

[:, :, 1, 4] =
 -9.49019e-5   -0.0386746     1.34e-15   -0.079818     -2.08129e-17
 -6.00016e-19  -4.10115e-16  -0.0722548  -1.01821e-15   4.30356e-31

[:, :, 2, 4] =
 1.9456e-18   -5.24919e-16  -0.0553645    -1.01821e-15   5.51413e-31
 0.000418088   0.00339472   -1.41416e-15  -0.0553801    -1.21395e-17

[:, :, 1, 5] =
 -3.99594e-20  -1.16471e-17   1.17173e-30  -2.08129e-17  -0.026473
 -3.98948e-33   3.35511e-31  -2.27099e-17   5.51413e-31  -1.08697e-16

[:, :, 2, 5] =
 2.00792e-33   3.02098e-31  -1.94165e-17   4.30356e-31  -1.08697e-16
 4.36477e-20  -2.01805e-18   6.63604e-31  -1.21395e-17  -0.0127445
Module of t 0.02216639679407125
Module of t2 0.21841346731073755
 --------------Energy at step 12 : -75.01276009155512
 --------------E_2 at step 12 : 8.00236697416617
E1 - E0 83.01512706572129
 --------------Difference at step 12 : 1.9654802940749505e-7
 --------------Module of omegas 1.902593659053373e-6
Omega_bj_0 7.212786471155184e-7
Omega_bjck_0 1.7605736976012423e-6

######## END OF ITERATION 12 #########

global amplitudes = -(build_omega(F, g, L, t, t2, o, v)) = [-3.2419037417542187e-7, -7.833576162741228e-19, -8.936665421766325e-8, 1.0822444940379528e-20, 6.654851696610087e-21, -3.0131635734216703e-7, -1.6436269044817597e-7, 2.1587907672409885e-21, 4.3808953407924854e-17, 6.488468287409336e-32, 7.099106661505044e-9, 1.7039941479146555e-18, 2.5332039609653334e-8, -4.2046115156545916e-18, -1.4313110124175578e-17, -1.3895224841722139e-9, -1.8201305239376858e-8, -3.367758630105189e-18, 1.3048780990119562e-20, -1.8901777984364282e-34, -1.9201879016812835e-20, 1.1108122625510591e-8, 1.2800795363318071e-18, 2.1091345132300105e-8, -1.7594825615169765e-8, -2.0193076411774356e-18, -8.00554324388841e-19, -9.875449919757027e-9, 1.2892152354658663e-31, -1.3975919723241332e-20, 2.5332039584920826e-8, 1.4256985252862733e-20, 7.160219824850071e-8, 4.9307926438063684e-18, 5.244766807586455e-18, -4.825573606730765e-8, -8.959843165286008e-8, -5.733378730461008e-18, 3.765731414918716e-18, -4.533031847805156e-31, 2.2927262789971304e-21, 2.1091345144004195e-8, -9.039454721910929e-23, 2.30737235186784e-8, -4.948839780729858e-8, 3.389527605885631e-17, -1.5093511985538815e-17, -7.936881846324656e-8, -4.190650040239886e-31, 6.546338940521335e-19, 7.420508353465483e-21, -1.7594825603018234e-8, 4.213922226155585e-21, -4.9488397883409965e-8, -1.3907604280554378e-7, 3.3801321995242695e-17, -3.650609856603708e-18, -3.5018095318081426e-7, -7.142254157055625e-31, 6.2773692954934044e-18, -1.3895224852157622e-9, 2.086832156502465e-20, -4.825573603966052e-8, -6.234673645548033e-22, 3.939887684849221e-21, -9.351274306136345e-8, -1.8856500334265032e-7, 1.7827833341346157e-17, 7.342734691029325e-18, -8.373931847011353e-31, -1.8201305251375943e-8, 1.600535872090994e-20, -8.959843164657107e-8, -9.752087102945416e-22, 4.393074956436844e-21, -1.8856500308136003e-7, -1.3884846996339694e-7, 1.0432684103015421e-17, 6.728167598637897e-18, -4.7496255947773805e-31, 6.639294393006693e-21, -9.875449927138923e-9, 1.2403668600595341e-21, -7.936881851474595e-8, -3.5018095325714326e-7, -5.3408814297648225e-21, -7.289236312382809e-21, 2.4543615667050325e-8, -5.502822006884431e-31, 3.926433749611848e-18, 1.3048780990131527e-20, 1.2814406154689367e-31, 3.765731414918685e-18, -4.197413636461694e-31, -7.100586980150194e-31, 7.34273469102936e-18, 6.728167598637902e-18, -5.4732957530027e-31, 8.332043514638447e-9, 6.314724593148399e-18, 5.09598696007517e-34, -1.397591972324203e-20, -4.611601349553943e-31, 6.546338940521234e-19, 6.277369295493389e-18, -8.44098591738886e-31, -4.749062869109574e-31, 3.926433749611859e-18, -2.2618835139790234e-21, 5.1179924799469296e-8]
addition_t1 = reshape(amplitudes[1:n], (nv, no)) ./ pre_t[v, o] = [-3.126156050188146e-8 -1.0592753034462444e-7 1.2977689478441613e-20 -3.5959788923030337e-7 -2.5435107632697414e-21; -7.513850401109575e-20 1.2039412892645677e-20 -5.304386511208074e-7 4.2136465953928836e-21 -5.557107035197947e-31]
addition_t2 = reshape(amplitudes[n + 1:end], (nv, no, nv, no)) ./ pre_t2[v, o, v, o] = [3.42282143589899e-10 1.1294914253945443e-9 3.4092052102856723e-22 -8.405260843826014e-10 6.235676432593551e-24; -4.616775005655018e-22 1.017255724384655e-22 -6.351634190219973e-11 3.05042050626458e-22 2.670157186481395e-35;;; -4.616775005655018e-22 6.325656923736016e-22 -8.042755483279218e-10 7.353654102736131e-22 5.7833175232028566e-33; 5.32737346974748e-10 9.312318223541352e-10 9.491151747003327e-22 -4.514347620304937e-10 6.2032390426896536e-24;;;; 1.1294914253945443e-9 4.243553758450306e-8 1.5532904844238152e-21 -3.444154198311477e-8 4.013174215339494e-22; 6.325656923736016e-22 -2.5937039434883992e-23 -1.7091238886202497e-8 4.573652559152744e-22 -1.7654553021844648e-31;;; 1.017255724384655e-22 -2.5937039434883992e-23 -1.7527823627550415e-8 -3.5959246873321724e-22 -1.6605739768084668e-31; 9.312318223541352e-10 1.2834164827941035e-8 -2.1250184704271975e-22 -2.812001941623563e-8 1.0373447138083056e-21;;;; 3.4092052102856723e-22 1.553290484423815e-21 -1.3560675577137132e-7 2.2647861579715757e-21 -2.8637357552687003e-31; -8.042755483279217e-10 -1.752782362755041e-8 1.8225994295483573e-21 -1.7079917245921791e-7 7.9504023851787785e-22;;; -6.351634190219972e-11 -1.7091238886202494e-8 1.8225994295483573e-21 -9.197172542224552e-8 1.3200576487233127e-21; 9.491151747003327e-22 -2.1250184704271975e-22 -8.231012370123115e-8 -2.471750487293543e-21 -4.479399425399278e-31;;;; -8.405260843826014e-10 -3.444154198311477e-8 2.264786157971576e-21 -1.518885356085044e-7 3.159651399463691e-22; 7.353654102736131e-22 -3.595924687332172e-22 -9.19717254222455e-8 -3.7596378748053366e-21 -2.8780586909083664e-31;;; 3.05042050626458e-22 4.573652559152744e-22 -1.707991724592179e-7 -3.7596378748053366e-21 -3.2989304322103503e-31; -4.514347620304937e-10 -2.8120019416235622e-8 -2.471750487293543e-21 2.3952789718192448e-8 1.759658023521958e-21;;;; 6.235676432593551e-24 4.013174215339494e-22 -2.8637357552687003e-31 3.159651399463691e-22 9.630124709345383e-9; 5.7833175232028566e-33 -1.6605739768084668e-31 1.3200576487233127e-21 -3.2989304322103503e-31 -1.2286624994189788e-21;;; 2.670157186481395e-35 -1.7654553021844648e-31 7.9504023851787785e-22 -2.8780586909083664e-31 -1.2286624994189788e-21; 6.2032390426896536e-24 1.0373447138083056e-21 -4.479399425399278e-31 1.759658023521958e-21 5.245320955083503e-8]
(d, V, nconv, niter, nmult, resid) = eigs(A_imp, nev = n_ev, which = :SM, tol = 1.0e-12, maxiter = 1000) = (ComplexF64[0.3232446453159659 + 0.0im, 0.3948541374996158 + 0.0im], ComplexF64[-3.662840695395141e-18 + 0.0im 9.105260461570329e-17 + 0.0im; 5.5256453004617503e-17 + 0.0im 4.21115308687876e-17 + 0.0im; 5.274790902011851e-17 + 0.0im 1.5930976192372453e-15 + 0.0im; 1.9040150012015932e-16 + 0.0im 2.4410243287360685e-15 + 0.0im; 2.8009254189419177e-16 + 0.0im -2.5849211610364302e-14 + 0.0im; -3.68804733102223e-16 + 0.0im 1.179054322010115e-14 + 0.0im; -1.8771168411443494e-15 + 0.0im -1.9146087442634306e-14 + 0.0im; -5.866147318739676e-15 + 0.0im 4.669930021975988e-14 + 0.0im; 0.9587957120582566 + 0.0im 2.5820081939411982e-14 + 0.0im; 9.626539329437631e-15 + 0.0im -0.9597669144395825 + 0.0im; -2.1557314301065446e-16 + 0.0im -1.9205784993326557e-17 + 0.0im; -9.066331713284583e-17 + 0.0im -1.9345057336068912e-16 + 0.0im; 7.815448283381525e-17 + 0.0im -1.3733216052320966e-16 + 0.0im; -1.0085404038608443e-17 + 0.0im 1.7989671951007325e-16 + 0.0im; 1.2709468750974835e-16 + 0.0im 7.689747388553866e-17 + 0.0im; -1.674704438372291e-17 + 0.0im 4.6084476374655446e-17 + 0.0im; 3.361869328377665e-17 + 0.0im 8.151550496349428e-17 + 0.0im; 4.6075841959251224e-17 + 0.0im 9.924203987518536e-18 + 0.0im; 0.0002826284334244962 + 0.0im -8.184854762432321e-17 + 0.0im; -8.55636539002256e-17 + 0.0im -0.0001297955413192349 + 0.0im; -3.828167379061791e-16 + 0.0im 1.357240515810582e-16 + 0.0im; 1.3966508743857022e-16 + 0.0im -1.337116284949815e-16 + 0.0im; 1.1466292886160396e-16 + 0.0im -1.454748553167662e-16 + 0.0im; 2.6131346274517187e-17 + 0.0im 3.7063733103144933e-17 + 0.0im; 3.9604013623811975e-16 + 0.0im -2.2643780632636784e-17 + 0.0im; 4.148512720584172e-17 + 0.0im 1.9331578209810944e-16 + 0.0im; 2.2046618127302584e-17 + 0.0im -1.011547430591182e-16 + 0.0im; 6.143159872200427e-17 + 0.0im -0.000306476037855195 + 0.0im; -0.00030883043214000895 + 0.0im 5.4820128342843974e-17 + 0.0im; -8.452487168598244e-16 + 0.0im 1.6995772516821844e-15 + 0.0im; -3.372359470658234e-16 + 0.0im -3.9188680797025875e-16 + 0.0im; -1.785007838294453e-16 + 0.0im 3.1495994143861004e-15 + 0.0im; -1.5387108785069662e-16 + 0.0im 2.3681790003951597e-15 + 0.0im; -1.5865020447545598e-16 + 0.0im 3.1863054971911187e-15 + 0.0im; 2.825308755636322e-17 + 0.0im 5.487984539557504e-15 + 0.0im; 0.08239172276139091 + 0.0im 2.2764779297175656e-15 + 0.0im; 3.018734685206871e-16 + 0.0im -0.058341679018555165 + 0.0im; 1.3692383798653575e-15 + 0.0im 1.0468328870016328e-15 + 0.0im; 6.185423379679529e-17 + 0.0im -2.421281420746583e-16 + 0.0im; 3.2827313744306814e-16 + 0.0im -4.672309328593354e-15 + 0.0im; -1.0815082236564255e-16 + 0.0im 1.4913607338913305e-15 + 0.0im; 1.2265507611183868e-16 + 0.0im 2.1801496915133147e-15 + 0.0im; 2.940245185001118e-16 + 0.0im -0.05916464613067873 + 0.0im; 0.014263846720839777 + 0.0im 2.664072199850354e-16 + 0.0im; 5.783208384095261e-16 + 0.0im 2.5233913833914585e-15 + 0.0im; 1.7878216403116077e-16 + 0.0im -7.827754486504695e-15 + 0.0im; -8.727200274440223e-16 + 0.0im 9.497131003640612e-15 + 0.0im; -2.6023212048625253e-16 + 0.0im 2.663755333080241e-15 + 0.0im; -3.778001995931109e-15 + 0.0im -0.1153764858946239 + 0.0im; 0.1373472804907722 + 0.0im 1.7207361806950136e-16 + 0.0im; -1.3350855057237148e-16 + 0.0im 9.695739792057083e-16 + 0.0im; -2.5990509159710473e-16 + 0.0im -2.0431150587261526e-15 + 0.0im; -5.150619926343719e-16 + 0.0im -4.152888706365978e-15 + 0.0im; 0.16064005169242404 + 0.0im 6.934828747967732e-15 + 0.0im; 2.1241121978313773e-15 + 0.0im -0.15443985422970852 + 0.0im; -3.7893441067257006e-16 + 0.0im -3.070852302968163e-15 + 0.0im; -1.6231802274304787e-15 + 0.0im 1.1752269702711222e-14 + 0.0im; 0.14723569066396586 + 0.0im 5.2855837455202115e-15 + 0.0im; 1.4898193054062538e-15 + 0.0im -0.13600827440574095 + 0.0im; -2.362404250238033e-16 + 0.0im -2.385762525914355e-15 + 0.0im; 1.5445258055186802e-15 + 0.0im -0.12759897935130918 + 0.0im; 0.08585396734873749 + 0.0im 1.3920431168247464e-15 + 0.0im; -1.4093097996074613e-15 + 0.0im -7.611761179499892e-15 + 0.0im; 5.194471507047383e-16 + 0.0im 6.4586360790289e-15 + 0.0im; 1.1947713864791797e-15 + 0.0im 4.3680143488512534e-15 + 0.0im], 2, 9, 162, [0.005649387101425278, -0.019663177592078092, 0.03584765937094732, -0.17369055495670965, 0.4353841965920348, -0.389244262742787, -0.131221838368116, -1.0695956885547961, 0.07356947168912026, 0.0379703494110592, 0.01312583781782924, 0.0035245944047561126, 0.3487707613158885, -0.043448751738952476, 0.017771934285932926, 0.037979697424611804, -0.06910112546135994, 0.023382140102607116, 0.1305109460787807, -0.06678915502524221, -0.00511772248302195, 0.2021671366369496, -0.11650834854773572, -0.013633262459819512, -0.04468687339348037, -0.060906623294429606, 0.03229951583185333, 0.0626135148980682, -0.024118287534706212, -0.37436404909501125, -0.11920036949502691, -0.3897001700568532, -0.08909477900343345, -0.5776366196941113, -0.6455539535950764, 0.01869438677203898, 0.10842837742273227, -0.18666761847056856, 0.20682059513671383, 0.5344598969050744, -0.11315522194643719, -0.6517333865820237, -0.7114606431662301, -0.09613026403698899, -0.08437591973542762, 0.1989152440791259, -0.2699785756317966, -0.38123553354900813, 0.127142094582577, 0.2597474133050743, -0.12225874604627654, 0.14897612750113515, 0.3000941405521521, -0.3354105991930144, 0.10926808371456605, 0.21550912134382516, -0.3370232764062681, -0.2175217753214818, -0.1937438444963313, 0.035466071660832925, -0.04607851231652441, -0.2390077079621933, 0.4689352022957343, -0.6145829133747682, -0.20493677940229973])
[3.662840695395141e-18, -5.5256453004617503e-17, -5.274790902011851e-17, -1.9040150012015932e-16, -2.8009254189419177e-16, 3.68804733102223e-16, 1.8771168411443494e-15, 5.866147318739676e-15, -0.9587957120582566, -9.626539329437631e-15, 2.1557314301065446e-16, 9.066331713284583e-17, -7.815448283381525e-17, 1.0085404038608443e-17, -1.2709468750974835e-16, 1.674704438372291e-17, -3.361869328377665e-17, -4.6075841959251224e-17, -0.0002826284334244962, 8.55636539002256e-17, 3.828167379061791e-16, -1.3966508743857022e-16, -1.1466292886160396e-16, -2.6131346274517187e-17, -3.9604013623811975e-16, -4.148512720584172e-17, -2.2046618127302584e-17, -6.143159872200427e-17, 0.00030883043214000895, 8.452487168598244e-16, 3.372359470658234e-16, 1.785007838294453e-16, 1.5387108785069662e-16, 1.5865020447545598e-16, -2.825308755636322e-17, -0.08239172276139091, -3.018734685206871e-16, -1.3692383798653575e-15, -6.185423379679529e-17, -3.2827313744306814e-16, 1.0815082236564255e-16, -1.2265507611183868e-16, -2.940245185001118e-16, -0.014263846720839777, -5.783208384095261e-16, -1.7878216403116077e-16, 8.727200274440223e-16, 2.6023212048625253e-16, 3.778001995931109e-15, -0.1373472804907722, 1.3350855057237148e-16, 2.5990509159710473e-16, 5.150619926343719e-16, -0.16064005169242404, -2.1241121978313773e-15, 3.7893441067257006e-16, 1.6231802274304787e-15, -0.14723569066396586, -1.4898193054062538e-15, 2.362404250238033e-16, -1.5445258055186802e-15, -0.08585396734873749, 1.4093097996074613e-15, -5.194471507047383e-16, -1.1947713864791797e-15]
(d, V, nconv, niter, nmult, resid) = eigs(A_imp, nev = n_ev, which = :SM, tol = 1.0e-12, maxiter = 1000) = (ComplexF64[0.32324464531595476 + 0.0im, 0.3948541374996182 + 0.0im], ComplexF64[1.756517401243124e-16 + 0.0im -3.2297656251655756e-17 + 0.0im; 2.933661669345444e-16 + 0.0im -2.009769215859965e-16 + 0.0im; -4.815473486597931e-16 + 0.0im 1.266045359270181e-15 + 0.0im; -4.9876923340585e-16 + 0.0im -1.0249099469341758e-15 + 0.0im; 4.855670252522002e-16 + 0.0im 1.1869982712258642e-14 + 0.0im; -7.49745116640833e-16 + 0.0im 3.876713969095287e-15 + 0.0im; 3.993280754094414e-15 + 0.0im -1.1300006394399536e-14 + 0.0im; -2.882287123295878e-15 + 0.0im -9.545015350598352e-17 + 0.0im; 0.9557935377762474 + 0.0im -7.431941893404602e-15 + 0.0im; 5.36744292776921e-15 + 0.0im 0.9607758462991366 + 0.0im; -2.1756411865426335e-16 + 0.0im 7.199166916613927e-17 + 0.0im; 1.1207511626579865e-16 + 0.0im -1.0657655025395028e-17 + 0.0im; -4.152620494716042e-16 + 0.0im -1.6877434925088007e-16 + 0.0im; 6.52237279728517e-17 + 0.0im -5.696165652425284e-16 + 0.0im; -9.932052414291391e-17 + 0.0im -2.157332227896342e-16 + 0.0im; 2.7114662302039285e-16 + 0.0im 2.6022099518766546e-16 + 0.0im; 2.881621831418341e-17 + 0.0im -2.6580057823595915e-16 + 0.0im; 1.7215372689640277e-16 + 0.0im 1.0134566700307985e-16 + 0.0im; 0.00025041304391055396 + 0.0im 2.2651022479152864e-18 + 0.0im; -9.065864550029413e-17 + 0.0im -6.060283182441187e-5 + 0.0im; -2.1920867573268342e-16 + 0.0im -2.752647024299408e-16 + 0.0im; -4.087637359004826e-17 + 0.0im 4.289385297639471e-16 + 0.0im; 1.5642031804653529e-16 + 0.0im -2.9886963870364715e-16 + 0.0im; 6.628400691421029e-17 + 0.0im 1.284250730364735e-16 + 0.0im; 1.6214109830007324e-16 + 0.0im 1.511019479754085e-16 + 0.0im; 7.099814350403349e-17 + 0.0im -2.7209307639895453e-16 + 0.0im; 3.8059844007909173e-17 + 0.0im -2.0025670486268663e-16 + 0.0im; 2.4626712068571195e-16 + 0.0im 0.0004601013869557475 + 0.0im; -0.0003195670690310232 + 0.0im 1.6397568274349914e-16 + 0.0im; -5.435150809997137e-16 + 0.0im -8.927946660792013e-18 + 0.0im; -9.82598637825433e-16 + 0.0im 5.693199900963838e-16 + 0.0im; -1.405068002174549e-16 + 0.0im -1.0358767774040409e-16 + 0.0im; -1.0223806477331943e-15 + 0.0im 1.696747649106278e-15 + 0.0im; 2.183087746068525e-16 + 0.0im 5.450191047681767e-16 + 0.0im; -1.223763367909735e-15 + 0.0im -6.7640322623982805e-16 + 0.0im; 0.08497016412085294 + 0.0im -1.0026716191732056e-15 + 0.0im; 9.05519489741861e-16 + 0.0im 0.06896899663571295 + 0.0im; -2.943375416247748e-16 + 0.0im 5.85401869617482e-16 + 0.0im; -4.3688057944485364e-16 + 0.0im -3.8141761404257306e-16 + 0.0im; 5.963916719089193e-16 + 0.0im -4.2426089573926813e-16 + 0.0im; 2.1985752206768346e-16 + 0.0im -1.7581995937067302e-16 + 0.0im; 5.021078316183648e-16 + 0.0im -6.299766644741493e-16 + 0.0im; -8.719267640151702e-16 + 0.0im 0.05288269521655675 + 0.0im; 0.016847425141578002 + 0.0im 4.48873392078132e-16 + 0.0im; -2.000385140307282e-16 + 0.0im 1.4179656016209854e-15 + 0.0im; 7.156744881482434e-16 + 0.0im 1.9258696245890673e-15 + 0.0im; -3.235106589454095e-16 + 0.0im -1.5177507196574229e-15 + 0.0im; 6.8592004901429e-16 + 0.0im -4.603171833693605e-16 + 0.0im; -3.71968997314617e-15 + 0.0im 0.10895779189215513 + 0.0im; 0.08512977305397534 + 0.0im -1.1555906943685722e-15 + 0.0im; 3.8788554085867425e-16 + 0.0im -7.821806507356872e-16 + 0.0im; 3.652099501825289e-16 + 0.0im -7.340669645329346e-16 + 0.0im; 7.252275419826537e-16 + 0.0im 1.6084535247713225e-15 + 0.0im; 0.21479534525135283 + 0.0im -5.8506221840349e-16 + 0.0im; 1.4971273009096594e-15 + 0.0im 0.15548113733579663 + 0.0im; 1.132314785313733e-15 + 0.0im -2.2359436025914893e-15 + 0.0im; -1.819384131243775e-16 + 0.0im 2.782791964329421e-16 + 0.0im; 0.14167266162684797 + 0.0im -1.0791775335321675e-15 + 0.0im; 1.6090594076244111e-15 + 0.0im 0.16065601134563234 + 0.0im; 3.48965378439021e-16 + 0.0im -2.3950991780438624e-15 + 0.0im; 4.900959887981529e-16 + 0.0im 0.08660090870855976 + 0.0im; 0.07415876304544083 + 0.0im 2.9479442650133735e-15 + 0.0im; -8.594498367584887e-16 + 0.0im 9.768197184558768e-16 + 0.0im; 4.0549968437620404e-16 + 0.0im -1.377523323153761e-16 + 0.0im; 6.579471977180549e-16 + 0.0im -2.3309125919102513e-17 + 0.0im], 2, 10, 179, [0.7883009448608744, 1.013421348343282, 0.005906739643619206, 0.13560458845925238, -0.6956746506057409, -0.028069686543236144, 0.0024317809895853288, -0.27569756396112044, -0.001219935398660198, -0.004327900482455434, -0.014881309955561443, 0.001505153303578487, -0.2166713931807142, 2.25700530912377, 1.0236715072438627, -0.46328636189060046, 0.6897231417282128, -1.1477147838726056, -0.018821310458396707, -0.011139277255328622, 0.02815491977437283, -1.4271196337034244, 1.7012926365314585, -0.050707903588943726, -0.7496417920018393, 1.325147327683447, 0.18324919017642521, 0.010318282966311737, -0.03609637405079352, -0.14491923806739698, -0.0322101779523721, -0.09679827944594266, -0.29212077038903994, -0.0121286140425979, -0.249239745797134, -0.003426890949598804, 0.018660992866424083, 0.1258294925180024, 0.08612108358181361, 0.1896746964561049, 0.13162656907758644, 0.06910154625461075, -0.017531030426843806, 0.0020938702696209448, 0.07140821998848351, -0.15351027509371545, 0.025243172167314504, 0.0003620174010968458, 0.11355059814436157, -0.028883764544657468, 0.16377814478886515, -0.2758175581477372, -0.05876340621486136, 0.01441337143615579, -0.06922319823453775, 0.000503727095126305, -0.1689953012723176, -0.006568526611686598, 0.059415100206096166, 0.07036015655388543, -0.0850099158028399, 0.023039964909858376, -0.06242569518365397, -0.07635129579532692, 0.00892149224136244])
[1.756517401243124e-16, 2.933661669345444e-16, -4.815473486597931e-16, -4.9876923340585e-16, 4.855670252522002e-16, -7.49745116640833e-16, 3.993280754094414e-15, -2.882287123295878e-15, 0.9557935377762474, 5.36744292776921e-15, -2.1756411865426335e-16, 1.1207511626579865e-16, -4.152620494716042e-16, 6.52237279728517e-17, -9.932052414291391e-17, 2.7114662302039285e-16, 2.881621831418341e-17, 1.7215372689640277e-16, 0.00025041304391055396, -9.065864550029413e-17, -2.1920867573268342e-16, -4.087637359004826e-17, 1.5642031804653529e-16, 6.628400691421029e-17, 1.6214109830007324e-16, 7.099814350403349e-17, 3.8059844007909173e-17, 2.4626712068571195e-16, -0.0003195670690310232, -5.435150809997137e-16, -9.82598637825433e-16, -1.405068002174549e-16, -1.0223806477331943e-15, 2.183087746068525e-16, -1.223763367909735e-15, 0.08497016412085294, 9.05519489741861e-16, -2.943375416247748e-16, -4.3688057944485364e-16, 5.963916719089193e-16, 2.1985752206768346e-16, 5.021078316183648e-16, -8.719267640151702e-16, 0.016847425141578002, -2.000385140307282e-16, 7.156744881482434e-16, -3.235106589454095e-16, 6.8592004901429e-16, -3.71968997314617e-15, 0.08512977305397534, 3.8788554085867425e-16, 3.652099501825289e-16, 7.252275419826537e-16, 0.21479534525135283, 1.4971273009096594e-15, 1.132314785313733e-15, -1.819384131243775e-16, 0.14167266162684797, 1.6090594076244111e-15, 3.48965378439021e-16, 4.900959887981529e-16, 0.07415876304544083, -8.594498367584887e-16, 4.0549968437620404e-16, 6.579471977180549e-16]
Projection L1|R2: 2.1996590223386715e-14
scalar = l1_vec' * r1_vec = -0.9970752367800221
Check <L1|R1>: 0.9999999999999999
t before projection
65-element Vector{Float64}:
 -4.892377396142932e-5
  1.1981642235386445e-16
  0.003289783439386006
 -4.021239614005125e-16
  7.142861983293652e-17
 -0.002501331315231091
 -0.021778086276392453
 -8.981024917775816e-16
 -1.3553417758202725e-16
 -3.108993299873502e-31
 -0.0005220196494375006
 -1.164828850367249e-18
 -0.00040013106893032246
  5.724370889915742e-18
  7.120231543055652e-18
  0.0001709895919658561
 -9.490278215309179e-5
  1.9459027627858552e-18
 -3.995319927932993e-20
  2.0346261572906276e-33
 -0.000369562526042031
  6.5565586265527924e-18
 -0.0007460250069875946
 -0.0002161836746475822
  3.1042361752018537e-18
 -5.992809232084208e-19
  0.000418087516456254
  1.7938382528947237e-33
  4.365386547083192e-20
 -0.03182781955322425
  2.260778671860463e-18
  8.188828310785322e-16
 -0.03162632242225446
 -0.03867460748046974
 -5.249188051525645e-16
 -1.1646733882386682e-17
  1.2555237814937162e-31
 -0.019173414772040986
 -0.02219531603357273
 -3.681061649156417e-16
 -4.1011492069781405e-16
  0.0033946950039676917
  1.6945324178442698e-31
 -2.017013273831216e-18
 -0.05845295527413215
  1.2586880627577722e-15
  1.3400042259510966e-15
 -0.05536466081955589
  8.85359207265134e-31
 -1.9415664103040872e-17
 -0.10015718400417056
 -0.07225486621519087
 -1.4141594175544803e-15
 -2.270861047527985e-17
  2.156645105675918e-31
 -0.07981817289752607
 -1.0182097912769529e-15
 -2.0812617032235974e-17
  1.425505380306153e-31
 -0.05538003249619843
  2.215200744230669e-31
 -1.2137741354092817e-17
 -0.02647302463121498
 -1.0869843217393477e-16
 -0.012744400103692743
t after projection
65-element Vector{Float64}:
 -4.892377396142932e-5
  1.1981642235386447e-16
  0.003289783439386006
 -4.0212396140051243e-16
  7.142861983293661e-17
 -0.002501331315231091
 -0.021778086276392453
 -8.981024917775837e-16
  2.0676331168061748e-16
  3.1258497097855675e-30
 -0.0005220196494375006
 -1.1648288503672814e-18
 -0.00040013106893032246
  5.724370889915738e-18
  7.120231543055696e-18
  0.0001709895919658561
 -9.490278215309179e-5
  1.9459027627858718e-18
  6.09473386963358e-20
 -2.851226045665948e-32
 -0.000369562526042031
  6.5565586265528425e-18
 -0.0007460250069875946
 -0.0002161836746475822
  3.104236175201995e-18
 -5.99280923208406e-19
  0.000418087516456254
  2.3725394411809517e-32
 -6.660098882184097e-20
 -0.03182781955322425
  2.2607786718603424e-18
  8.188828310785321e-16
 -0.03162632242225446
 -0.03867460748046974
 -5.249188051525645e-16
  1.7767748767630023e-17
  2.3332354259045625e-31
 -0.019173414772040986
 -0.02219531603357273
 -3.681061649156416e-16
 -4.101149206978141e-16
  0.0033946950039676917
  2.7442227032565094e-31
  3.0752903924934863e-18
 -0.05845295527413215
  1.2586880627577722e-15
  1.3400042259510962e-15
 -0.05536466081955589
 -4.634167429947519e-31
  2.9618377953862885e-17
 -0.10015718400417056
 -0.07225486621519087
 -1.4141594175544805e-15
  3.4641131161859647e-17
  9.739890035599647e-31
 -0.07981817289752607
 -1.0182097912769535e-15
  3.175166398226309e-17
  6.7442755967565226e-31
 -0.05538003249619843
  7.729277399782973e-31
  1.8512789407692988e-17
 -0.02647302463121498
 -1.0869843217393458e-16
 -0.012744400103692743
Omega original restricted
65-element Vector{Float64}:
 -3.2419037417542187e-7
 -7.833576162741228e-19
 -8.936665421766325e-8
  1.0822444940379528e-20
  6.654851696610087e-21
 -3.0131635734216703e-7
 -1.6436269044817597e-7
  2.1587907672409885e-21
  4.3808953407924854e-17
  6.488468287409336e-32
  7.099106661505044e-9
 -1.9201879016812835e-20
  2.5332039584920826e-8
  2.2927262789971304e-21
  7.420508353465483e-21
 -1.3895224852157622e-9
 -1.8201305251375943e-8
  6.639294393006693e-21
  1.3048780990131527e-20
  5.09598696007517e-34
  1.1108122625510591e-8
  1.4256985252862733e-20
  2.1091345144004195e-8
 -1.7594825603018234e-8
  2.086832156502465e-20
  1.600535872090994e-20
 -9.875449927138923e-9
  1.2814406154689367e-31
 -1.397591972324203e-20
  7.160219824850071e-8
 -9.039454721910929e-23
  4.213922226155585e-21
 -4.825573603966052e-8
 -8.959843164657107e-8
  1.2403668600595341e-21
  3.765731414918685e-18
 -4.611601349553943e-31
  2.30737235186784e-8
 -4.9488397883409965e-8
 -6.234673645548033e-22
 -9.752087102945416e-22
 -7.936881851474595e-8
 -4.197413636461694e-31
  6.546338940521234e-19
 -1.3907604280554378e-7
  3.939887684849221e-21
  4.393074956436844e-21
 -3.5018095325714326e-7
 -7.100586980150194e-31
  6.277369295493389e-18
 -9.351274306136345e-8
 -1.8856500308136003e-7
 -5.3408814297648225e-21
  7.34273469102936e-18
 -8.44098591738886e-31
 -1.3884846996339694e-7
 -7.289236312382809e-21
  6.728167598637902e-18
 -4.749062869109574e-31
  2.4543615667050325e-8
 -5.4732957530027e-31
  3.926433749611859e-18
  8.332043514638447e-9
 -2.2618835139790234e-21
  5.1179924799469296e-8
Omega restricted
65-element Vector{Float64}:
  3.126156050188146e-8
  7.513850401109575e-20
  1.0592753034462444e-7
 -1.2039412892645677e-20
 -1.2977689478441613e-20
  5.304386511208074e-7
  3.5959788923030337e-7
 -4.2136465953928836e-21
  2.5435107632697414e-21
  5.557107035197947e-31
 -3.42282143589899e-10
  4.616775005655018e-22
 -1.1294914253945443e-9
 -1.017255724384655e-22
 -3.4092052102856723e-22
  6.351634190219972e-11
  8.405260843826014e-10
 -3.05042050626458e-22
 -6.235676432593551e-24
 -2.670157186481395e-35
 -5.32737346974748e-10
 -6.325656923736016e-22
 -9.312318223541352e-10
  8.042755483279217e-10
 -9.491151747003327e-22
 -7.353654102736131e-22
  4.514347620304937e-10
 -5.7833175232028566e-33
 -6.2032390426896536e-24
 -4.243553758450306e-8
  2.5937039434883992e-23
 -1.553290484423815e-21
  1.7091238886202494e-8
  3.444154198311477e-8
 -4.573652559152744e-22
 -4.013174215339494e-22
  1.7654553021844648e-31
 -1.2834164827941035e-8
  1.752782362755041e-8
  2.1250184704271975e-22
  3.595924687332172e-22
  2.8120019416235622e-8
  1.6605739768084668e-31
 -1.0373447138083056e-21
  1.3560675577137132e-7
 -1.8225994295483573e-21
 -2.264786157971576e-21
  1.707991724592179e-7
  2.8637357552687003e-31
 -7.9504023851787785e-22
  8.231012370123115e-8
  9.19717254222455e-8
  2.471750487293543e-21
 -1.3200576487233127e-21
  4.479399425399278e-31
  1.518885356085044e-7
  3.7596378748053366e-21
 -3.159651399463691e-22
  2.8780586909083664e-31
 -2.3952789718192448e-8
  3.2989304322103503e-31
 -1.759658023521958e-21
 -9.630124709345383e-9
  1.2286624994189788e-21
 -5.245320955083503e-8
Omega resricted on L22.1660270456118154e-21
Omega resricted on L1 (<L1|H|HF>): -3.1719656231388873e-21
Omega resricted on R1 (<R1|H|HF>): -3.1719656231388873e-21
<L1[D]|R1[S]H[S]|HF> additional: -6.816830103465241e-8
<L1|H|R1> with nuclear repulsion : -74.68951557481815
<HF|H|R1>: 2.0759359364576966e-16
L1 * A * R1: 0.3232446453159564
Reduced matrix[-75.0127601519658 2.0759359364576966e-16; 4.569198557722555e-17 -74.68951557481815]
Matrix
2×2 Matrix{Float64}:
 -75.0128        2.07594e-16
   4.5692e-17  -74.6895
NEW E0 FROM MATRIX: -75.0127601519658
NEW E1 FROM MATRIX: -74.68951557481815
[1.0 6.422183334910134e-16; 0.0 1.0]
Evaluating remaining element <mu_tilde|H|R1>
Norm of element <mu_tilde|H|R1>: 3.720120737389572e-7
65-element Vector{Float64}:
  2.4968962716567156e-25
 -3.766738522525889e-24
 -3.5957353410318955e-24
 -1.2979346777640427e-23
 -1.9093432713404257e-23
  2.5140792069116974e-23
  1.2795986590434382e-22
  3.998852963374653e-22
 -6.535947473032115e-8
 -6.562248309310254e-22
  1.3638153590433393e-23
  2.2127459492045067e-23
  9.464716629913213e-24
  5.563766330976963e-23
  7.217129868530973e-23
 -1.0608120678972677e-22
 -5.444125420960114e-22
 -1.6961198246334205e-21
  2.766906139618018e-7
  2.784066414867535e-21
  2.6095966630732257e-23
 -3.0225633078396485e-24
 -7.816377052014255e-24
 -1.7813294790784153e-24
 -1.51517228210476e-23
  2.9359324709216033e-24
 -1.5028805055670018e-24
  6.977338662363498e-19
  2.1052445866781924e-11
  6.382233219089284e-23
  4.538005085759557e-23
  4.5107026468447626e-23
 -2.1574481026891483e-23
 -2.044321175810562e-22
 -6.91785902801715e-22
  1.0713803757135715e-7
  1.111504486261575e-21
 -9.333865406686165e-23
 -4.216498029728764e-24
  1.843970040594061e-23
  2.7233591483262257e-23
 -8.361188151813793e-24
 -1.0844410362427587e-21
 -9.723421971783455e-10
 -3.942314900731423e-23
  4.7857857787290306e-23
  8.870881415874695e-23
  1.7739581528215206e-23
 -3.4726313264517834e-21
 -9.3627307627858e-9
 -6.996185267954843e-23
 -4.2316232047594094e-22
 -1.2224506192411659e-21
  1.945922828944713e-7
  1.9189024049587927e-21
 -1.6997422472090177e-22
 -5.012592699831244e-22
  8.997695238031668e-8
  9.026037235218694e-22
  1.6104108409585553e-23
 -1.5269903993355395e-21
 -5.852519091247955e-9
 -6.408135330573178e-17
 -3.540983135726571e-23
 -8.144553554110176e-23
Evaluating remaining element <HF|H|nu_tilde>
Norm of element <HF|H|nu_tilde>: 0.6310595130392103
65-element Vector{Float64}:
  0.00021215592996007399
 -4.977169364959753e-15
 -0.0025370595794215254
  1.20092849573401e-15
  2.4030391437360605e-16
 -0.006432849558588982
 -0.004494703303133572
  6.333273831201002e-16
  2.1330795649644651e-16
  1.287695923291267e-30
  0.05239336012754763
 -4.987329993433297e-18
  0.019651963684992408
 -2.645453300864631e-16
  4.7704895589362177e-17
 -0.029156979521037844
 -0.003541965152492765
 -1.3140530330524311e-16
  5.213663098187718e-20
 -1.8875359973077044e-32
  0.039043531449969804
 -1.5525775109992423e-16
  0.03820659895705575
  0.02369421286935847
  2.272487753529618e-16
  4.917941054394248e-16
 -0.0224954053985897
  5.127343924922131e-32
 -6.653467443965014e-20
  0.19030556275555352
 -1.986258379993446e-16
 -2.581268532253489e-15
  0.2150135516546591
  0.1205037915945526
  2.8622937353617313e-15
  1.7691003719522052e-17
  1.8853145485677059e-31
  0.1356328370711587
 -0.016737182000169673
  1.797173521111972e-15
  9.992007221626409e-16
 -0.03437710461989834
 -1.8153736414353488e-31
  3.507676652479013e-18
  0.14998000751864307
 -3.5318969970887792e-15
 -3.1988300897012323e-15
  0.01676122299106253
 -7.744488883980895e-31
  1.772423470428891e-17
  0.31889801799346934
  0.2912998997620643
  3.899658373995862e-15
  4.472093576720706e-17
  3.1170570191344157e-31
  0.19114032976697187
  2.2273849431542203e-15
  2.9496607541329507e-17
  3.3501025047719613e-31
  0.14190557721937125
  1.0203922812740741e-31
  1.5440042589609147e-17
  0.06920626869936716
  8.153200337091002e-17
  0.0500826884913902
Evaluating remaining element <L1|H|nu_tilde>
Norm of element <L1|H|nu_tilde>: 2.0909597392271722e-8
65-element Vector{Float64}:
 -1.6848185894666014e-20
  4.9850623148922773e-23
 -5.696017710969276e-18
  8.8314285663912e-23
  4.1510930971594676e-23
 -1.4397902688989995e-17
 -9.496559284037061e-18
  2.394430568000736e-22
  5.751893752256968e-9
 -4.906245664456013e-22
  1.487448066873886e-23
 -7.662380913975287e-24
  2.8390744602247474e-23
 -4.4592329234996e-24
  6.790371617851492e-24
 -1.853782336654447e-23
 -1.9701147639221736e-24
 -1.1769851106933497e-23
 -1.7120304597499862e-11
  6.1981740292897756e-24
  1.498691617797129e-23
  2.7946466197375695e-24
 -1.0694185288331231e-23
 -4.5317223519690595e-24
 -1.1085305091622772e-23
 -4.854019677506226e-24
 -2.6020853872990787e-24
 -1.6836855032178907e-23
  2.184824510617594e-11
  3.715918146569733e-23
  6.717856112427082e-23
  9.606205731847279e-24
  6.98983880010405e-23
 -1.4925391502014868e-23
  8.366657457892088e-23
 -5.809262443885199e-9
 -6.190879373236966e-23
  2.0123346166006403e-23
  2.9868765923790193e-23
 -4.07742620873216e-23
 -1.5031276674208616e-23
 -3.4328239790763867e-23
  5.96121174581631e-23
 -1.1518291763204603e-9
  1.3676285539904247e-23
 -4.8929420921596543e-23
  2.2117861494713748e-23
 -4.6895161630842463e-23
  2.543087386904471e-22
 -5.8201746292444945e-9
 -2.651906028840297e-23
 -2.4968769563761232e-23
 -4.9582546609169897e-23
 -1.4685184443274599e-8
 -1.0235599157510954e-22
 -7.741439392329811e-23
  1.2438813098680722e-23
 -9.685913650155276e-9
 -1.1000859517462854e-22
 -2.3858156426515334e-23
 -3.350701097357503e-23
 -5.070105742435943e-9
  5.875909162636363e-23
 -2.7723308667540535e-23
 -4.498270640417634e-23
Building the whole matrix...
(d, V, nconv, niter, nmult, resid) = eigs(A_imp, nev = n_ev, which = :SM, tol = 1.0e-12, maxiter = 1000) = (ComplexF64[-1.418008676965781e-14 + 0.0im, 0.32324457714766014 + 0.0im], ComplexF64[0.9999999999999986 + 0.0im -1.1135490059130079e-14 + 0.0im; 9.605251584960036e-15 + 0.0im -0.9999999999999721 + 0.0im; 1.5027081305455001e-16 + 0.0im -2.986318068535449e-17 + 0.0im; -2.2126096954578951e-16 + 0.0im -2.3968163661812513e-16 + 0.0im; 5.976284736411753e-16 + 0.0im 2.2834291588912046e-15 + 0.0im; 5.559441877914025e-17 + 0.0im -1.9704530165856137e-16 + 0.0im; -1.8510021365725643e-16 + 0.0im 2.4876986990265715e-14 + 0.0im; 1.1407783714110133e-15 + 0.0im -9.772082568505386e-15 + 0.0im; -3.203379762756974e-15 + 0.0im -5.920951992161897e-15 + 0.0im; 7.845760920173009e-17 + 0.0im 1.3567790565617746e-14 + 0.0im; 0.0 + 0.0im -6.317110099073325e-8 + 0.0im; -6.860316540324458e-15 + 0.0im -1.2993510643459352e-15 + 0.0im; 1.9919232167625948e-16 + 0.0im -2.0030887662238389e-16 + 0.0im; 4.3529629032642485e-16 + 0.0im 2.910817775651613e-17 + 0.0im; 1.2485236416870377e-16 + 0.0im -3.400323461520491e-16 + 0.0im; -1.1801764153429955e-17 + 0.0im -1.194864325183032e-16 + 0.0im; 1.658875926156656e-16 + 0.0im -3.608501269791808e-16 + 0.0im; 7.879365701944874e-17 + 0.0im -8.734763439349953e-16 + 0.0im; -1.0532230814402943e-16 + 0.0im -1.6983789504599892e-16 + 0.0im; -3.801273559116038e-17 + 0.0im 2.07869269332646e-16 + 0.0im; 2.0274580625478933e-17 + 0.0im 1.3801235062090772e-8 + 0.0im; -9.928423719472743e-18 + 0.0im -5.410302008809104e-16 + 0.0im; 1.5253283252918748e-16 + 0.0im 3.41009694046345e-16 + 0.0im; -6.2042427232083485e-18 + 0.0im 1.0115575758842142e-16 + 0.0im; 1.9564846188507752e-16 + 0.0im -3.826900766133691e-16 + 0.0im; 7.362623765367002e-17 + 0.0im 2.059463307993954e-16 + 0.0im; -7.405764360568608e-17 + 0.0im 5.776049220436928e-17 + 0.0im; -3.392775280927952e-17 + 0.0im 1.0695207189999145e-16 + 0.0im; 1.3234736710112484e-17 + 0.0im -4.621170584714785e-16 + 0.0im; -4.911226342058222e-18 + 0.0im -5.563359723392468e-16 + 0.0im; -8.131516293641283e-19 + 0.0im 4.7916126588339126e-11 + 0.0im; -2.472303453154136e-16 + 0.0im -1.9605623779603883e-15 + 0.0im; 4.9021440257050664e-17 + 0.0im 3.222521683254247e-15 + 0.0im; 4.829636709524011e-17 + 0.0im 9.782071956210364e-16 + 0.0im; 4.572884155757151e-17 + 0.0im 2.0281748052069473e-15 + 0.0im; 1.4961916826612323e-16 + 0.0im 2.654435930160835e-16 + 0.0im; 2.5843423740833286e-17 + 0.0im -5.2264326922639325e-15 + 0.0im; -2.7755575615628914e-17 + 0.0im 6.758165517444745e-8 + 0.0im; -1.5442584461482667e-16 + 0.0im -1.8933415056026835e-16 + 0.0im; -1.9462711040648829e-16 + 0.0im -2.1476026122662238e-15 + 0.0im; 1.9072107385828553e-18 + 0.0im -1.3555573892946023e-15 + 0.0im; 1.4878953783840903e-16 + 0.0im -4.019662118377783e-15 + 0.0im; 2.0831020892163818e-16 + 0.0im -3.887986767986199e-15 + 0.0im; -2.538402329022014e-16 + 0.0im 1.8455971369635907e-15 + 0.0im; -4.515290406498987e-16 + 0.0im 8.497659970466447e-16 + 0.0im; 8.673617379884035e-18 + 0.0im 9.358818290215055e-9 + 0.0im; 3.4001426923684314e-16 + 0.0im -3.764024657561882e-16 + 0.0im; -1.1471173959293602e-17 + 0.0im 3.041674436490147e-15 + 0.0im; -2.3721888940807205e-16 + 0.0im 1.6073889683845597e-15 + 0.0im; -2.738167684832498e-16 + 0.0im 1.054839598779745e-15 + 0.0im; -7.483444859555494e-16 + 0.0im -3.428471209300677e-15 + 0.0im; -1.6653345369377348e-16 + 0.0im -1.0988206517629697e-8 + 0.0im; -3.173338181909575e-17 + 0.0im -4.649338975697277e-15 + 0.0im; -5.078321313810785e-16 + 0.0im -4.436450026238109e-15 + 0.0im; -1.0026934739737459e-16 + 0.0im 4.623106661407178e-15 + 0.0im; -1.6653345369377348e-16 + 0.0im 1.9323157921385782e-7 + 0.0im; -1.4761416753444177e-15 + 0.0im 9.332357516383001e-16 + 0.0im; -2.4769504727409204e-16 + 0.0im -3.889845876209584e-15 + 0.0im; 1.7095746467439015e-16 + 0.0im 5.144113306701249e-15 + 0.0im; -2.7755575615628914e-17 + 0.0im 9.467318522806116e-8 + 0.0im; -1.2238773696787042e-15 + 0.0im 7.307058353715422e-15 + 0.0im; -3.6744511614650853e-16 + 0.0im 9.009400952946604e-16 + 0.0im; -8.72414156222368e-16 + 0.0im 3.771803788149968e-15 + 0.0im; 2.3592239273284576e-16 + 0.0im 6.64210990190865e-9 + 0.0im; 8.047429659683958e-17 + 0.0im 5.127832133755471e-15 + 0.0im; 8.122613543296714e-17 + 0.0im 1.848435397120549e-15 + 0.0im; 2.324023783632816e-16 + 0.0im -3.1437581854838967e-15 + 0.0im], 2, 13, 225, [-2.4316977664834715e-15, 1.586932660996026e-8, -0.06257880939543503, 1.186189129971888, -0.0534550268972725, -0.21160962140400538, -1.9329138980552985, 1.3635452216530994, 0.2474684968599526, -0.899279450567952, 0.021497609447960957, 0.2548483563711434, 0.0514118376519486, 0.007721214825440648, 1.588784316545819, 0.6269543598411085, 1.6374400895584043, 4.054861306981474, 0.7981427699709265, -0.9267225162858317, 1.586481481812912, 2.4688897706704784, 0.04418611336233322, -0.3882308993437285, 2.0647152811367784, -0.8890403228947209, -0.29235106381283815, -0.40733492159736173, 2.051569247631084, 2.5237139558895882, 2.0910491631819808, 0.9100482127790607, -1.7782671611941794, -0.5133640835642713, -0.7575377448653837, -0.14934404711671057, 1.6905590740277436, -0.07756881788896268, 0.035297278883771634, 1.3822988096093602, 0.3983719417749747, 1.3845257641241704, 1.5062773125151776, -0.4807974782150996, -0.15789419104324628, 0.1981026242275163, 0.0709236960496183, -0.4291300911157016, -0.45753515090303365, -0.6202783045081862, 0.6569311051505842, -0.4071118947113985, 1.4508671161190136, 1.182528706470527, -0.580092452682006, -0.10205295000236232, -0.1795420267622316, 0.8122706136535609, -0.969695522304021, 0.11498080817348998, -1.4206510027320631, -0.09387335726207788, -0.7332861935598188, 0.44879843526435104, -0.583609636932163, -0.4448750064666598, 0.4985298824641589])
The first 2 eigvals are: ComplexF64[-75.01276015196581 + 0.0im, -74.68951557481813 + 0.0im]
NEW E0 FROM FULL MATRIX: -75.01276015196581 + 0.0im
NEW E1 FROM FULL MATRIX: -74.68951557481813 + 0.0im
Omega tilde, projection removed
65-element Vector{Float64}:
  3.126156050188146e-8
  7.513850401109575e-20
  1.0592753034462444e-7
 -1.2039412892645677e-20
 -1.2977689478441615e-20
  5.304386511208074e-7
  3.5959788923030337e-7
 -4.213646595392865e-21
 -4.977562749920199e-22
  5.556801684679719e-31
 -3.42282143589899e-10
  4.616775005655021e-22
 -1.1294914253945443e-9
 -1.0172557243846547e-22
 -3.4092052102856765e-22
  6.351634190219972e-11
  8.405260843826014e-10
 -3.0504205062645815e-22
 -7.132164107537651e-24
 -2.643016689605228e-35
 -5.32737346974748e-10
 -6.325656923736021e-22
 -9.312318223541352e-10
  8.042755483279217e-10
 -9.49115174700334e-22
 -7.353654102736132e-22
  4.514347620304937e-10
 -5.7835123821221774e-33
 -5.223639528562418e-24
 -4.243553758450306e-8
  2.5937039434885062e-23
 -1.5532904844238145e-21
  1.7091238886202494e-8
  3.444154198311477e-8
 -4.573652559152745e-22
 -6.626611337642712e-22
  1.765445726861818e-31
 -1.2834164827941035e-8
  1.752782362755041e-8
  2.125018470427187e-22
  3.595924687332175e-22
  2.8120019416235622e-8
  1.6605646504518164e-31
 -1.0825891452605317e-21
  1.3560675577137132e-7
 -1.822599429548358e-21
 -2.2647861579715735e-21
  1.707991724592179e-7
  2.863855592193253e-31
 -1.2307010906662216e-21
  8.231012370123115e-8
  9.19717254222455e-8
  2.4717504872935446e-21
 -1.8296023703909355e-21
  4.4793320492905665e-31
  1.518885356085044e-7
  3.759637874805342e-21
 -7.8299168923158e-22
  2.8780114343521518e-31
 -2.3952789718192448e-8
  3.298881440382759e-31
 -2.0319838565622417e-21
 -9.630124709345383e-9
  1.228662499418977e-21
 -5.245320955083503e-8
Omega_tilde on L1: -2.5988541721377517e-36
Omega_tilde on R1: 2.2521638818961854e-21
DIIS dimension: 8
t at step 13 : 
2×5 Matrix{Float64}:
 -4.89027e-5    0.0032898     7.14212e-17  -0.0217779   1.23165e-16
  1.19836e-16  -4.02139e-16  -0.00250117   -8.9811e-16  1.85393e-30
t2 at step 13 : 
2×5×2×5 Array{Float64, 4}:
[:, :, 1, 1] =
 -0.000522019  -0.000400132  7.12016e-18  -9.49026e-5    3.63087e-20
 -1.16468e-18   5.72438e-18  0.000170989   1.94584e-18  -2.46428e-32

[:, :, 2, 1] =
 -1.16468e-18   6.55641e-18  -0.000216184  -5.99485e-19   1.77972e-32
 -0.000369563  -0.000746025   3.10401e-18   0.000418088  -3.96689e-20

[:, :, 1, 2] =
 -0.000400132  -0.0318278     8.18884e-16  -0.0386746    1.0584e-17
  6.55641e-18   2.26168e-18  -0.0316263    -5.24919e-16  2.26904e-31

[:, :, 2, 2] =
  5.72438e-18   2.26168e-18  -0.0221953    -4.10115e-16  2.53461e-31
 -0.000746025  -0.0191734    -3.68106e-16   0.00339471   1.8315e-18

[:, :, 1, 3] =
  7.12016e-18   8.18884e-16  -0.058453      1.34e-15   -1.25845e-31
 -0.000216184  -0.0221953     1.25869e-15  -0.0553647   1.76426e-17

[:, :, 2, 3] =
 0.000170989  -0.0316263     1.25869e-15  -0.0722549    2.0635e-17
 3.10401e-18  -3.68106e-16  -0.100157     -1.41416e-15  8.11817e-31

[:, :, 1, 4] =
 -9.49026e-5   -0.0386746     1.34e-15   -0.0798182    1.89141e-17
 -5.99485e-19  -4.10115e-16  -0.0722549  -1.01821e-15  5.72109e-31

[:, :, 2, 4] =
 1.94584e-18  -5.24919e-16  -0.0553647    -1.01821e-15  6.522e-31
 0.000418088   0.00339471   -1.41416e-15  -0.05538      1.10271e-17

[:, :, 1, 5] =
 3.63087e-20  1.0584e-17   -1.25845e-31  1.89141e-17  -0.026473
 1.77972e-32  2.53461e-31   2.0635e-17   6.522e-31    -1.08698e-16

[:, :, 2, 5] =
 -2.46428e-32  2.26904e-31  1.76426e-17  5.72109e-31  -1.08698e-16
 -3.96689e-20  1.8315e-18   8.11817e-31  1.10271e-17  -0.0127444
Module of t 0.022166592267207085
Module of t2 0.21841384437539002
 --------------Energy at step 13 : -75.01276017821836
 --------------E_2 at step 13 : 8.00236697416617
E1 - E0 83.01512715238452
 --------------Difference at step 13 : 8.666323481065774e-8
 --------------Module of omegas 8.035005035883409e-7
Omega_bj_0 4.805126832950144e-7
Omega_bjck_0 6.439880592521437e-7

######## END OF ITERATION 13 #########

global amplitudes = -(build_omega(F, g, L, t, t2, o, v)) = [-1.291504758514812e-7, 3.3703051007190747e-19, 8.327198223016661e-8, 1.8102796898173358e-20, 1.8679697444633916e-21, 3.93052333543212e-8, -2.7275699168176253e-8, 3.3491821825934427e-21, -3.981260384349011e-17, -5.191460442294366e-31, -4.711636959643396e-9, 1.7291801662962431e-18, 1.0661287442728548e-8, -4.2088513978044285e-18, -1.4322906558019493e-17, -1.1800962198292962e-9, -1.5401712445873444e-8, -3.3773094833729323e-18, -1.1788490778726402e-20, 5.015149983959126e-31, 5.984323045758492e-21, -2.930730760864987e-9, 1.2595999113477757e-18, -3.731606992227869e-9, -7.773250762328683e-9, -2.049438353463154e-18, -8.227441845866661e-19, 7.185384620162021e-10, -3.7277169514721053e-31, 1.2762621505503323e-20, 1.066128741886255e-8, -6.222817698780222e-21, 3.697368177974243e-8, 4.929602830374517e-18, 5.240593139115353e-18, -5.100953755685728e-9, -3.1971900856450496e-8, -5.736138332167114e-18, -3.421382894949815e-18, -2.2991198955834753e-31, -1.9466955030768317e-21, -3.7316069822591385e-9, -1.2828989028107404e-21, -1.2724309154024451e-8, 2.797847465508606e-8, 3.3894637140180645e-17, -1.509305809607282e-17, -1.9979262700524604e-8, -2.4475912364270143e-31, -5.909263602777474e-19, -2.3723458812608266e-21, -7.77325074941482e-9, 2.903528933093317e-23, 2.7978474578974988e-8, -2.7454265739465752e-8, 3.3798577818581334e-17, -3.6532124810796065e-18, -1.1166621185213068e-7, -1.687988090069685e-31, -5.7022721048855176e-18, -1.1800962207661165e-9, -9.264472096189515e-21, -5.100953721425164e-9, -1.2651011242843257e-21, 1.1954145434630346e-21, -8.223749626731575e-9, -6.552125728235923e-8, 1.783353896187449e-17, -6.669908851642057e-18, -6.2022273753235635e-31, -1.5401712458395972e-8, -6.186011867538527e-21, -3.197190086187214e-8, -5.212620663450776e-22, 1.8107851334421052e-21, -6.55212570130451e-8, -6.255662684128374e-8, 1.0436863410826275e-17, -6.114131960445574e-18, -4.075938455301372e-31, -2.911188011955734e-21, 7.185384546283808e-10, -1.5354288892068824e-21, -1.9979262750940216e-8, -1.1166621192151973e-7, 3.397187804754339e-22, -3.116269400968119e-21, -2.3853498537425855e-9, -4.528848460438296e-31, -3.563356424265128e-18, -1.1788490778737246e-20, -3.7206517338502384e-31, -3.4213828949497794e-18, -2.441442765649569e-31, -1.7258538509521856e-31, -6.669908851642096e-18, -6.11413196044558e-18, -4.5556768581380906e-31, 8.845633315329684e-9, 6.314596697024332e-18, 5.008801256578153e-31, 1.2762621505504101e-20, -2.2277211580146705e-31, -5.909263602777396e-19, -5.702272104885502e-18, -6.1412921383889505e-31, -4.076452637263772e-31, -3.5633564242651425e-18, -2.3873244490625637e-21, 2.1311497557335597e-8]
addition_t1 = reshape(amplitudes[1:n], (nv, no)) ./ pre_t[v, o] = [-1.2453933664585513e-8 9.87034314058451e-8 3.642745534275986e-21 -5.967463675249039e-8 3.766291012290229e-22; 3.232746807690238e-20 2.0138429677370554e-20 6.919310702664278e-8 6.537118053835971e-21 -2.447744192414722e-31]
addition_t2 = reshape(amplitudes[n + 1:end], (nv, no, nv, no)) ./ pre_t2[v, o, v, o] = [-2.2717072376290145e-10 4.753597783906834e-10 -1.0899272062948116e-22 -7.112424568816936e-10 -2.4394574839756287e-24; 1.4388317434566953e-22 -8.63725932870098e-23 -5.394327607734647e-11 -1.337543883972501e-22 2.2901168985870048e-32;;; 1.4388317434566953e-22 -2.7609911326441315e-22 -3.5532239135712645e-10 -2.842160075416115e-22 -1.7015577396801673e-32; -1.405556800979888e-10 -1.6475910600640168e-10 -4.2135880572223506e-22 3.284642610393934e-11 -2.8024118648864536e-24;;;; 4.753597783906834e-10 2.1912708005924514e-8 1.0702674657544909e-23 -1.2289964741322504e-8 -6.734086684338008e-23; -2.7609911326441315e-22 -3.681040555683146e-22 -1.8066581458562378e-9 -5.661646158481347e-22 -7.894625430416603e-32;;; -8.63725932870098e-23 -3.681040555683146e-22 9.909429053321085e-9 -1.9220697202309157e-22 -8.709410809520417e-32; -1.6475910600640168e-10 -7.077569464340295e-9 -4.311955057888956e-22 -7.078563937223432e-9 4.909385489015748e-22;;;; -1.0899272062948116e-22 1.0702674657544907e-23 -2.6769412142532254e-8 9.335240454238113e-22 -1.7424576768342434e-31; -3.553223913571264e-10 9.909429053321085e-9 5.530010089850104e-22 -5.44646886429771e-8 4.488124677458648e-22;;; -5.394327607734646e-11 -1.8066581458562374e-9 5.530010089850104e-22 -3.195769607748519e-8 2.318611421553017e-22; -4.2135880572223506e-22 -4.311955057888956e-22 -7.238562648301806e-9 1.5722125124330442e-22 -2.490393137580033e-31;;;; -7.112424568816936e-10 -1.2289964741322504e-8 9.335240454238115e-22 -6.84316827260326e-8 -2.0122277143414723e-22; -2.842160075416115e-22 -1.9220697202309155e-22 -3.195769607748518e-8 -1.6073075376081043e-21 -1.8296600867438372e-31;;; -1.337543883972501e-22 -5.661646158481346e-22 -5.4464688642977084e-8 -1.6073075376081043e-21 -2.071215035859483e-31; 3.284642610393934e-11 -7.078563937223431e-9 1.5722125124330442e-22 -2.327928542644259e-9 8.097734158908979e-22;;;; -2.4394574839756287e-24 -6.734086684338008e-23 -1.7424576768342434e-31 -2.0122277143414723e-22 1.0223728645932491e-8; -1.7015577396801673e-32 -8.709410809520417e-32 2.318611421553017e-22 -2.071215035859483e-31 -1.2968024243225606e-21;;; 2.2901168985870048e-32 -7.894625430416603e-32 4.488124677458648e-22 -1.8296600867438372e-31 -1.2968024243225606e-21; -2.8024118648864536e-24 4.909385489015748e-22 -2.490393137580033e-31 8.097734158908979e-22 2.184169772810265e-8]
(d, V, nconv, niter, nmult, resid) = eigs(A_imp, nev = n_ev, which = :SM, tol = 1.0e-12, maxiter = 1000) = (ComplexF64[0.323244604210855 + 0.0im, 0.3948540961114088 + 0.0im], ComplexF64[-1.3091187488066227e-17 + 0.0im -9.095580825604255e-17 + 0.0im; 2.845201473138798e-17 + 0.0im 2.84562937114741e-17 + 0.0im; -3.3317005495167126e-16 + 0.0im 6.103742043856852e-16 + 0.0im; 1.0557121042312201e-16 + 0.0im -2.249459012580186e-16 + 0.0im; -1.1503586600755333e-15 + 0.0im -8.58212519167449e-15 + 0.0im; -3.9270108831684564e-15 + 0.0im 1.8730109406481966e-15 + 0.0im; 8.474861381907525e-15 + 0.0im -8.534894017661106e-15 + 0.0im; 2.1501629362207047e-15 + 0.0im -1.8333321912212574e-14 + 0.0im; -0.9587957038478079 + 0.0im 1.756247298872406e-14 + 0.0im; 2.2508076213259555e-14 + 0.0im 0.9597669045346713 + 0.0im; -6.515055560859182e-17 + 0.0im -1.222733417359768e-16 + 0.0im; 9.517436500158268e-17 + 0.0im -1.5939120660871977e-16 + 0.0im; -5.4432530674633203e-17 + 0.0im 1.147166764743234e-16 + 0.0im; 2.8833440511297064e-16 + 0.0im -3.210145850541685e-16 + 0.0im; 6.046074286507552e-18 + 0.0im -2.6371060827630015e-17 + 0.0im; 2.4985337420771308e-17 + 0.0im 4.847372214842562e-17 + 0.0im; -1.1808498810635036e-17 + 0.0im -1.5993352762069495e-16 + 0.0im; 2.326713795706043e-17 + 0.0im 1.0939762640939346e-16 + 0.0im; -0.0002826284855686255 + 0.0im 4.1349830111051896e-17 + 0.0im; -5.4305731097974904e-17 + 0.0im 0.00012979542339926163 + 0.0im; 1.899387636757585e-16 + 0.0im 4.480620173983938e-16 + 0.0im; 8.494767735588456e-17 + 0.0im -1.4153971362598244e-16 + 0.0im; 4.759593737336425e-17 + 0.0im -1.0210461484459553e-16 + 0.0im; 2.841988536958583e-17 + 0.0im 5.115807902900287e-17 + 0.0im; -9.896057617008234e-18 + 0.0im 1.91647307263397e-16 + 0.0im; 2.0530694714287407e-16 + 0.0im -3.015035955201626e-17 + 0.0im; -4.051738767140616e-17 + 0.0im -1.5712071067703223e-18 + 0.0im; 5.520133623081043e-17 + 0.0im 0.0003064760443590704 + 0.0im; 0.00030883037360448547 + 0.0im -5.778340760037508e-17 + 0.0im; 6.326881933176836e-16 + 0.0im -3.324404538973588e-16 + 0.0im; -6.047118699099239e-16 + 0.0im -1.948541135055568e-15 + 0.0im; -1.0064566515125998e-16 + 0.0im -2.466099403975267e-16 + 0.0im; -6.845563210116579e-16 + 0.0im 1.1077918467615328e-15 + 0.0im; -5.579978360307086e-16 + 0.0im -3.455560020152316e-17 + 0.0im; 5.209604197348427e-16 + 0.0im 6.044931863498887e-16 + 0.0im; -0.08239172728231178 + 0.0im 1.4015808933233748e-15 + 0.0im; 1.4135916016257154e-15 + 0.0im 0.058341677606470174 + 0.0im; -7.841261839173039e-16 + 0.0im -5.008178548218694e-16 + 0.0im; -1.5275642833780755e-16 + 0.0im 7.834112671546194e-16 + 0.0im; -1.7285849150930002e-16 + 0.0im 2.0603611663100116e-15 + 0.0im; 2.0455568647271713e-16 + 0.0im 3.298007949638876e-16 + 0.0im; 7.502109797911758e-16 + 0.0im -5.997063808102995e-16 + 0.0im; 1.6614322585757693e-15 + 0.0im 0.05916464567790354 + 0.0im; -0.014263853330445997 + 0.0im 1.11279441519149e-15 + 0.0im; -7.036048662652818e-16 + 0.0im 4.980394160317364e-16 + 0.0im; -3.756289101389887e-16 + 0.0im 5.265587354594124e-16 + 0.0im; 2.717295081218065e-16 + 0.0im -1.85446561384347e-15 + 0.0im; 4.686084853710257e-16 + 0.0im -1.3005599213346414e-15 + 0.0im; 7.552597770620621e-15 + 0.0im 0.11537646996173709 + 0.0im; -0.13734728213208808 + 0.0im 3.0751427404262054e-15 + 0.0im; 5.103430493037021e-17 + 0.0im 7.79320408939328e-16 + 0.0im; 1.1360081358765063e-15 + 0.0im -1.4556507394495695e-15 + 0.0im; -9.314257936203762e-17 + 0.0im -2.1585086927532156e-15 + 0.0im; -0.16064005819420776 + 0.0im 3.149223379044633e-15 + 0.0im; 2.0423187484600866e-15 + 0.0im 0.15443990238643346 + 0.0im; 7.863988333661193e-16 + 0.0im -2.072192618887119e-15 + 0.0im; 4.710255749736007e-16 + 0.0im -3.8864748566969646e-15 + 0.0im; -0.14723573281417626 + 0.0im 3.695858052216788e-15 + 0.0im; 3.2112807379030526e-15 + 0.0im 0.1360082818593126 + 0.0im; 8.826687988664537e-16 + 0.0im -8.585561519001645e-16 + 0.0im; 1.9335462368848592e-15 + 0.0im 0.12759900288443785 + 0.0im; -0.08585396652742411 + 0.0im 5.397188550759233e-15 + 0.0im; -1.7038277599431306e-16 + 0.0im -3.43930920399954e-16 + 0.0im; 2.601742682095169e-16 + 0.0im 5.98633299687936e-16 + 0.0im; 3.74948124415354e-17 + 0.0im 8.700052133556672e-16 + 0.0im], 2, 10, 180, [-0.0060571538714091384, -0.10772513812261579, 0.35603284135308433, -0.0353322214090169, -0.6932400232895112, -0.11178604825243456, -0.1607536855332474, 1.8088292516833597, 0.02984573604664001, -0.25677615452004404, -0.023913148202572086, 0.005466864519348389, -0.6046254335385305, 0.4869955810099231, 0.1401350858650687, -0.06220606667026887, 0.09025451164823779, -0.17533294062069193, 0.0007304923524727804, 0.041379921644230315, 0.004647255919488167, -0.3470621023578481, 0.1503153264965469, 0.019173263347937487, 0.03077430263908832, 0.09095656267882607, -0.03568826889792249, 0.05038227013163265, -0.0007202555738832409, 0.811522871134646, -0.587569000733802, 1.20673890938629, -1.4135705440531905, -0.11982061968510632, 1.199446520349055, -0.034060732098509794, 0.9957460893869985, 1.219676435481102, -0.8731632953088511, -0.560722828244774, 0.17153450610670903, 0.5182882100030135, 1.0517753734089148, -0.023376128536522534, 0.018136276949919386, -0.8022850828635448, 0.39759802283291423, 0.1806639272611099, 0.2400193625453935, -0.07806197360330255, -0.08638353312574441, 0.26149449703018646, 0.594610855666315, -0.017723335661708313, 0.057775959540533224, 0.03981537066525282, 0.2768583445257718, -0.07590582993031736, 0.21417829391888413, -0.09820852369423173, 0.4730249062828915, -0.008525035313213457, 0.048090787215812114, -0.404709392559283, -0.06393821898644492])
[1.3091187488066227e-17, -2.845201473138798e-17, 3.3317005495167126e-16, -1.0557121042312201e-16, 1.1503586600755333e-15, 3.9270108831684564e-15, -8.474861381907525e-15, -2.1501629362207047e-15, 0.9587957038478079, -2.2508076213259555e-14, 6.515055560859182e-17, -9.517436500158268e-17, 5.4432530674633203e-17, -2.8833440511297064e-16, -6.046074286507552e-18, -2.4985337420771308e-17, 1.1808498810635036e-17, -2.326713795706043e-17, 0.0002826284855686255, 5.4305731097974904e-17, -1.899387636757585e-16, -8.494767735588456e-17, -4.759593737336425e-17, -2.841988536958583e-17, 9.896057617008234e-18, -2.0530694714287407e-16, 4.051738767140616e-17, -5.520133623081043e-17, -0.00030883037360448547, -6.326881933176836e-16, 6.047118699099239e-16, 1.0064566515125998e-16, 6.845563210116579e-16, 5.579978360307086e-16, -5.209604197348427e-16, 0.08239172728231178, -1.4135916016257154e-15, 7.841261839173039e-16, 1.5275642833780755e-16, 1.7285849150930002e-16, -2.0455568647271713e-16, -7.502109797911758e-16, -1.6614322585757693e-15, 0.014263853330445997, 7.036048662652818e-16, 3.756289101389887e-16, -2.717295081218065e-16, -4.686084853710257e-16, -7.552597770620621e-15, 0.13734728213208808, -5.103430493037021e-17, -1.1360081358765063e-15, 9.314257936203762e-17, 0.16064005819420776, -2.0423187484600866e-15, -7.863988333661193e-16, -4.710255749736007e-16, 0.14723573281417626, -3.2112807379030526e-15, -8.826687988664537e-16, -1.9335462368848592e-15, 0.08585396652742411, 1.7038277599431306e-16, -2.601742682095169e-16, -3.74948124415354e-17]
(d, V, nconv, niter, nmult, resid) = eigs(A_imp, nev = n_ev, which = :SM, tol = 1.0e-12, maxiter = 1000) = (ComplexF64[0.3232446042108623 + 0.0im, 0.39485409611142147 + 0.0im], ComplexF64[-6.131565681106153e-17 + 0.0im -9.918891760281707e-17 + 0.0im; -8.685089246857083e-17 + 0.0im 9.635044523724154e-17 + 0.0im; -2.577161330871642e-16 + 0.0im 1.0675598651764277e-15 + 0.0im; 6.009774828302961e-17 + 0.0im -2.2263065674476603e-16 + 0.0im; 5.314203640075666e-16 + 0.0im 1.48276680572519e-14 + 0.0im; -1.4937213327653277e-15 + 0.0im -3.8630708321742416e-15 + 0.0im; 3.931424658807556e-15 + 0.0im 1.2822763683613512e-15 + 0.0im; -1.4190249134403134e-15 + 0.0im 2.6996464550470416e-14 + 0.0im; -0.955793566837454 + 0.0im -3.9984654418816206e-14 + 0.0im; 4.654390358339981e-14 + 0.0im -0.9607758657672991 + 0.0im; 1.9232858691918146e-16 + 0.0im 3.109091877899854e-16 + 0.0im; 2.337592070324244e-16 + 0.0im 2.3413809681531596e-16 + 0.0im; 3.467024946168489e-16 + 0.0im 9.67311798796798e-17 + 0.0im; 1.420379704721228e-16 + 0.0im 9.675112779507522e-17 + 0.0im; -3.3801713722804805e-17 + 0.0im -2.7304680399215066e-17 + 0.0im; 1.4251855950552994e-17 + 0.0im -2.1145892208876808e-17 + 0.0im; 3.287910424266707e-18 + 0.0im -3.329533097250698e-17 + 0.0im; -3.2316630288690394e-17 + 0.0im -8.989653341302569e-17 + 0.0im; -0.00025041310177598055 + 0.0im 4.03657231537628e-17 + 0.0im; 6.120803119246211e-17 + 0.0im 6.060285627227082e-5 + 0.0im; 4.678130311275931e-16 + 0.0im -4.9776488969307235e-17 + 0.0im; -4.585962349019955e-17 + 0.0im -9.220373889933294e-17 + 0.0im; -3.05575877374301e-16 + 0.0im 8.610135912941299e-17 + 0.0im; -1.7710364615683887e-16 + 0.0im -1.5341085597026939e-16 + 0.0im; -7.01829789827482e-17 + 0.0im 1.4292541131560332e-16 + 0.0im; -1.2236108610876787e-16 + 0.0im -1.640098196263263e-17 + 0.0im; 3.975333929193649e-17 + 0.0im -4.2289640498517977e-17 + 0.0im; -8.788552547460679e-17 + 0.0im -0.0004601014711232848 + 0.0im; 0.0003195670483300313 + 0.0im -4.4710731948413357e-17 + 0.0im; 3.4897911766124496e-16 + 0.0im 4.450936469629576e-16 + 0.0im; 9.149919038810516e-17 + 0.0im -3.373177318152912e-16 + 0.0im; 1.9748256103271995e-17 + 0.0im -2.3910156369377713e-15 + 0.0im; -4.463182505751619e-16 + 0.0im 2.4495770934644945e-15 + 0.0im; -2.715835463162726e-16 + 0.0im -2.206708186025489e-17 + 0.0im; 7.414407825925284e-17 + 0.0im -2.157640353799152e-15 + 0.0im; -0.08497014512871585 + 0.0im -2.1249783222901697e-15 + 0.0im; 2.87964526467083e-15 + 0.0im -0.06896895236975369 + 0.0im; -3.40808378374854e-16 + 0.0im -8.91834967909528e-16 + 0.0im; 1.4708046323959638e-16 + 0.0im -2.6712091658646986e-16 + 0.0im; 3.5284798402199123e-16 + 0.0im -2.634336309065881e-15 + 0.0im; -2.1322356652642997e-16 + 0.0im 9.503697198118501e-16 + 0.0im; 1.298686279612747e-16 + 0.0im -2.966209020268641e-16 + 0.0im; 3.688372777800817e-15 + 0.0im -0.05288272013630822 + 0.0im; -0.01684742491945272 + 0.0im -1.3926580254638007e-15 + 0.0im; -4.0031052451176954e-16 + 0.0im -1.7993045012081644e-15 + 0.0im; 7.5239757306238535e-16 + 0.0im 1.3585732079042024e-15 + 0.0im; -1.0332829352395466e-16 + 0.0im 2.9736172912235013e-15 + 0.0im; -5.4931166458505126e-17 + 0.0im -6.430401044589596e-16 + 0.0im; 9.960668746718628e-15 + 0.0im -0.10895779200284829 + 0.0im; -0.08512982819782572 + 0.0im -3.817312937764501e-15 + 0.0im; 1.9036114108608074e-16 + 0.0im -6.66764402646258e-16 + 0.0im; 7.650535317868802e-16 + 0.0im 1.0864543963085604e-15 + 0.0im; 4.549645707909495e-16 + 0.0im 4.829384209448752e-15 + 0.0im; -0.21479522939634874 + 0.0im -1.0918023422427475e-14 + 0.0im; 7.057382407583939e-15 + 0.0im -0.15548110114410865 + 0.0im; -5.704146193503301e-16 + 0.0im -2.0042329046439596e-15 + 0.0im; -9.818445473285365e-16 + 0.0im 4.493911922338618e-15 + 0.0im; -0.14167261893447813 + 0.0im -1.2265531031269922e-15 + 0.0im; 7.439774244387022e-15 + 0.0im -0.1606559058516803 + 0.0im; 6.794054739879042e-16 + 0.0im -7.925587076207535e-16 + 0.0im; 4.095341564572231e-15 + 0.0im -0.08660097330222255 + 0.0im; -0.07415876412492396 + 0.0im -4.99068093817786e-15 + 0.0im; -1.710629947187479e-16 + 0.0im 2.845093987402784e-15 + 0.0im; -1.7416249629047206e-16 + 0.0im -1.0967153015743627e-16 + 0.0im; 1.5570518381899133e-16 + 0.0im -9.165528893104726e-18 + 0.0im], 2, 10, 180, [0.09515131625002636, -0.27072143668909543, -0.06007876285236752, -0.37756979230208043, 0.6093763375536692, 0.9069408787758964, 0.11932078471724608, -1.4888058537150675, 0.08363175411339664, 0.13295412329560313, 0.0037438050507166876, 0.002631761754074932, 0.2953828289217826, -0.5565375559210929, -0.1885713123168951, 0.13857791194770408, -0.03012966796166562, 0.12253960253670566, -0.20516028930691851, -0.19226245689143565, -0.0152034609194857, 0.47379946420682, -0.7662391880789283, -0.00438621068177838, 0.2030922159855241, -0.0744691893316667, 0.15951327783853983, 0.19023177403884278, 0.14401028441330635, 0.7611796637227186, -0.6249692852006714, 1.6179055164055247, -2.1232063269253594, -0.1647389044438379, 1.2640859538560842, -0.18803350580635686, -0.36351197060307056, 0.6248260084104863, 0.10607261692984743, 0.9640763942570595, -0.7842740501998916, 0.5867233159542476, -0.23910098065214147, 0.058408449797346294, 0.625853131445048, -0.044115582167302034, -0.46109725377391403, 0.20048551765367897, -0.7480569979147239, 0.04392263334762598, 0.19817648652789688, -0.44846352150968877, -0.3336938594653617, 0.41945941443220486, 0.5017159377512384, 0.19178816022324963, -0.40890068853722783, -1.167291330213394, -0.7370518802964506, 0.03789967914365972, 0.3670638809147341, 0.0902404189082772, -0.5796185712536975, 0.005336962582505006, 0.4496479732398471])
[6.131565681106153e-17, 8.685089246857083e-17, 2.577161330871642e-16, -6.009774828302961e-17, -5.314203640075666e-16, 1.4937213327653277e-15, -3.931424658807556e-15, 1.4190249134403134e-15, 0.955793566837454, -4.654390358339981e-14, -1.9232858691918146e-16, -2.337592070324244e-16, -3.467024946168489e-16, -1.420379704721228e-16, 3.3801713722804805e-17, -1.4251855950552994e-17, -3.287910424266707e-18, 3.2316630288690394e-17, 0.00025041310177598055, -6.120803119246211e-17, -4.678130311275931e-16, 4.585962349019955e-17, 3.05575877374301e-16, 1.7710364615683887e-16, 7.01829789827482e-17, 1.2236108610876787e-16, -3.975333929193649e-17, 8.788552547460679e-17, -0.0003195670483300313, -3.4897911766124496e-16, -9.149919038810516e-17, -1.9748256103271995e-17, 4.463182505751619e-16, 2.715835463162726e-16, -7.414407825925284e-17, 0.08497014512871585, -2.87964526467083e-15, 3.40808378374854e-16, -1.4708046323959638e-16, -3.5284798402199123e-16, 2.1322356652642997e-16, -1.298686279612747e-16, -3.688372777800817e-15, 0.01684742491945272, 4.0031052451176954e-16, -7.5239757306238535e-16, 1.0332829352395466e-16, 5.4931166458505126e-17, -9.960668746718628e-15, 0.08512982819782572, -1.9036114108608074e-16, -7.650535317868802e-16, -4.549645707909495e-16, 0.21479522939634874, -7.057382407583939e-15, 5.704146193503301e-16, 9.818445473285365e-16, 0.14167261893447813, -7.439774244387022e-15, -6.794054739879042e-16, -4.095341564572231e-15, 0.07415876412492396, 1.710629947187479e-16, 1.7416249629047206e-16, -1.5570518381899133e-16]
Projection L1|R2: -3.0045061515882513e-14
scalar = l1_vec' * r1_vec = 0.9970752459404689
Check <L1|R1>: 1.0000000000000002
t before projection
65-element Vector{Float64}:
 -4.8915111772677345e-5
  1.1986819343548048e-16
  0.003289894578921032
 -4.021186372826581e-16
  7.142488640276246e-17
 -0.0025010989135593334
 -0.021777957242365087
 -8.981030531688978e-16
  1.2316543638633454e-16
  1.609159360746909e-30
 -0.0005220196616485167
 -1.1645377414117473e-18
 -0.0004001311508146492
  5.72429049049285e-18
  7.120054952592124e-18
  0.00017098920064991248
 -9.490328084134383e-5
  1.945705244573817e-18
  3.63062479352687e-20
 -1.7416535248728495e-33
 -0.00036956283060388264
  6.556132244997915e-18
 -0.0007460255548284137
 -0.00021618401970928533
  3.1035862754274568e-18
 -5.997695845623303e-19
  0.0004180877850213954
  7.816062529021691e-34
 -3.9671705445357606e-20
 -0.03182780775765117
  2.2613078165494643e-18
  8.188838088780697e-16
 -0.03162633202214639
 -0.03867463745577088
 -5.249193141583071e-16
  1.0583958656129234e-17
  1.4795790449775516e-31
 -0.019173424814923505
 -0.02219533769866534
 -3.6810671880700647e-16
 -4.101154061829777e-16
  0.0033946998016038633
  1.6636700467057399e-31
  1.831989843120504e-18
 -0.05845303946122406
  1.2586890074946043e-15
  1.3400057352408761e-15
 -0.055364762182098286
 -3.0009061743450524e-31
  1.7643043985056187e-17
 -0.10015724588747348
 -0.07225490858193614
 -1.4141609416098915e-15
  2.063524271174125e-17
  5.627772428145237e-31
 -0.07981827795681724
 -1.0182117906024283e-15
  1.8913911927475413e-17
  3.891432769254742e-31
 -0.05538000942876439
  4.450789934482832e-31
  1.1027877947457457e-17
 -0.02647303017854534
 -1.0869908474376611e-16
 -0.012744393298290841
t after projection
65-element Vector{Float64}:
 -4.8915111772677345e-5
  1.1986819343548048e-16
  0.003289894578921032
 -4.021186372826581e-16
  7.142488640276219e-17
 -0.0025010989135593334
 -0.021777957242365087
 -8.981030531688972e-16
 -9.913015300933775e-17
  6.827628788498385e-30
 -0.0005220196616485167
 -1.1645377414117252e-18
 -0.0004001311508146492
  5.724290490492917e-18
  7.120054952592125e-18
  0.00017098920064991248
 -9.490328084134383e-5
  1.9457052445738223e-18
 -2.922081432350896e-20
 -1.433236962168113e-32
 -0.00036956283060388264
  6.556132244997935e-18
 -0.0007460255548284137
 -0.00021618401970928533
  3.1035862754274544e-18
 -5.997695845622828e-19
  0.0004180877850213954
  1.3579967283944598e-32
  3.193023191020653e-20
 -0.03182780775765117
  2.261307816549324e-18
  8.188838088780697e-16
 -0.03162633202214639
 -0.03867463745577088
 -5.24919314158307e-16
 -8.518460664323025e-18
  4.756973561735212e-31
 -0.019173424814923505
 -0.02219533769866534
 -3.681067188070065e-16
 -4.1011540618297767e-16
  0.0033946998016038633
  5.515680038812547e-31
 -1.4750667805376927e-18
 -0.05845303946122406
  1.2586890074946043e-15
  1.3400057352408761e-15
 -0.055364762182098286
  1.4509697660766093e-30
 -1.420075225945909e-17
 -0.10015724588747348
 -0.07225490858193614
 -1.4141609416098915e-15
 -1.660895464284429e-17
  1.0362863001671951e-30
 -0.07981827795681724
 -1.0182117906024281e-15
 -1.522250928788949e-17
  1.13367471514773e-30
 -0.05538000942876439
  8.933692795094004e-31
 -8.877257228450116e-18
 -0.02647303017854534
 -1.0869908474376605e-16
 -0.012744393298290841
Omega original restricted
65-element Vector{Float64}:
 -1.291504758514812e-7
  3.3703051007190747e-19
  8.327198223016661e-8
  1.8102796898173358e-20
  1.8679697444633916e-21
  3.93052333543212e-8
 -2.7275699168176253e-8
  3.3491821825934427e-21
 -3.981260384349011e-17
 -5.191460442294366e-31
 -4.711636959643396e-9
  5.984323045758492e-21
  1.066128741886255e-8
 -1.9466955030768317e-21
 -2.3723458812608266e-21
 -1.1800962207661165e-9
 -1.5401712458395972e-8
 -2.911188011955734e-21
 -1.1788490778737246e-20
  5.008801256578153e-31
 -2.930730760864987e-9
 -6.222817698780222e-21
 -3.7316069822591385e-9
 -7.77325074941482e-9
 -9.264472096189515e-21
 -6.186011867538527e-21
  7.185384546283808e-10
 -3.7206517338502384e-31
  1.2762621505504101e-20
  3.697368177974243e-8
 -1.2828989028107404e-21
  2.903528933093317e-23
 -5.100953721425164e-9
 -3.197190086187214e-8
 -1.5354288892068824e-21
 -3.4213828949497794e-18
 -2.2277211580146705e-31
 -1.2724309154024451e-8
  2.7978474578974988e-8
 -1.2651011242843257e-21
 -5.212620663450776e-22
 -1.9979262750940216e-8
 -2.441442765649569e-31
 -5.909263602777396e-19
 -2.7454265739465752e-8
  1.1954145434630346e-21
  1.8107851334421052e-21
 -1.1166621192151973e-7
 -1.7258538509521856e-31
 -5.702272104885502e-18
 -8.223749626731575e-9
 -6.55212570130451e-8
  3.397187804754339e-22
 -6.669908851642096e-18
 -6.1412921383889505e-31
 -6.255662684128374e-8
 -3.116269400968119e-21
 -6.11413196044558e-18
 -4.076452637263772e-31
 -2.3853498537425855e-9
 -4.5556768581380906e-31
 -3.5633564242651425e-18
  8.845633315329684e-9
 -2.3873244490625637e-21
  2.1311497557335597e-8
Omega restricted
65-element Vector{Float64}:
  1.2453933664585513e-8
 -3.232746807690238e-20
 -9.87034314058451e-8
 -2.0138429677370554e-20
 -3.642745534275986e-21
 -6.919310702664278e-8
  5.967463675249039e-8
 -6.537118053835971e-21
 -3.766291012290229e-22
  2.447744192414722e-31
  2.2717072376290145e-10
 -1.4388317434566953e-22
 -4.753597783906834e-10
  8.63725932870098e-23
  1.0899272062948116e-22
  5.394327607734646e-11
  7.112424568816936e-10
  1.337543883972501e-22
  2.4394574839756287e-24
 -2.2901168985870048e-32
  1.405556800979888e-10
  2.7609911326441315e-22
  1.6475910600640168e-10
  3.553223913571264e-10
  4.2135880572223506e-22
  2.842160075416115e-22
 -3.284642610393934e-11
  1.7015577396801673e-32
  2.8024118648864536e-24
 -2.1912708005924514e-8
  3.681040555683146e-22
 -1.0702674657544907e-23
  1.8066581458562374e-9
  1.2289964741322504e-8
  5.661646158481346e-22
  6.734086684338008e-23
  7.894625430416603e-32
  7.077569464340295e-9
 -9.909429053321085e-9
  4.311955057888956e-22
  1.9220697202309155e-22
  7.078563937223431e-9
  8.709410809520417e-32
 -4.909385489015748e-22
  2.6769412142532254e-8
 -5.530010089850104e-22
 -9.335240454238115e-22
  5.4464688642977084e-8
  1.7424576768342434e-31
 -4.488124677458648e-22
  7.238562648301806e-9
  3.195769607748518e-8
 -1.5722125124330442e-22
 -2.318611421553017e-22
  2.490393137580033e-31
  6.84316827260326e-8
  1.6073075376081043e-21
  2.0122277143414723e-22
  1.8296600867438372e-31
  2.327928542644259e-9
  2.071215035859483e-31
 -8.097734158908979e-22
 -1.0223728645932491e-8
  1.2968024243225606e-21
 -2.184169772810265e-8
Omega resricted on L2-4.620041196412454e-24
Omega resricted on L1 (<L1|H|HF>): -8.051797428244587e-22
Omega resricted on R1 (<R1|H|HF>): -8.051797428244587e-22
<L1[D]|R1[S]H[S]|HF> additional: 9.37770419639018e-9
<L1|H|R1> with nuclear repulsion : -74.6895155844456
<HF|H|R1>: -2.9180356801394335e-16
L1 * A * R1: 0.32324460421085727
Reduced matrix[-75.01276019803416 -2.9180356801394335e-16; 4.152316637457641e-17 -74.6895155844456]
Matrix
2×2 Matrix{Float64}:
 -75.0128        -2.91804e-16
   4.15232e-17  -74.6895
NEW E0 FROM MATRIX: -75.01276019803416
NEW E1 FROM MATRIX: -74.6895155844456
[1.0 -9.027329636662307e-16; 0.0 1.0]
Evaluating remaining element <mu_tilde|H|R1>
Norm of element <mu_tilde|H|R1>: 1.207867107900938e-7
65-element Vector{Float64}:
 -1.2276528384256929e-25
  2.668145779422923e-25
 -3.1243702224318345e-24
  9.90015583002902e-25
 -1.0787723233944113e-23
 -3.682634643835874e-23
  7.947474314493928e-23
  2.0163591989919535e-23
 -8.991302495454464e-9
  2.1107408075775413e-22
 -2.1638176481455774e-24
  4.2674479751053226e-24
 -3.9587346832825494e-23
  1.5226597145814588e-23
 -1.3639694348027466e-22
 -4.652741646080346e-22
  1.0053358251648495e-21
  2.5526696385766882e-22
 -1.1373341112498713e-7
  2.669361513115543e-21
  1.7811895411703957e-24
 -1.6659421694869562e-25
  4.463406216038794e-25
  2.665132786522497e-25
 -7.601723276124595e-25
  1.5503566362586221e-24
 -3.7996007706760185e-25
  3.0085028615439657e-19
  2.8961198905235304e-12
  1.7212230344257572e-23
 -9.244794166455312e-24
  3.8000170199741804e-23
  1.3433944969926817e-22
 -2.877482408205166e-22
 -6.790574239877435e-23
  3.1686218974652285e-8
 -7.48727343180046e-22
 -7.353303405421895e-24
 -1.4325045990362318e-24
 -4.097292518308324e-24
  5.270062341339328e-25
  7.035256653341712e-24
  1.0689714688820334e-20
 -1.3376219723361747e-10
 -6.59819830697643e-24
  2.346025854888874e-23
  1.77080511443263e-23
  4.394471759728337e-24
  1.1622750586222914e-22
 -1.2880021840128683e-9
  9.259049257777099e-23
 -1.363814694150684e-22
 -5.130765291340673e-23
  2.0983062600025957e-8
 -5.087968345998005e-22
 -1.043102443852488e-22
 -2.3918504485475413e-23
  1.1254631507391887e-8
 -2.6650531822493735e-22
  8.277406899151642e-24
  4.557356348688576e-22
 -8.051131021809671e-10
 -3.072286754688036e-17
  2.439840644691095e-24
  3.5161525997584927e-25
Evaluating remaining element <HF|H|nu_tilde>
Norm of element <HF|H|nu_tilde>: 0.6310595105558956
65-element Vector{Float64}:
  0.00021215133474654252
 -4.977167116766813e-15
 -0.002536972740122351
  1.2009318296334527e-15
  2.4030296166900016e-16
 -0.006432714214614348
 -0.004494597578889147
  6.3332739680050565e-16
  2.728616634049618e-16
 -1.3286105324848188e-29
  0.05239336012754763
 -4.987329993433389e-18
  0.019651963684992408
 -2.6454533008646313e-16
  4.770489558936221e-17
 -0.029156979521037844
 -0.003541965152492765
 -1.3140530330524314e-16
  7.328577945664157e-20
 -1.7913113344041006e-32
  0.039043531449969804
 -1.552577510999242e-16
  0.03820659895705575
  0.02369421286935847
  2.2724877535296173e-16
  4.917941054394248e-16
 -0.0224954053985897
  2.5720536152796785e-32
 -9.352434061727275e-20
  0.19030556275555352
 -1.9862583799934444e-16
 -2.581268532253489e-15
  0.2150135516546591
  0.1205037915945526
  2.8622937353617317e-15
  2.4867322325142e-17
 -8.427556157537728e-31
  0.1356328370711587
 -0.016737182000169673
  1.797173521111972e-15
  9.992007221626409e-16
 -0.03437710461989834
 -1.079437425720664e-30
  4.930559376896663e-18
  0.14998000751864307
 -3.5318969970887796e-15
 -3.1988300897012323e-15
  0.01676122299106253
 -2.9150845855730003e-30
  2.49140550963219e-17
  0.31889801799346934
  0.2912998997620643
  3.899658373995862e-15
  6.286186983923001e-17
 -2.0654101841926414e-30
  0.19114032976697187
  2.2273849431542207e-15
  4.146184138386355e-17
 -2.1773207975719724e-30
  0.14190557721937125
 -1.1985407176073174e-30
  2.1703268694376204e-17
  0.06920626869936716
  8.153200337090998e-17
  0.0500826884913902
Evaluating remaining element <L1|H|nu_tilde>
Norm of element <L1|H|nu_tilde>: 2.8764683046827083e-9
65-element Vector{Float64}:
 -8.037416360657352e-21
  3.181798076827309e-23
 -2.730659453066855e-18
  8.873789994094963e-24
 -1.6027958531505498e-23
 -6.9029238968472595e-18
 -4.552921770329324e-18
 -1.7434120291395773e-23
  7.912702834924847e-10
  2.0844061058829878e-22
  1.8088911583965717e-24
  2.1985549291870493e-24
  3.260810507436354e-24
  1.3358972426266592e-24
 -3.1791228787807235e-25
  1.3404172844326017e-25
  3.092349500053863e-26
 -3.0394476315134202e-25
 -2.3551883420199774e-12
  5.756745173479148e-25
  4.399880794345956e-24
 -4.3131948706968e-25
 -2.8740059481325106e-24
 -1.6656973608791712e-24
 -6.600858051599621e-25
 -1.1508319711565308e-24
  3.7388858886661545e-25
 -8.265820101348535e-25
  3.005595878900683e-12
  3.282222630106087e-24
  8.605692952085067e-25
  1.8573653782404592e-25
 -4.197717823589529e-24
 -2.5543008637812445e-24
  6.973407841185045e-25
 -7.991622395457767e-10
  2.7083674569763684e-23
 -3.2053750938689137e-24
  1.383322956762408e-24
  3.3186101389266694e-24
 -2.0054128740285337e-24
  1.221441994844785e-24
  3.4689928385103196e-23
 -1.5845360519054864e-10
 -3.765005400402158e-24
  7.076458779804255e-24
 -9.718245194939678e-25
 -5.166392730216142e-25
  9.368220250704408e-23
 -8.00664092684124e-10
  1.790386912984445e-24
  7.195490756300764e-24
  4.279038299352063e-24
 -2.0201946967149912e-9
  6.637617861699636e-23
 -5.364870496326889e-24
 -9.23445624507598e-24
 -1.332461033913548e-9
  6.997265495842958e-23
  6.389952604286426e-24
  3.8517556154466127e-23
 -6.974789078004356e-10
 -1.60888375270812e-24
 -1.6380352224835627e-24
  1.4644402833627656e-24
Building the whole matrix...
(d, V, nconv, niter, nmult, resid) = eigs(A_imp, nev = n_ev, which = :SM, tol = 1.0e-12, maxiter = 1000) = (ComplexF64[8.93091301715003e-15 + 0.0im, 0.32324461358855083 + 0.0im], ComplexF64[0.9999999999999996 + 0.0im 2.1688851206490804e-16 + 0.0im; -8.456634254783327e-16 + 0.0im -0.9999999999999991 + 0.0im; 9.336730230361337e-17 + 0.0im -1.4473431697723701e-16 + 0.0im; -6.173813426283887e-17 + 0.0im -5.023721372272242e-17 + 0.0im; 1.7069729075208163e-17 + 0.0im -1.2501537707382481e-15 + 0.0im; 9.789979897129498e-17 + 0.0im -2.877700089938109e-16 + 0.0im; -2.5388644007567066e-16 + 0.0im -4.060759766362624e-15 + 0.0im; -2.4678654917299327e-16 + 0.0im 1.7043123182228743e-15 + 0.0im; 2.1761419052370815e-16 + 0.0im -1.8043709651055805e-16 + 0.0im; -6.450073564318133e-16 + 0.0im 3.910314090021718e-15 + 0.0im; -3.1476852406689233e-16 + 0.0im -8.726358734227268e-9 + 0.0im; -4.618968196196122e-16 + 0.0im -1.8095948389702756e-16 + 0.0im; -2.3990856762855696e-16 + 0.0im 1.1574500434068072e-17 + 0.0im; 1.2148228862202861e-17 + 0.0im -5.2149255463889014e-17 + 0.0im; -7.830658887854371e-17 + 0.0im -3.0481447768927794e-17 + 0.0im; 9.24903099647514e-17 + 0.0im -2.5261943572690934e-17 + 0.0im; -1.2083693516861955e-17 + 0.0im 4.885664439253847e-17 + 0.0im; 3.2741466252162407e-18 + 0.0im -5.590411953612969e-17 + 0.0im; 3.604303597300615e-17 + 0.0im -2.5285350271181785e-17 + 0.0im; 2.7255432016669245e-17 + 0.0im -1.1331336314646198e-17 + 0.0im; -3.540749104166642e-18 + 0.0im -5.570059442019066e-9 + 0.0im; 1.543500695487708e-17 + 0.0im -6.308794550866059e-19 + 0.0im; 1.774386261472977e-16 + 0.0im -1.2076613114452734e-16 + 0.0im; 8.43862068668138e-18 + 0.0im 1.3578307199074703e-17 + 0.0im; 1.4706702339810443e-17 + 0.0im -1.453992309311639e-17 + 0.0im; 2.95435469293522e-17 + 0.0im -1.1488347132142569e-17 + 0.0im; -8.857441594696735e-17 + 0.0im -4.7505239579703564e-17 + 0.0im; 1.2258843704089771e-18 + 0.0im 1.0298504242171865e-17 + 0.0im; -1.2022211051320322e-16 + 0.0im -2.926417157718574e-17 + 0.0im; 2.5698441893334342e-17 + 0.0im 2.1334753692216086e-18 + 0.0im; -5.737977701376433e-17 + 0.0im 4.0799923301405265e-11 + 0.0im; 9.229964377089983e-17 + 0.0im -8.404820935210064e-16 + 0.0im; 4.410137551535739e-16 + 0.0im -7.578048699103069e-17 + 0.0im; -2.2593726027770717e-16 + 0.0im 1.707914674457736e-16 + 0.0im; 1.0040696023728224e-16 + 0.0im -3.5220925649979946e-16 + 0.0im; -1.606675420732982e-17 + 0.0im -8.324928097678205e-18 + 0.0im; 2.6892769202494044e-17 + 0.0im 2.6615266121798503e-16 + 0.0im; 6.055523758771754e-17 + 0.0im 2.107198219330911e-8 + 0.0im; 6.178627494565015e-17 + 0.0im -2.290658887993022e-16 + 0.0im; 1.026931358652552e-16 + 0.0im 2.1788708513981855e-17 + 0.0im; 1.4081726376378822e-16 + 0.0im -3.404139830399371e-16 + 0.0im; 2.672938100719728e-17 + 0.0im -3.0437917816547707e-16 + 0.0im; -3.1093925854834285e-17 + 0.0im 1.6415814639809486e-16 + 0.0im; 2.1453189087689513e-17 + 0.0im 3.848739859077862e-16 + 0.0im; -1.3842621934883886e-16 + 0.0im 3.4630716989680326e-16 + 0.0im; -4.599699878958142e-18 + 0.0im 8.465831675758264e-11 + 0.0im; 1.2539393311904028e-17 + 0.0im 8.272184843693851e-16 + 0.0im; -8.717808500606306e-18 + 0.0im -6.998423933377997e-16 + 0.0im; -2.619809733043123e-16 + 0.0im 9.911239786206101e-16 + 0.0im; -2.620639975730643e-16 + 0.0im 1.4811111474729244e-15 + 0.0im; 1.3201600585826462e-17 + 0.0im -5.166818466503981e-16 + 0.0im; 1.6105015892793871e-16 + 0.0im 1.0186536883031912e-10 + 0.0im; -2.260211603658979e-16 + 0.0im -7.691756099151181e-16 + 0.0im; 2.1744538187257776e-16 + 0.0im 1.210221232786581e-16 + 0.0im; -5.4071788355850543e-17 + 0.0im -1.4033047566761682e-16 + 0.0im; 2.062172396425554e-16 + 0.0im 2.055379888353318e-8 + 0.0im; 1.506289264709405e-17 + 0.0im 1.580791405700029e-16 + 0.0im; -1.8075815969040095e-16 + 0.0im 3.580195981348843e-16 + 0.0im; -4.504202020901088e-16 + 0.0im 1.1577148178418619e-15 + 0.0im; -1.7640810270965821e-16 + 0.0im 1.5338760213962487e-8 + 0.0im; 3.219527676727437e-17 + 0.0im 1.2318276738567092e-15 + 0.0im; 1.7403673756438025e-16 + 0.0im 9.229337930485895e-17 + 0.0im; -1.1617302310609317e-16 + 0.0im 5.898060891767263e-16 + 0.0im; 7.289548230485816e-17 + 0.0im -6.27334456143149e-10 + 0.0im; -1.636295991935236e-17 + 0.0im -7.146163085937279e-16 + 0.0im; -8.074574826185104e-17 + 0.0im -1.8996857771435413e-18 + 0.0im; -8.161869195022612e-17 + 0.0im 1.2574004708684658e-15 + 0.0im], 2, 13, 228, [2.5827203459476592e-15, 1.8599378936119583e-8, -1.5018358741606523, -0.9364368656818902, -1.4693268782321622, -0.3998855935926686, -2.08590702319249, 1.3509307186593382, 0.0882580806699965, 1.477797583235527, -0.15845706641711013, -0.3324792062432593, 0.05942769375344294, 0.00756612473816658, 0.519316161044266, 0.3837242740877486, 1.440665822654135, -2.6899613506167155, -1.403402221124671, -0.6219804471937918, 0.1945851654522661, -0.09644241691906323, 0.01322905174096712, -0.45312122399582716, 0.2306788738344853, -0.4395181212867479, -1.8022400357193675, 0.20582894027807783, -0.5496186822275568, 0.08314789097198197, 0.26099664202438516, -3.1529949157908104, -0.04627021029684914, 0.11527485168220633, -1.2530029827567948, 0.10742886088217132, 0.11626856700110791, 0.12674267968945008, -0.5572169562653808, 0.052964937252288215, -0.5811094101439471, 0.01850734767424562, 0.15692517490724156, 1.2971561472116568, 0.7506416581342563, 0.07349107561824547, 0.9408629990572093, -0.2490789669729313, 0.6421905985421504, 2.375992670605998, -0.8088899767733905, -1.3294539121924667, -1.7792585323596952, -0.5588878269771564, 0.08688412704198739, -0.5278990611174738, 0.18583921819849095, -0.08734934606901859, 0.5701863388257573, 1.8019828803309523, 1.8955098194369964, 0.3611720114996149, 0.8859026225974804, 1.6603204487890062, -0.6425375669590319, 0.17450217021448552, 1.5316983321170525])
The first 2 eigvals are: ComplexF64[-75.01276019803414 + 0.0im, -74.6895155844456 + 0.0im]
NEW E0 FROM FULL MATRIX: -75.01276019803414 + 0.0im
NEW E1 FROM FULL MATRIX: -74.6895155844456 + 0.0im
Omega tilde, projection removed
65-element Vector{Float64}:
  1.2453933664585513e-8
 -3.232746807690238e-20
 -9.87034314058451e-8
 -2.0138429677370554e-20
 -3.642745534275985e-21
 -6.919310702664278e-8
  5.967463675249039e-8
 -6.537118053835973e-21
  3.953737770163509e-22
  2.4475629619445533e-31
  2.2717072376290145e-10
 -1.438831743456696e-22
 -4.753597783906834e-10
  8.637259328700957e-23
  1.0899272062948116e-22
  5.394327607734646e-11
  7.112424568816936e-10
  1.3375438839725009e-22
  2.6670242153006408e-24
 -2.290112525999545e-32
  1.405556800979888e-10
  2.760991132644131e-22
  1.6475910600640168e-10
  3.553223913571264e-10
  4.2135880572223506e-22
  2.8421600754161133e-22
 -3.284642610393934e-11
  1.7015532949803963e-32
  2.5537479040912124e-24
 -2.1912708005924514e-8
  3.6810405556831508e-22
 -1.0702674657544826e-23
  1.8066581458562374e-9
  1.2289964741322504e-8
  5.661646158481342e-22
  1.3368101662741483e-22
  7.894511610884378e-32
  7.077569464340295e-9
 -9.909429053321085e-9
  4.311955057888957e-22
  1.9220697202309138e-22
  7.078563937223431e-9
  8.709277034360549e-32
 -4.794535831452804e-22
  2.6769412142532254e-8
 -5.530010089850101e-22
 -9.335240454238117e-22
  5.4464688642977084e-8
  1.7423968648469372e-31
 -3.382232184411118e-22
  7.238562648301806e-9
  3.195769607748518e-8
 -1.5722125124330435e-22
 -1.025170214111834e-22
  2.4903766932431863e-31
  6.84316827260326e-8
  1.607307537608104e-21
  3.1977400091603637e-22
  1.8296342301618505e-31
  2.327928542644259e-9
  2.0711994673368655e-31
 -7.406455412018868e-22
 -1.0223728645932491e-8
  1.2968024243225604e-21
 -2.184169772810265e-8
Omega_tilde on L1: 8.119214992215979e-38
Omega_tilde on R1: -5.858674413218623e-22
DIIS dimension: 8
t at step 14 : 
2×5 Matrix{Float64}:
 -4.89181e-5    0.00328989    7.14245e-17  -0.021778     -7.58478e-17
  1.19868e-16  -4.02119e-16  -0.00250112   -8.98104e-16   6.78638e-30
t2 at step 14 : 
2×5×2×5 Array{Float64, 4}:
[:, :, 1, 1] =
 -0.00052202   -0.000400131  7.12006e-18  -9.49032e-5   -2.23562e-20
 -1.16454e-18   5.7243e-18   0.000170989   1.94571e-18  -1.65449e-32

[:, :, 2, 1] =
 -1.16454e-18   6.55614e-18  -0.000216184  -5.99768e-19  1.51428e-32
 -0.000369563  -0.000746026   3.10359e-18   0.000418088  2.44322e-20

[:, :, 1, 2] =
 -0.000400131  -0.0318278     8.18884e-16  -0.0386746    -6.51764e-18
  6.55614e-18   2.26147e-18  -0.0316263    -5.24919e-16   4.63304e-31

[:, :, 2, 2] =
  5.7243e-18    2.26147e-18  -0.0221953    -4.10115e-16   5.36482e-31
 -0.000746026  -0.0191734    -3.68107e-16   0.00339469   -1.12859e-18

[:, :, 1, 3] =
  7.12006e-18   8.18884e-16  -0.0584531     1.34001e-15   1.3191e-30
 -0.000216184  -0.0221953     1.25869e-15  -0.0553648    -1.08654e-17

[:, :, 2, 3] =
 0.000170989  -0.0316263     1.25869e-15  -0.0722549    -1.27079e-17
 3.10359e-18  -3.68107e-16  -0.100157     -1.41416e-15   1.03605e-30

[:, :, 1, 4] =
 -9.49032e-5   -0.0386746     1.34001e-15  -0.0798183    -1.1647e-17
 -5.99768e-19  -4.10115e-16  -0.0722549    -1.01821e-15   1.12783e-30

[:, :, 2, 4] =
 1.94571e-18  -5.24919e-16  -0.0553648    -1.01821e-15   8.90299e-31
 0.000418088   0.00339469   -1.41416e-15  -0.05538      -6.79226e-18

[:, :, 1, 5] =
 -2.23562e-20  -6.51764e-18   1.3191e-30   -1.1647e-17   -0.026473
  1.51428e-32   5.36482e-31  -1.27079e-17   8.90299e-31  -1.08699e-16

[:, :, 2, 5] =
 -1.65449e-32   4.63304e-31  -1.08654e-17   1.12783e-30  -1.08699e-16
  2.44322e-20  -1.12859e-18   1.03605e-30  -6.79226e-18  -0.0127444
Module of t 0.022166661508536044
Module of t2 0.2184139532331983
 --------------Energy at step 14 : -75.0127602053395
 --------------E_2 at step 14 : 8.00236697416617
E1 - E0 83.01512717950567
 --------------Difference at step 14 : 2.7121146217723435e-8
 --------------Module of omegas 2.6753484864124457e-7
Omega_bj_0 1.6094388329898007e-7
Omega_bjck_0 2.1370999430568975e-7

######## END OF ITERATION 14 #########

global amplitudes = -(build_omega(F, g, L, t, t2, o, v)) = [1.7860276303486376e-7, -3.1286289353070003e-19, -2.9689956047878586e-8, -1.063776959305862e-20, 2.662347707053344e-22, -2.0618231527944787e-9, -1.135120619956079e-8, 5.738202854622719e-22, 2.4517377292129416e-17, -2.6825538327020014e-30, 6.355152253837741e-9, 1.7169584398773273e-18, -5.745871307336319e-9, -4.205691220034314e-18, -1.4317968330066928e-17, -6.125761692941604e-9, -5.6815395242420685e-9, -3.3715391523506963e-18, 7.199047462196596e-21, 3.7687912296275846e-31, -6.2371987510542175e-21, -1.60960992969777e-12, 1.2713240598655538e-18, -9.711673161283438e-10, -1.893418499538287e-9, -2.031610752958568e-18, -8.104553171264931e-19, -7.837346873894104e-10, -2.553384680847325e-31, -7.931447624476243e-21, -5.7458713307677895e-9, 5.502481562020941e-21, 1.4694453172346925e-8, 4.931904276977855e-18, 5.240896189116342e-18, 1.903721443034994e-8, -1.0163145327866533e-8, -5.732709018600653e-18, 2.106609975272723e-18, -2.5025419472457243e-31, 1.2131177804789517e-21, -9.711673078945483e-10, 1.0234978169796874e-21, -3.6790699619995714e-9, 2.1444347715618854e-8, 3.389823624305648e-17, -1.5091503196847642e-17, 2.926788476417078e-9, -3.5488214052062595e-31, 3.6508612512954784e-19, 2.5646872259344657e-21, -1.893418486624427e-9, 3.323857725294616e-22, 2.144434765338553e-8, 1.6098025262838616e-8, 3.379782989974607e-17, -3.653814287889695e-18, -4.050454300154877e-8, -5.422231447535616e-31, 3.512368323730507e-18, -6.125761692685377e-9, 8.56410273371784e-21, 1.903721446721288e-8, 2.3294841634976936e-21, 4.417680194030902e-22, -7.893707835872271e-9, -1.3204078513415212e-8, 1.78304867034849e-17, 4.1077713562481066e-18, -4.418422621851245e-31, -5.6815395367832284e-9, 6.102242784548778e-21, -1.0163145307049852e-8, 1.0345551203186349e-21, 1.2077817067464288e-21, -1.3204078266435228e-8, -4.342951400314464e-8, 1.0438054732523458e-17, 3.764615814087271e-18, -5.694952764999823e-31, 2.8591365173430698e-21, -7.837346956488287e-10, 1.8889941237013166e-21, 2.926788423941693e-9, -4.050454307787565e-8, -2.714279160218305e-21, -1.929042791155809e-21, 8.496985407511722e-9, -3.618999786463138e-31, 2.1959569936658725e-18, 7.199047462203127e-21, -2.5577356039343485e-31, 2.1066099752727006e-18, -3.5526073350264388e-31, -5.398912538259135e-31, 4.1077713562481235e-18, 3.764615814087273e-18, -3.6024773974288527e-31, 8.361678210843444e-9, 6.3177309740306275e-18, 3.7727009177127466e-31, -7.931447624476589e-21, -2.546511213104732e-31, 3.650861251295427e-19, 3.512368323730496e-18, -4.455948047388833e-31, -5.6946367714954395e-31, 2.19595699366588e-18, 7.492202850361943e-22, 7.566629893558096e-9]
addition_t1 = reshape(amplitudes[1:n], (nv, no)) ./ pre_t[v, o] = [1.7222599827706083e-8 -3.519191523643974e-8 5.191869540805945e-22 -2.483452770485659e-8 -8.336304120685066e-23; -3.0009346040816966e-20 -1.1833971075229283e-20 -3.6296426176956923e-9 1.1200140045771643e-21 -4.318835703054902e-30]
addition_t2 = reshape(amplitudes[n + 1:end], (nv, no, nv, no)) ./ pre_t2[v, o, v, o] = [3.064125163915477e-10 -2.561938361799241e-10 1.1782946176901929e-22 -2.6237031433536007e-10 -1.2987216448311583e-24; -1.499631534702677e-22 5.382461124379934e-23 -2.8001416186049393e-10 1.3136288506659727e-22 1.7308774259040103e-32;;; -1.499631534702677e-22 2.4413864483408785e-22 -8.654988835370195e-11 2.803672411909147e-22 -1.1712987330422353e-32; -7.71957019669636e-14 -4.2879289858783405e-11 3.895052046680977e-22 -3.582673077537171e-11 -1.57286533006982e-24;;;; -2.561938361799241e-10 8.708769215642134e-9 1.2252045242305159e-22 -3.906702264097601e-9 -9.129917175612215e-23; 2.4413864483408785e-22 2.9367372320632165e-22 6.742609415792356e-9 6.965360883274341e-22 -8.205055860947865e-32;;; 5.382461124379934e-23 2.9367372320632165e-22 7.595168959842612e-9 3.8147549937977557e-22 -1.1745069859967694e-31; -4.2879289858783405e-11 -2.0463879732114326e-9 7.939785071993806e-22 1.0369481220532884e-9 1.2417659360491375e-22;;;; 1.1782946176901929e-22 1.2252045242305156e-22 1.569645595446942e-8 6.226543636111096e-22 -1.8339607412302215e-31; -8.654988835370194e-11 7.595168959842612e-9 2.0436271400268777e-22 -1.9755907265064202e-8 1.2693558639733368e-22;;; -2.800141618604939e-10 6.742609415792355e-9 2.0436271400268777e-22 -6.440229315778406e-9 1.8146635190411188e-23; 3.895052046680977e-22 7.939785071993806e-22 -6.948059132493498e-9 -1.2561635986776037e-21 -1.8627018344897451e-31;;;; -2.6237031433536007e-10 -3.906702264097601e-9 6.226543636111097e-22 -4.750823171379289e-8 -2.0037843103163173e-22; 2.803672411909147e-22 3.8147549937977552e-22 -6.440229315778404e-9 -9.949605183504506e-22 -2.5787340983950088e-31;;; 1.3136288506659727e-22 6.96536088327434e-22 -1.9755907265064196e-8 -9.949605183504506e-22 -1.6445815152859522e-31; -3.582673077537171e-11 1.0369481220532882e-9 -1.2561635986776037e-21 8.292441809130482e-9 2.90383443136175e-22;;;; -1.2987216448311583e-24 -9.129917175612215e-23 -1.8339607412302215e-31 -2.0037843103163173e-22 9.664376309169159e-9; -1.1712987330422353e-32 -1.1745069859967694e-31 1.8146635190411188e-23 -1.6445815152859522e-31 4.0697890158394656e-22;;; 1.7308774259040103e-32 -8.205055860947865e-32 1.2693558639733368e-22 -2.5787340983950088e-31 4.0697890158394656e-22; -1.57286533006982e-24 1.2417659360491375e-22 -1.8627018344897451e-31 2.90383443136175e-22 7.754877033436574e-9]
(d, V, nconv, niter, nmult, resid) = eigs(A_imp, nev = n_ev, which = :SM, tol = 1.0e-12, maxiter = 1000) = (ComplexF64[0.32324462256011754 + 0.0im, 0.3948541086747034 + 0.0im], ComplexF64[-7.2986666013533e-18 + 0.0im -1.315157078499355e-15 + 0.0im; -1.4590759291306273e-16 + 0.0im 1.6238272340881735e-16 + 0.0im; -1.5536995025458024e-16 + 0.0im 2.9104288847688066e-15 + 0.0im; -5.3605555328926903e-17 + 0.0im 1.1878285127798037e-14 + 0.0im; -3.3261010777402925e-16 + 0.0im -1.171166907053478e-13 + 0.0im; -7.001312163600386e-16 + 0.0im 6.513062867915939e-15 + 0.0im; 9.580470132282686e-17 + 0.0im -1.7438710233868225e-17 + 0.0im; 9.076165395601485e-16 + 0.0im -9.781446694727813e-14 + 0.0im; 0.958795704544334 + 0.0im -3.5972014291547227e-14 + 0.0im; 2.7030815356601036e-14 + 0.0im 0.9597669040022562 + 0.0im; 3.183213005015736e-16 + 0.0im -3.5275794032290785e-16 + 0.0im; 3.6269904053276386e-17 + 0.0im -2.4438079789463244e-16 + 0.0im; -1.956631018686439e-16 + 0.0im 4.995517383678189e-15 + 0.0im; -2.474675522163653e-16 + 0.0im -4.663230057911834e-15 + 0.0im; -1.606584533642001e-16 + 0.0im -1.9537060417699537e-15 + 0.0im; -1.9298179564778531e-16 + 0.0im 4.388650203155389e-15 + 0.0im; -1.5303339947546698e-16 + 0.0im 1.048273333405949e-15 + 0.0im; -6.12425283693235e-18 + 0.0im 2.3602382407747176e-15 + 0.0im; 0.000282628330520187 + 0.0im 2.4220152389468253e-15 + 0.0im; -1.5185294315663765e-17 + 0.0im 0.0001297952716160617 + 0.0im; 5.574754011507976e-16 + 0.0im 3.7802807026897455e-16 + 0.0im; -5.500579563065873e-16 + 0.0im 3.945739422103398e-15 + 0.0im; 2.2446229614647944e-17 + 0.0im -1.9396969154390231e-16 + 0.0im; -5.324340518513764e-17 + 0.0im -3.990864979943622e-16 + 0.0im; -1.0144410659964314e-16 + 0.0im 4.440789950590112e-15 + 0.0im; -3.1453798552205865e-17 + 0.0im 7.883090066548417e-16 + 0.0im; 1.485837074703499e-16 + 0.0im 8.35948355232759e-16 + 0.0im; -3.3485880011553747e-18 + 0.0im 0.0003064759722574055 + 0.0im; -0.00030883047420490734 + 0.0im -1.853863475396436e-15 + 0.0im; 3.088853073348778e-16 + 0.0im 4.5152228436723506e-15 + 0.0im; 3.040751547170831e-16 + 0.0im 1.758431415209617e-14 + 0.0im; 5.36100581246261e-16 + 0.0im -9.346087360999297e-16 + 0.0im; -7.224886189193464e-16 + 0.0im 3.153283582760121e-15 + 0.0im; -7.812239246557607e-16 + 0.0im -1.8090783895517212e-15 + 0.0im; -2.6205169795196633e-17 + 0.0im -1.815498686040473e-15 + 0.0im; 0.08239172447548627 + 0.0im -6.1191678581566435e-15 + 0.0im; 1.2432952545018045e-15 + 0.0im 0.05834167609366835 + 0.0im; 5.225094873139079e-16 + 0.0im 1.0899411059104226e-14 + 0.0im; -5.427124571756644e-16 + 0.0im -1.5967840457790561e-15 + 0.0im; -9.728119259396625e-16 + 0.0im 1.6004102479615135e-14 + 0.0im; 2.0114607212834159e-16 + 0.0im 3.6026965596710606e-15 + 0.0im; 3.278742352208985e-16 + 0.0im -2.2754514654943113e-15 + 0.0im; 1.547192309071285e-15 + 0.0im 0.059164644655543 + 0.0im; 0.014263854463482377 + 0.0im -1.0536291117785032e-15 + 0.0im; 1.78896521912321e-16 + 0.0im -3.972551592003491e-15 + 0.0im; 4.856800094367082e-17 + 0.0im -4.802570646993547e-16 + 0.0im; 7.600148482853676e-16 + 0.0im -6.74252506886307e-15 + 0.0im; -2.400470916864833e-16 + 0.0im -1.2142986579735791e-15 + 0.0im; -3.561115933377998e-15 + 0.0im 0.11537647053356828 + 0.0im; 0.13734727927394727 + 0.0im -9.924256673721602e-15 + 0.0im; -4.3809188922855344e-16 + 0.0im -3.0386399433834588e-15 + 0.0im; 5.3892893632691295e-17 + 0.0im -9.969849997746782e-15 + 0.0im; -5.832620212743691e-16 + 0.0im -1.4476773769050038e-14 + 0.0im; 0.1606400575800832 + 0.0im -7.365067828238533e-15 + 0.0im; 8.811164979251552e-15 + 0.0im 0.15443989999892044 + 0.0im; 4.800670783339806e-17 + 0.0im -2.069143651234232e-15 + 0.0im; -3.083778162162525e-16 + 0.0im -2.0183179795400506e-14 + 0.0im; 0.14723573047889021 + 0.0im -1.1215729517097182e-14 + 0.0im; 3.1924747574300445e-15 + 0.0im 0.13600828362492112 + 0.0im; 6.935794017637799e-16 + 0.0im 4.4264182439420434e-17 + 0.0im; 5.5406808709587845e-15 + 0.0im 0.12759900854590392 + 0.0im; 0.08585397098071397 + 0.0im 8.677423095318162e-15 + 0.0im; -1.3667591644052742e-16 + 0.0im 3.361668753716308e-15 + 0.0im; -3.920016029029831e-16 + 0.0im -2.933162866873961e-15 + 0.0im; -9.753166418150509e-16 + 0.0im -1.2844987953841502e-16 + 0.0im], 2, 8, 145, [0.6634755555389201, -0.11714745675915203, -0.01975478851445465, -0.21922966394805887, 0.9851630735712132, -0.05332408274988276, -0.054832852968951615, 0.567561972512594, -0.0224058560514202, -0.033604681571464165, -0.10076031867352085, 0.015626096098899485, -2.5724994571356574, 2.3641841366271015, 0.974619331275647, -2.163069336554806, -0.6105145634364659, -1.1787957690292001, -1.1717162107273063, 0.1249412496548496, 0.006892704062292748, -2.073585745606932, 0.10399188817578697, 0.16558744280991597, -2.227601528985733, -0.45799571867324046, -0.2784503714445792, 0.13271823193391627, 0.9296414098634582, -0.32886966599856715, -1.0973218730457421, 0.25677281675140046, -0.09919481169721461, 0.08493326698615733, 0.344513519954833, 0.05938931264633228, -0.41705332044486915, -0.6326176466158169, 0.09496217135912059, -0.39490264569307526, -0.032422791603765266, 0.08318322735356273, -0.4244704825830567, 0.07880895546447397, 0.07502076884989328, -0.21282343679611102, 0.03929936959259149, -0.0017204151376768824, 0.450074854322079, 0.06887301484281484, 0.10452330254033952, 0.24588935387839123, 0.01859792262796194, 0.057660484071099215, 0.035790970810771136, 0.039654040687817284, 0.03939659149241733, 0.054875687540396414, -0.017687633876754868, -0.07214670026210054, 0.2083955617758969, -0.12484190918926026, -0.07007953625751077, -0.06221719527104608, -0.0430830799931772])
[7.2986666013533e-18, 1.4590759291306273e-16, 1.5536995025458024e-16, 5.3605555328926903e-17, 3.3261010777402925e-16, 7.001312163600386e-16, -9.580470132282686e-17, -9.076165395601485e-16, -0.958795704544334, -2.7030815356601036e-14, -3.183213005015736e-16, -3.6269904053276386e-17, 1.956631018686439e-16, 2.474675522163653e-16, 1.606584533642001e-16, 1.9298179564778531e-16, 1.5303339947546698e-16, 6.12425283693235e-18, -0.000282628330520187, 1.5185294315663765e-17, -5.574754011507976e-16, 5.500579563065873e-16, -2.2446229614647944e-17, 5.324340518513764e-17, 1.0144410659964314e-16, 3.1453798552205865e-17, -1.485837074703499e-16, 3.3485880011553747e-18, 0.00030883047420490734, -3.088853073348778e-16, -3.040751547170831e-16, -5.36100581246261e-16, 7.224886189193464e-16, 7.812239246557607e-16, 2.6205169795196633e-17, -0.08239172447548627, -1.2432952545018045e-15, -5.225094873139079e-16, 5.427124571756644e-16, 9.728119259396625e-16, -2.0114607212834159e-16, -3.278742352208985e-16, -1.547192309071285e-15, -0.014263854463482377, -1.78896521912321e-16, -4.856800094367082e-17, -7.600148482853676e-16, 2.400470916864833e-16, 3.561115933377998e-15, -0.13734727927394727, 4.3809188922855344e-16, -5.3892893632691295e-17, 5.832620212743691e-16, -0.1606400575800832, -8.811164979251552e-15, -4.800670783339806e-17, 3.083778162162525e-16, -0.14723573047889021, -3.1924747574300445e-15, -6.935794017637799e-16, -5.5406808709587845e-15, -0.08585397098071397, 1.3667591644052742e-16, 3.920016029029831e-16, 9.753166418150509e-16]
(d, V, nconv, niter, nmult, resid) = eigs(A_imp, nev = n_ev, which = :SM, tol = 1.0e-12, maxiter = 1000) = (ComplexF64[0.3232446225601101 + 0.0im, 0.39485410867472936 + 0.0im], ComplexF64[-6.840490803037514e-17 + 0.0im 1.3038132435077193e-16 + 0.0im; -7.700955788200875e-17 + 0.0im -2.6952673471128535e-17 + 0.0im; 4.797394968896057e-16 + 0.0im 2.2605922447548164e-15 + 0.0im; -9.238563953123995e-17 + 0.0im 3.3749987823213425e-16 + 0.0im; 7.322164839553162e-16 + 0.0im -8.119573828016184e-14 + 0.0im; 1.9198981165043497e-15 + 0.0im 6.6055461691411704e-15 + 0.0im; -4.454381177598549e-15 + 0.0im -1.869429840954141e-15 + 0.0im; -3.147105298707777e-15 + 0.0im 1.0099223199533963e-13 + 0.0im; -0.9557935623247205 + 0.0im 1.6486133671234857e-15 + 0.0im; -8.356951962183977e-15 + 0.0im -0.9607758617996333 + 0.0im; -3.5382932871423353e-16 + 0.0im -3.6129496626662933e-16 + 0.0im; 8.09442219237717e-17 + 0.0im -2.2006544778238953e-16 + 0.0im; -5.520107996791793e-17 + 0.0im -3.23288658038037e-16 + 0.0im; 4.203482096232917e-18 + 0.0im -1.9068844527491586e-16 + 0.0im; -2.76484999051447e-17 + 0.0im -7.489360139585676e-17 + 0.0im; -1.5044236922250403e-17 + 0.0im -2.0312350689499565e-16 + 0.0im; 1.9381456714217866e-16 + 0.0im 2.6204786419958868e-17 + 0.0im; -1.391560286836733e-16 + 0.0im -2.9822937265043336e-17 + 0.0im; -0.0002504130954130049 + 0.0im 7.070853748598719e-17 + 0.0im; 1.0445391145866575e-16 + 0.0im 6.060286718786858e-5 + 0.0im; -2.358955396568986e-16 + 0.0im 4.924096828222544e-17 + 0.0im; 1.7386395932812572e-16 + 0.0im 3.2513381846462074e-17 + 0.0im; -3.4370423992549424e-18 + 0.0im -1.9823970725440267e-16 + 0.0im; -2.428596774725877e-16 + 0.0im 2.499663190171208e-16 + 0.0im; -1.1396072306352957e-16 + 0.0im 3.491345425863179e-17 + 0.0im; 4.853619320005683e-17 + 0.0im 1.0986685084433651e-17 + 0.0im; -1.8605971419617705e-16 + 0.0im -5.948727707019948e-17 + 0.0im; -2.217865677952006e-16 + 0.0im -0.0004601014662473282 + 0.0im; 0.00031956704620315836 + 0.0im -2.594428120980981e-16 + 0.0im; -2.3845637300958126e-16 + 0.0im 3.5438034535489056e-15 + 0.0im; 1.0576005879661684e-16 + 0.0im -4.865559150936147e-15 + 0.0im; 2.386525499969623e-16 + 0.0im -1.3151985520206461e-15 + 0.0im; 8.719591238815638e-16 + 0.0im -5.016288037207951e-15 + 0.0im; 1.11820602103158e-16 + 0.0im 6.153626668863205e-17 + 0.0im; -4.3814173947986253e-16 + 0.0im 1.0328681006011542e-14 + 0.0im; -0.08497014747635608 + 0.0im 3.5150466924464344e-15 + 0.0im; -1.1170317853509664e-15 + 0.0im -0.06896896080392016 + 0.0im; 1.8178884512347727e-16 + 0.0im 3.396576384254654e-15 + 0.0im; -2.1421731763189333e-16 + 0.0im 1.8180061621241216e-15 + 0.0im; 4.0027978495354754e-16 + 0.0im -1.2992420355261421e-14 + 0.0im; 2.1936442396647474e-16 + 0.0im -3.105678878719533e-15 + 0.0im; -1.8499700128624796e-16 + 0.0im 1.868966818793249e-16 + 0.0im; 7.977895507495287e-16 + 0.0im -0.05288271621813225 + 0.0im; -0.01684742569861397 + 0.0im -8.972898950270219e-16 + 0.0im; 7.934694521563644e-16 + 0.0im -4.946537229908879e-15 + 0.0im; 2.966793104426085e-16 + 0.0im -1.6168750249097084e-14 + 0.0im; -4.592260919730602e-16 + 0.0im 1.885131600468508e-14 + 0.0im; -7.856141912664153e-17 + 0.0im -4.788471998535517e-15 + 0.0im; 4.07721542492695e-15 + 0.0im -0.10895779200449751 + 0.0im; -0.08512982098920334 + 0.0im 1.3905081141472196e-14 + 0.0im; -3.55824236140224e-16 + 0.0im 6.755414025949956e-15 + 0.0im; -4.613215289097907e-16 + 0.0im 1.976262310795176e-15 + 0.0im; 1.874573106166674e-16 + 0.0im -5.126170127631807e-15 + 0.0im; -0.21479524756848475 + 0.0im -1.250133644652043e-14 + 0.0im; -2.2641896676453593e-15 + 0.0im -0.1554811098997717 + 0.0im; -6.576565944737588e-16 + 0.0im -1.4870832839550966e-15 + 0.0im; -7.191649741686181e-16 + 0.0im 2.2622631802540554e-14 + 0.0im; -0.14167262381507165 + 0.0im 2.150034691939016e-14 + 0.0im; -1.4014211276302192e-15 + 0.0im -0.16065592294160178 + 0.0im; -8.820073801412045e-16 + 0.0im 1.5564768515220517e-15 + 0.0im; -8.920286601846679e-16 + 0.0im -0.08660096557052657 + 0.0im; -0.07415876573724989 + 0.0im -1.2324069750237978e-14 + 0.0im; 1.7711158046281857e-16 + 0.0im -6.4625036054365214e-15 + 0.0im; 2.3832553724755927e-17 + 0.0im -5.151102667309594e-15 + 0.0im; 1.28066619618884e-16 + 0.0im -1.1398858161648798e-15 + 0.0im], 2, 10, 180, [-0.43577110805945585, 0.7198440053376901, -0.3466193451524577, -0.45632982095678465, 2.0828355583701237, -0.5792632431102837, 0.09674724179530293, -1.955259881797858, 0.06951418090513371, 0.12500246432401035, 0.017740781546253685, -0.00655590182928738, 0.7069580688271575, 0.7006984646084876, 0.015030536992855666, 0.23755359339516194, -0.04032945527905009, 0.02580455073189773, 0.007689044164452531, -0.028871359735726795, 0.007215484189313524, -0.5652050075851947, 0.24467863056211395, -0.2277581398194153, -0.1918830315367134, -0.02197933907579959, -0.06924242207646256, -0.03702987713958519, 0.23583286867244366, -0.8819287350671042, 1.2060797253984985, 0.8814234184222376, 1.2349950467540247, 0.03463583467120827, -0.19886525811010944, -0.06230423357438196, 0.17957943328074177, -1.4284666077601635, -0.256599110567376, 1.2369479223685527, 0.03476591043929911, -0.16767081368057074, 0.05352268940269604, -0.3047018647533204, 0.5381396011677514, 0.1939359548497045, -0.31702257802770883, 0.7812641044056721, -0.1416351035088089, -0.7103344975298358, -1.1949438571516715, -0.49333232604297544, 0.26816465337793705, 0.8513333764234869, 0.19765733676935215, 0.07344919324546222, -0.16703772472461278, -1.534095600859989, -1.117500326926187, -0.31632085308809244, 0.33410040641266087, 0.5259972729123586, 0.5312512728455836, 0.34146160276968035, 0.1667208631583836])
[6.840490803037514e-17, 7.700955788200875e-17, -4.797394968896057e-16, 9.238563953123995e-17, -7.322164839553162e-16, -1.9198981165043497e-15, 4.454381177598549e-15, 3.147105298707777e-15, 0.9557935623247205, 8.356951962183977e-15, 3.5382932871423353e-16, -8.09442219237717e-17, 5.520107996791793e-17, -4.203482096232917e-18, 2.76484999051447e-17, 1.5044236922250403e-17, -1.9381456714217866e-16, 1.391560286836733e-16, 0.0002504130954130049, -1.0445391145866575e-16, 2.358955396568986e-16, -1.7386395932812572e-16, 3.4370423992549424e-18, 2.428596774725877e-16, 1.1396072306352957e-16, -4.853619320005683e-17, 1.8605971419617705e-16, 2.217865677952006e-16, -0.00031956704620315836, 2.3845637300958126e-16, -1.0576005879661684e-16, -2.386525499969623e-16, -8.719591238815638e-16, -1.11820602103158e-16, 4.3814173947986253e-16, 0.08497014747635608, 1.1170317853509664e-15, -1.8178884512347727e-16, 2.1421731763189333e-16, -4.0027978495354754e-16, -2.1936442396647474e-16, 1.8499700128624796e-16, -7.977895507495287e-16, 0.01684742569861397, -7.934694521563644e-16, -2.966793104426085e-16, 4.592260919730602e-16, 7.856141912664153e-17, -4.07721542492695e-15, 0.08512982098920334, 3.55824236140224e-16, 4.613215289097907e-16, -1.874573106166674e-16, 0.21479524756848475, 2.2641896676453593e-15, 6.576565944737588e-16, 7.191649741686181e-16, 0.14167262381507165, 1.4014211276302192e-15, 8.820073801412045e-16, 8.920286601846679e-16, 0.07415876573724989, -1.7711158046281857e-16, -2.3832553724755927e-17, -1.28066619618884e-16]
Projection L1|R2: -3.006816263003548e-14
scalar = l1_vec' * r1_vec = -0.9970752446748289
Check <L1|R1>: 0.9999999999999999
t before projection
65-element Vector{Float64}:
 -4.890090466974374e-5
  1.1983813931278757e-16
  0.0032898592973255054
 -4.0213082357581797e-16
  7.142497597659818e-17
 -0.0025011281503521977
 -0.021777982953515962
 -8.981033265796943e-16
 -7.584785294712722e-17
  2.4675444813514202e-30
 -0.00052201935224359
 -1.1646864170873698e-18
 -0.0004001313750430842
  5.724348865047585e-18
  7.120180236066594e-18
  0.0001709889076656319
 -9.490346430941407e-5
  1.9458379970847815e-18
 -2.2357522697152027e-20
  7.638685815558903e-34
 -0.00036956279775693574
  6.556380980459357e-18
 -0.0007460255552918957
 -0.00021618414495544502
  3.103974861915571e-18
 -5.994876286655805e-19
  0.0004180877094921359
  3.4297848799592745e-33
  2.4430627262173076e-20
 -0.03182779451632772
  2.2617623422570754e-18
  8.188841540152429e-16
 -0.031626328898583626
 -0.03867463524150548
 -5.249184875614192e-16
 -6.5177276950848975e-18
  3.8125335651430374e-31
 -0.0191734261823676
 -0.022195331855218214
 -3.681060516600909e-16
 -4.1011489805672377e-16
  0.0033946928663011857
  4.1903111184686205e-31
 -1.1284698502960258e-18
 -0.05845307000211593
  1.2586889394960728e-15
  1.340006270204421e-15
 -0.05536479381558454
  1.1357017414685675e-30
 -1.0865262316374292e-17
 -0.10015724261141502
 -0.07225493463618846
 -1.4141621652517704e-15
 -1.2707882272968833e-17
  8.49781828298411e-31
 -0.0798183119335396
 -1.0182124195408396e-15
 -1.1647231984643718e-17
  8.699561797449793e-31
 -0.05538002637694005
  7.258412519591101e-31
 -6.7919682938587984e-18
 -0.026473023621995596
 -1.0869876864726149e-16
 -0.012744380025668292
t after projection
65-element Vector{Float64}:
 -4.890090466974374e-5
  1.1983813931278753e-16
  0.0032898592973255054
 -4.0213082357581797e-16
  7.142497597659809e-17
 -0.0025011281503521977
 -0.021777982953515962
 -8.98103326579694e-16
  1.8494067298182883e-16
  9.819816146831974e-30
 -0.00052201935224359
 -1.16468641708736e-18
 -0.0004001313750430842
  5.724348865047518e-18
  7.120180236066551e-18
  0.0001709889076656319
 -9.490346430941407e-5
  1.94583799708478e-18
  5.451623190227028e-20
 -3.366469614172014e-33
 -0.00036956279775693574
  6.5563809804592075e-18
 -0.0007460255552918957
 -0.00021618414495544502
  3.103974861915543e-18
 -5.994876286655891e-19
  0.0004180877094921359
  2.5189825843026403e-33
 -5.957000368361793e-20
 -0.03182779451632772
  2.261762342257158e-18
  8.18884154015243e-16
 -0.031626328898583626
 -0.03867463524150548
 -5.249184875614192e-16
  1.5892485735020452e-17
  7.194246011071078e-31
 -0.0191734261823676
 -0.022195331855218214
 -3.6810605166009117e-16
 -4.101148980567237e-16
  0.0033946928663011857
  8.398611173411775e-31
  2.751240459174521e-18
 -0.05845307000211593
  1.2586889394960728e-15
  1.3400062702044212e-15
 -0.05536479381558454
  1.6709271399161527e-31
  2.6492638154433608e-17
 -0.10015724261141502
 -0.07225493463618846
 -1.4141621652517706e-15
  3.098555901269289e-17
  3.2463828098890644e-30
 -0.0798183119335396
 -1.0182124195408396e-15
  2.840028693275813e-17
  1.7382963090442192e-30
 -0.05538002637694005
  2.2328838785912495e-30
  1.655996208201668e-17
 -0.026473023621995596
 -1.086987686472616e-16
 -0.012744380025668292
Omega original restricted
65-element Vector{Float64}:
  1.7860276303486376e-7
 -3.1286289353070003e-19
 -2.9689956047878586e-8
 -1.063776959305862e-20
  2.662347707053344e-22
 -2.0618231527944787e-9
 -1.135120619956079e-8
  5.738202854622719e-22
  2.4517377292129416e-17
 -2.6825538327020014e-30
  6.355152253837741e-9
 -6.2371987510542175e-21
 -5.7458713307677895e-9
  1.2131177804789517e-21
  2.5646872259344657e-21
 -6.125761692685377e-9
 -5.6815395367832284e-9
  2.8591365173430698e-21
  7.199047462203127e-21
  3.7727009177127466e-31
 -1.60960992969777e-12
  5.502481562020941e-21
 -9.711673078945483e-10
 -1.893418486624427e-9
  8.56410273371784e-21
  6.102242784548778e-21
 -7.837346956488287e-10
 -2.5577356039343485e-31
 -7.931447624476589e-21
  1.4694453172346925e-8
  1.0234978169796874e-21
  3.323857725294616e-22
  1.903721446721288e-8
 -1.0163145307049852e-8
  1.8889941237013166e-21
  2.1066099752727006e-18
 -2.546511213104732e-31
 -3.6790699619995714e-9
  2.144434765338553e-8
  2.3294841634976936e-21
  1.0345551203186349e-21
  2.926788423941693e-9
 -3.5526073350264388e-31
  3.650861251295427e-19
  1.6098025262838616e-8
  4.417680194030902e-22
  1.2077817067464288e-21
 -4.050454307787565e-8
 -5.398912538259135e-31
  3.512368323730496e-18
 -7.893707835872271e-9
 -1.3204078266435228e-8
 -2.714279160218305e-21
  4.1077713562481235e-18
 -4.455948047388833e-31
 -4.342951400314464e-8
 -1.929042791155809e-21
  3.764615814087273e-18
 -5.6946367714954395e-31
  8.496985407511722e-9
 -3.6024773974288527e-31
  2.19595699366588e-18
  8.361678210843444e-9
  7.492202850361943e-22
  7.566629893558096e-9
Omega restricted
65-element Vector{Float64}:
 -1.7222599827706083e-8
  3.0009346040816966e-20
  3.519191523643974e-8
  1.1833971075229283e-20
 -5.191869540805945e-22
  3.6296426176956923e-9
  2.483452770485659e-8
 -1.1200140045771643e-21
  8.336304120685066e-23
  4.318835703054902e-30
 -3.064125163915477e-10
  1.499631534702677e-22
  2.561938361799241e-10
 -5.382461124379934e-23
 -1.1782946176901929e-22
  2.800141618604939e-10
  2.6237031433536007e-10
 -1.3136288506659727e-22
  1.2987216448311583e-24
 -1.7308774259040103e-32
  7.71957019669636e-14
 -2.4413864483408785e-22
  4.2879289858783405e-11
  8.654988835370194e-11
 -3.895052046680977e-22
 -2.803672411909147e-22
  3.582673077537171e-11
  1.1712987330422353e-32
  1.57286533006982e-24
 -8.708769215642134e-9
 -2.9367372320632165e-22
 -1.2252045242305156e-22
 -6.742609415792355e-9
  3.906702264097601e-9
 -6.96536088327434e-22
  9.129917175612215e-23
  8.205055860947865e-32
  2.0463879732114326e-9
 -7.595168959842612e-9
 -7.939785071993806e-22
 -3.8147549937977552e-22
 -1.0369481220532882e-9
  1.1745069859967694e-31
 -1.2417659360491375e-22
 -1.569645595446942e-8
 -2.0436271400268777e-22
 -6.226543636111097e-22
  1.9755907265064196e-8
  1.8339607412302215e-31
 -1.2693558639733368e-22
  6.948059132493498e-9
  6.440229315778404e-9
  1.2561635986776037e-21
 -1.8146635190411188e-23
  1.8627018344897451e-31
  4.750823171379289e-8
  9.949605183504506e-22
  2.0037843103163173e-22
  2.5787340983950088e-31
 -8.292441809130482e-9
  1.6445815152859522e-31
 -2.90383443136175e-22
 -9.664376309169159e-9
 -4.0697890158394656e-22
 -7.754877033436574e-9
Omega resricted on L28.144441017285773e-23
Omega resricted on L1 (<L1|H|HF>): -2.1084948561005943e-22
Omega resricted on R1 (<R1|H|HF>): -2.1084948561005943e-22
<L1[D]|R1[S]H[S]|HF> additional: -3.25643845556298e-9
<L1|H|R1> with nuclear repulsion : -74.68951558985397
<HF|H|R1>: 1.201694584061391e-16
L1 * A * R1: 0.3232446225601158
Reduced matrix[-75.01276020915765 1.201694584061391e-16; 2.5570951388259762e-17 -74.68951558985397]
Matrix
2×2 Matrix{Float64}:
 -75.0128        1.20169e-16
   2.5571e-17  -74.6895
NEW E0 FROM MATRIX: -75.01276020915765
NEW E1 FROM MATRIX: -74.68951558985397
[1.0 3.717601198281455e-16; 0.0 1.0]
Evaluating remaining element <mu_tilde|H|R1>
Norm of element <mu_tilde|H|R1>: 1.611781130795974e-7
65-element Vector{Float64}:
  2.3767658594980046e-26
  4.751390965207261e-25
  5.0595268084792235e-25
  1.745631918049266e-25
  1.0831243456642962e-24
  2.2799342168949147e-24
 -3.1198211361137893e-25
 -2.9555974023286665e-24
 -3.122259203306771e-9
 -8.802418661245796e-23
  1.7741776986480388e-25
  2.4151184565011806e-23
  2.6306161505127186e-23
  9.722253184592495e-24
  5.584731998402485e-23
  1.170444040978868e-22
 -1.5449890530260297e-23
 -1.5094693486268463e-22
 -1.594805992307789e-7
 -4.4960759834256264e-21
 -1.8153843343803282e-24
 -1.691280894962118e-24
 -7.309476531622373e-26
  1.7338387205327773e-25
 -4.52968026358498e-25
 -1.518525162265268e-25
 -4.838536986122049e-25
  2.790946369981718e-19
  1.0056874324506113e-12
 -4.714223559224014e-24
 -2.269655141278069e-24
 -9.684490041556572e-24
 -1.5192050046943936e-23
  4.559896230682931e-24
  2.1748254613795502e-23
  2.2616155734216578e-8
  6.411206279857452e-22
 -1.701519987885905e-24
  1.767309715857475e-24
  2.8801172136331946e-24
 -7.484406721471419e-25
 -1.0677022681548347e-24
  7.115360610778292e-21
 -4.644936419943767e-11
 -5.82565513521535e-25
 -1.9437979614731746e-24
 -3.054596517090556e-24
  7.816985805137157e-25
 -6.007590528678174e-22
 -4.4726296199463016e-10
 -2.3320812414771845e-24
 -8.813159305853082e-25
  6.771956006356592e-24
  4.6242433853555485e-9
  1.1642369489350455e-22
  1.063237149232351e-26
  2.5859584828421277e-24
  1.1914732940994897e-9
  3.671174805151812e-23
 -2.2585986358909725e-24
 -1.1096513898923713e-21
 -2.7957817266438514e-10
 -5.731784507093015e-17
  1.2765241403737632e-24
  3.1760586187570765e-24
Evaluating remaining element <HF|H|nu_tilde>
Norm of element <HF|H|nu_tilde>: 0.6310595109990652
65-element Vector{Float64}:
  0.00021215232927634012
 -4.977168760883265e-15
 -0.0025369885598066117
  1.2009289530545473e-15
  2.403027397065839e-16
 -0.00643273902808269
 -0.004494615311888933
  6.333281808613047e-16
  1.2799316322511232e-16
  1.511190182006369e-30
  0.05239336012754763
 -4.9873299934333304e-18
  0.019651963684992408
 -2.645453300864631e-16
  4.77048955893622e-17
 -0.029156979521037844
 -0.003541965152492765
 -1.3140530330524311e-16
  3.018027597646292e-20
 -1.2588989683004562e-32
  0.039043531449969804
 -1.5525775109992426e-16
  0.03820659895705575
  0.02369421286935847
  2.2724877535296173e-16
  4.917941054394248e-16
 -0.0224954053985897
  2.673015088484879e-32
 -3.851484536576483e-20
  0.19030556275555352
 -1.9862583799934444e-16
 -2.581268532253489e-15
  0.2150135516546591
  0.1205037915945526
  2.8622937353617317e-15
  1.0240768344673404e-17
  1.3462685527995935e-31
  0.1356328370711587
 -0.016737182000169673
  1.797173521111972e-15
  9.992007221626409e-16
 -0.03437710461989834
 -9.61511568436477e-32
  2.0304846926576394e-18
  0.14998000751864307
 -3.5318969970887792e-15
 -3.1988300897012323e-15
  0.01676122299106253
 -4.913939765683532e-31
  1.0260012508705296e-17
  0.31889801799346934
  0.2912998997620643
  3.899658373995862e-15
  2.588754329863566e-17
  2.728845666792711e-31
  0.19114032976697187
  2.2273849431542203e-15
  1.7074661682515275e-17
  1.6890201497397144e-31
  0.14190557721937125
  1.07509038610325e-31
  8.93775947433071e-18
  0.06920626869936716
  8.153200337090993e-17
  0.0500826884913902
Evaluating remaining element <L1|H|nu_tilde>
Norm of element <L1|H|nu_tilde>: 9.988630769082208e-10
65-element Vector{Float64}:
 -1.5072063954481273e-20
  9.618524906667372e-24
 -5.094514444321314e-18
 -4.670827512639843e-24
 -8.728545928502698e-24
 -1.2878372943349362e-17
 -8.494167547204552e-18
 -2.2756720978756855e-23
  2.747712024034984e-10
 -7.55095234433985e-23
 -1.1556032896061254e-24
  2.6436307433764187e-25
 -1.8028621265665774e-25
  1.3728533346455192e-26
 -9.029974298389635e-26
 -4.9134337563654713e-26
  6.32996569778358e-25
 -4.544822926345176e-25
 -8.178468355669697e-13
  3.411455012293485e-25
 -7.704326337828487e-25
  5.678380706134079e-25
 -1.1225348439960922e-26
 -7.93177442977511e-25
 -3.7219465931968622e-25
  1.5851875459494052e-25
 -6.076692923381974e-25
 -7.243528631895337e-25
  1.0437029942770455e-12
 -7.787962916436791e-25
  3.454113662607507e-25
  7.79437003855938e-25
  2.847810371235277e-24
  3.6520504421076515e-25
 -1.430966837307038e-24
 -2.7751170966751105e-10
 -3.648215399319591e-24
  5.937206737547024e-25
 -6.996317627076852e-25
  1.3073100467280297e-24
  7.16442164021248e-25
 -6.041984818797099e-25
  2.6055732367062587e-24
 -5.502353530008521e-11
  2.5914638349677857e-24
  9.689518626152364e-25
 -1.499828136026661e-24
 -2.5658086261185756e-25
  1.3316147574877064e-23
 -2.7803320187218436e-10
 -1.162118638665265e-24
 -1.506671813530861e-24
  6.1223382922079365e-25
 -7.0151927649382e-10
 -7.394822350456905e-24
 -2.1479003076617067e-24
 -2.3487861024374373e-24
 -4.627014688769694e-10
 -4.577028340465717e-24
 -2.8806278825214153e-24
 -2.9133572897369584e-24
 -2.422018376783829e-10
  5.78444770968868e-25
  7.7836898326441e-26
  4.182643859911473e-25
Building the whole matrix...
(d, V, nconv, niter, nmult, resid) = eigs(A_imp, nev = n_ev, which = :SM, tol = 1.0e-12, maxiter = 1000) = (ComplexF64[2.0102781678776675e-15 + 0.0im, 0.32324461930369547 + 0.0im], ComplexF64[0.9999999999999993 + 0.0im -7.228846323791572e-15 + 0.0im; 5.014235554530236e-15 + 0.0im -0.9999999999999983 + 0.0im; 4.149739813037895e-17 + 0.0im -1.444527364207684e-15 + 0.0im; 1.1592253354553867e-16 + 0.0im 1.7595386924644165e-15 + 0.0im; 3.655000806956353e-17 + 0.0im -1.3079778166247616e-14 + 0.0im; -6.956789849860697e-18 + 0.0im -6.37359171147095e-15 + 0.0im; 5.388238060288552e-16 + 0.0im -1.0263925855959744e-13 + 0.0im; 2.6656792944944095e-16 + 0.0im 4.977182080867435e-14 + 0.0im; -4.778327947245663e-16 + 0.0im -2.7760508572502994e-14 + 0.0im; 1.819940646413551e-15 + 0.0im 1.7066205415892447e-13 + 0.0im; 1.0187311095684819e-16 + 0.0im -2.898923489984279e-9 + 0.0im; 2.3207390255129415e-15 + 0.0im -1.0568445654017323e-13 + 0.0im; 4.1422304998553786e-16 + 0.0im 3.183523298949379e-17 + 0.0im; -8.650807766834695e-17 + 0.0im 9.988012141249701e-17 + 0.0im; 9.476846287709038e-17 + 0.0im 1.4916347074699605e-15 + 0.0im; -4.299653604452114e-17 + 0.0im -1.6431737326852093e-15 + 0.0im; -7.958025310026929e-17 + 0.0im 2.7359684635793696e-15 + 0.0im; -4.499238654426365e-18 + 0.0im -5.519489071897264e-15 + 0.0im; -1.544764050423258e-16 + 0.0im -1.8070741435618875e-16 + 0.0im; 4.2067290003873547e-19 + 0.0im -1.1271482881670662e-15 + 0.0im; 4.489451592826661e-17 + 0.0im -7.839959437704267e-9 + 0.0im; 1.019977687488297e-17 + 0.0im -3.374002056921945e-16 + 0.0im; 5.793041421682215e-16 + 0.0im 2.0516799387890026e-17 + 0.0im; -6.175411245725529e-17 + 0.0im 1.3696467883812117e-15 + 0.0im; 3.6095120229670883e-16 + 0.0im -1.9167104353835284e-16 + 0.0im; -1.0220838096378156e-16 + 0.0im 2.703712393869957e-16 + 0.0im; 1.5570580008076946e-16 + 0.0im 1.2149698379380136e-15 + 0.0im; -2.5680606809020906e-16 + 0.0im -8.202975563833418e-16 + 0.0im; 1.0167066687875384e-16 + 0.0im -2.599775901966472e-15 + 0.0im; 4.0175112452195205e-18 + 0.0im -3.566725817112262e-16 + 0.0im; -4.023826463122158e-17 + 0.0im 4.251139781366696e-11 + 0.0im; 1.8957375138745838e-16 + 0.0im 1.3119150717555019e-14 + 0.0im; 2.669346174072033e-17 + 0.0im 1.3794027075461081e-15 + 0.0im; -1.3877442852279438e-16 + 0.0im 9.014354390265505e-15 + 0.0im; 9.676905088992485e-17 + 0.0im -1.715355203865885e-14 + 0.0im; -4.1893578508199654e-17 + 0.0im -6.197802042154342e-15 + 0.0im; -4.2462115976072086e-17 + 0.0im 3.400560334674972e-15 + 0.0im; 5.992800133369477e-17 + 0.0im 1.4991491359004306e-8 + 0.0im; 1.5170117736186727e-16 + 0.0im 1.9514397426870897e-14 + 0.0im; 4.2488387298380653e-16 + 0.0im -2.6874531958205324e-14 + 0.0im; 5.411243147717553e-17 + 0.0im -1.015231932979019e-14 + 0.0im; -2.270476774916636e-16 + 0.0im -3.603449002034379e-15 + 0.0im; -7.018033428562573e-17 + 0.0im 5.651068027382152e-15 + 0.0im; 3.625531311711135e-17 + 0.0im 1.2747019949517865e-14 + 0.0im; 1.088124106839158e-16 + 0.0im -2.977514162491155e-14 + 0.0im; 2.3983893640773782e-17 + 0.0im -6.248373606006282e-10 + 0.0im; 1.1054691821338646e-16 + 0.0im 3.851326437231645e-15 + 0.0im; -1.0608944457143904e-16 + 0.0im -2.900484578011473e-14 + 0.0im; 1.873156411742718e-16 + 0.0im 3.151334947734984e-14 + 0.0im; -1.8149943862346123e-16 + 0.0im 1.7815164056288845e-14 + 0.0im; 3.422909237885027e-16 + 0.0im -6.154946331943105e-15 + 0.0im; -1.9154738256111976e-16 + 0.0im 7.852238323557528e-10 + 0.0im; -9.320318941535493e-17 + 0.0im 3.805501417160281e-15 + 0.0im; -4.0339898644350866e-17 + 0.0im 4.9023049402424105e-15 + 0.0im; 1.0540146989918024e-16 + 0.0im -2.01370261884448e-15 + 0.0im; 2.299582874299063e-16 + 0.0im 4.510243334150778e-9 + 0.0im; 2.5620132530635483e-16 + 0.0im 1.0921541735898516e-14 + 0.0im; 3.2088641123301105e-17 + 0.0im 1.4971683874147546e-15 + 0.0im; 4.635807340779037e-16 + 0.0im 5.4479885894833135e-14 + 0.0im; 2.824930801456939e-16 + 0.0im 3.6347848277509323e-9 + 0.0im; 3.1749348572845716e-16 + 0.0im -9.492288212904441e-15 + 0.0im; -1.1824567565396398e-16 + 0.0im 1.9092836181454364e-15 + 0.0im; 2.3857423616430187e-16 + 0.0im -1.6568849736937608e-14 + 0.0im; 1.439635013379879e-16 + 0.0im -5.545854260667952e-10 + 0.0im; -2.1021338041282422e-16 + 0.0im -1.6072202404992167e-14 + 0.0im; 6.90657045401794e-17 + 0.0im -8.199094435770282e-16 + 0.0im; -5.501470134015574e-18 + 0.0im 1.099785752216555e-14 + 0.0im], 2, 12, 210, [-1.3568483946209585e-15, 7.500722305473179e-9, -1.046789660329964, 1.3517425515485022, -0.3367744505068813, -0.21510785971971658, -1.090650221439477, 1.2889650098956047, -0.3318590081373048, 1.8095881453929203, -0.0015875855051297727, -0.660355614715924, 0.06467076231945643, -0.0024276534791084444, 1.4135891834405467, -1.655639877915468, 2.5364490461384785, -5.164989706739398, -0.3455402984397192, -1.1356666190312668, -0.26887250844690164, -0.34792480353600047, 0.02477081029943251, 1.371126722991806, -0.32127039925131134, 0.31408118564748977, 1.209844351955245, -0.9081144515685527, -2.3704873715912678, -0.35351969137800876, -0.3518394494509187, 1.2680341172085938, 0.2543962749354675, 0.4534376304716461, -1.4218995771435972, -0.5985608743848274, -0.28441356482211977, 0.3544499460174593, 1.6363239155981566, -2.744189061246186, -0.79107220758221, 0.8484153850315233, 0.15247819489139128, 1.2339700760013452, -1.5787640829664784, -0.2610703639683302, 0.12886659809878176, -0.59660578505693, 0.37926220304075486, 0.6786425433484374, 0.1551348288444951, 0.2820974559667315, 0.03921164534644917, 0.12030853308560435, 0.052835510159426544, 0.1368182386806885, 1.3544839457232885, 0.13676549483038197, 0.9172068774598225, -0.3184794868051943, 0.28105970727047225, 0.04539633597302755, -0.09395546473451899, -0.4405459374984025, -0.2799874859582731, 0.12118506666730465, 0.054115660568535555])
The first 2 eigvals are: ComplexF64[-75.01276020915765 + 0.0im, -74.68951558985395 + 0.0im]
NEW E0 FROM FULL MATRIX: -75.01276020915765 + 0.0im
NEW E1 FROM FULL MATRIX: -74.68951558985395 + 0.0im
Omega tilde, projection removed
65-element Vector{Float64}:
 -1.7222599827706083e-8
  3.0009346040816966e-20
  3.519191523643974e-8
  1.1833971075229283e-20
 -5.191869540805944e-22
  3.6296426176956923e-9
  2.483452770485659e-8
 -1.1200140045771645e-21
 -1.1879853990145668e-22
  4.3188300036213884e-30
 -3.064125163915477e-10
  1.499631534702677e-22
  2.561938361799241e-10
 -5.382461124379929e-23
 -1.1782946176901926e-22
  2.800141618604939e-10
  2.6237031433536007e-10
 -1.3136288506659727e-22
  1.239129606722147e-24
 -1.7308771057228607e-32
  7.71957019669636e-14
 -2.4413864483408776e-22
  4.2879289858783405e-11
  8.654988835370194e-11
 -3.895052046680977e-22
 -2.803672411909147e-22
  3.582673077537171e-11
  1.171298803647041e-32
  1.6379820766966356e-24
 -8.708769215642134e-9
 -2.936737232063217e-22
 -1.2252045242305168e-22
 -6.742609415792355e-9
  3.906702264097601e-9
 -6.96536088327434e-22
  7.392691903194013e-23
  8.205029646131377e-32
  2.0463879732114326e-9
 -7.595168959842612e-9
 -7.9397850719938045e-22
 -3.8147549937977557e-22
 -1.0369481220532882e-9
  1.1745037237497443e-31
 -1.2718411998135575e-22
 -1.569645595446942e-8
 -2.0436271400268777e-22
 -6.226543636111099e-22
  1.9755907265064196e-8
  1.833968249824849e-31
 -1.5589518958218664e-22
  6.948059132493498e-9
  6.440229315778404e-9
  1.2561635986776038e-21
 -5.201750869954206e-23
  1.8626832561937102e-31
  4.750823171379289e-8
  9.949605183504506e-22
  1.6933385299673638e-22
  2.5787273670784044e-31
 -8.292441809130482e-9
  1.6445698327888365e-31
 -3.084857087550395e-22
 -9.664376309169159e-9
 -4.0697890158394647e-22
 -7.754877033436574e-9
Omega_tilde on L1: -2.130327975636602e-38
Omega_tilde on R1: 1.4754451994885605e-22
DIIS dimension: 8
t at step 15 : 
2×5 Matrix{Float64}:
 -4.89053e-5    0.00328987    7.14246e-17  -0.021778     1.52022e-16
  1.19846e-16  -4.02129e-16  -0.00250112   -8.98104e-16  9.78096e-30
t2 at step 15 : 
2×5×2×5 Array{Float64, 4}:
[:, :, 1, 1] =
 -0.000522019  -0.000400131  7.12015e-18  -9.49034e-5    4.48129e-20
 -1.16464e-18   5.72434e-18  0.000170989   1.94581e-18  -4.05441e-33

[:, :, 2, 1] =
 -1.16464e-18   6.55632e-18  -0.000216184  -5.99564e-19   3.29485e-33
 -0.000369563  -0.000746026   3.10387e-18   0.000418088  -4.89664e-20

[:, :, 1, 2] =
 -0.000400131  -0.0318278     8.18884e-16  -0.0386746    1.30637e-17
  6.55632e-18   2.26178e-18  -0.0316263    -5.24919e-16  7.1016e-31

[:, :, 2, 2] =
  5.72434e-18   2.26178e-18  -0.0221953    -4.10115e-16  8.28479e-31
 -0.000746026  -0.0191734    -3.68106e-16   0.00339469   2.26153e-18

[:, :, 1, 3] =
  7.12015e-18   8.18884e-16  -0.0584531     1.34001e-15  3.38536e-31
 -0.000216184  -0.0221953     1.25869e-15  -0.0553648    2.1777e-17

[:, :, 2, 3] =
 0.000170989  -0.0316263     1.25869e-15  -0.0722549    2.54702e-17
 3.10387e-18  -3.68106e-16  -0.100157     -1.41416e-15  3.0753e-30

[:, :, 1, 4] =
 -9.49034e-5   -0.0386746     1.34001e-15  -0.0798183    2.33452e-17
 -5.99564e-19  -4.10115e-16  -0.0722549    -1.01821e-15  1.71426e-30

[:, :, 2, 4] =
 1.94581e-18  -5.24919e-16  -0.0553648    -1.01821e-15  2.13319e-30
 0.000418088   0.00339469   -1.41416e-15  -0.05538      1.36123e-17

[:, :, 1, 5] =
 4.48129e-20  1.30637e-17  3.38536e-31  2.33452e-17  -0.026473
 3.29485e-33  8.28479e-31  2.54702e-17  2.13319e-30  -1.08699e-16

[:, :, 2, 5] =
 -4.05441e-33  7.1016e-31   2.1777e-17  1.71426e-30  -1.08699e-16
 -4.89664e-20  2.26153e-18  3.0753e-30  1.36123e-17  -0.0127444
Module of t 0.022166673840601975
Module of t2 0.21841398901952758
 --------------Energy at step 15 : -75.0127602123523
 --------------E_2 at step 15 : 8.00236697416617
E1 - E0 83.01512718651847
 --------------Difference at step 15 : 7.012801006567315e-9
 --------------Module of omegas 2.0323498809288962e-7
Omega_bj_0 1.8142089584915792e-7
Omega_bjck_0 9.160195922798798e-8

######## END OF ITERATION 15 #########

global amplitudes = -(build_omega(F, g, L, t, t2, o, v)) = [-7.77206841127909e-8, 1.2831796673812431e-19, 1.2298720806564294e-8, 4.4133730734009e-21, -2.287320974927509e-22, -2.535146057377495e-9, -4.21123171017008e-9, -5.438679798601423e-22, -4.914021291121663e-17, -3.5087878987971434e-30, -2.4379411707249175e-9, 1.7257911696035795e-18, 1.2093821089333488e-9, -4.207395976341572e-18, -1.4321635507501106e-17, 2.2339940648775312e-9, -5.840716646562017e-10, -3.375585435968428e-18, -1.4495786179683635e-20, 1.0453569073756803e-31, 2.5954121944438217e-21, 6.329373909875542e-11, 1.2635844518086666e-18, 5.234566685524397e-10, -4.971249998242854e-10, -2.0437181089474143e-18, -8.191052822640425e-19, 7.700551272961773e-10, -1.0060720752114861e-32, 1.58211388739711e-20, 1.2093820850681885e-9, -2.238024165715608e-21, 4.249868852432301e-9, 4.9307201150198186e-18, 5.240033074702103e-18, 7.0497585833237694e-9, -8.927009285564852e-9, -5.735321841812424e-18, -4.222863851761226e-18, -4.040011478467517e-31, -4.916822365181973e-22, 5.234566785285825e-10, -1.6169109310777426e-22, -4.683592890328583e-10, 7.638863781131464e-9, 3.3895312786108e-17, -1.5093029009988105e-17, -1.0556842025535571e-9, -4.808813848211864e-31, -7.309376296693371e-19, -1.1020639845931982e-21, -4.971249874593001e-10, -5.322523105463436e-22, 7.638863715428521e-9, 1.596320168667132e-8, 3.379792855777723e-17, -3.654296706527819e-18, -1.0688363858853616e-8, -2.6093448797634597e-31, -7.039216711090501e-18, 2.2339940644815425e-9, -3.5438585395440864e-21, 7.049758618560446e-9, -5.9295893086127495e-22, 5.395390152890014e-22, -2.032356298132839e-9, 1.01202871669367e-9, 1.7833662824750275e-17, -8.233133045937431e-18, -2.1616719209250102e-30, -5.840716775124843e-10, -2.547703894790189e-21, -8.927009278841316e-9, -4.917786586164574e-22, 7.273933581843097e-22, 1.0120289797209058e-9, -1.877281680066377e-8, 1.0439758755691266e-17, -7.54632734280766e-18, -9.19121038471142e-31, -1.1870417628686092e-21, 7.700551203513525e-10, -7.255418263666458e-22, -1.0556842515052852e-9, -1.0688363922170599e-8, 4.607473464799483e-22, -2.266796488269748e-22, 4.150547636388006e-9, -1.2538040529576174e-30, -4.399941520675595e-18, -1.44957861796972e-20, -9.188665242760083e-33, -4.222863851761181e-18, -4.801225479783512e-31, -2.656082601200015e-31, -8.233133045937467e-18, -7.546327342807676e-18, -1.2571155760211195e-30, 2.851589025450954e-9, 6.316609987754385e-18, 1.0375207174484284e-31, 1.5821138873972302e-20, -3.951883980758232e-31, -7.309376296693264e-19, -7.039216711090503e-18, -2.1541507100068304e-30, -9.191844196004623e-31, -4.3999415206756065e-18, -3.7087554872066466e-22, 3.3400502995147394e-9]
addition_t1 = reshape(amplitudes[1:n], (nv, no)) ./ pre_t[v, o] = [-7.494577452583208e-9 1.4577843747672845e-8 -4.460526350674717e-22 -9.213465841351387e-9 1.3813617579337514e-22; 1.230806959445429e-20 4.9096503583685916e-21 -4.4628823570387864e-9 -1.06155144634397e-21 -4.352459407934686e-30]
addition_t2 = reshape(amplitudes[n + 1:end], (nv, no, nv, no)) ./ pre_t2[v, o, v, o] = [-1.175448925689028e-10 5.3923281247492317e-11 -5.0632141349433246e-23 -2.6972103006801335e-11 -4.858348699646978e-25; 6.24024041511629e-23 -2.1815363406962087e-23 1.0211790907799618e-10 -5.453857474769134e-23 4.741788170516305e-33;;; 6.24024041511629e-23 -9.929850391533871e-23 -2.2724037219655838e-11 -1.170541287151243e-22 -4.310271391527121e-34; 3.0355209232336803e-12 2.3111826834249523e-11 -1.6117874676203634e-22 3.520139867762865e-11 -3.2367698737143325e-25;;;; 5.3923281247492317e-11 2.5187141432543388e-9 -1.9619309632969e-22 -3.431532887469184e-9 -4.572930127455204e-23; -9.929850391533871e-23 -4.6394261453850383e-23 2.496886764733081e-9 -2.6753183575950853e-22 -1.2446927566586338e-31;;; -2.1815363406962087e-23 -4.6394261453850383e-23 2.7055362801269934e-9 -1.8133544138022175e-22 -1.5051422326166205e-31; 2.3111826834249523e-11 -2.605127997342526e-10 -2.0210339017259516e-22 -3.7402423527606694e-10 4.1303694716933445e-23;;;; -5.0632141349433246e-23 -1.9619309632968998e-22 1.556499558648135e-8 3.749971091853405e-22 -2.370030206067693e-31; -2.2724037219655835e-11 2.705536280126993e-9 2.4959176000718167e-22 -5.2132010489707e-9 5.837255892891017e-23;;; 1.0211790907799616e-10 2.4968867647330804e-9 2.4959176000718167e-22 4.93612546979813e-10 1.8926577119637874e-24; -1.6117874676203634e-22 -2.0210339017259516e-22 -1.7888845180652872e-9 2.1323305770464667e-22 -8.062021519313118e-31;;;; -2.6972103006801335e-11 -3.431532887469184e-9 3.7499710918534056e-22 -2.0535880977667412e-8 -1.0685526584648573e-22; -1.170541287151243e-22 -1.813354413802217e-22 4.936125469798129e-10 -1.1691669150500552e-22 -3.997960016488184e-31;;; -5.453857474769134e-23 -2.675318357595085e-22 -5.213201048970699e-9 -1.1691669150500552e-22 -5.149258409089184e-31; 3.520139867762865e-11 -3.740242352760669e-10 2.1323305770464667e-22 4.050633618876687e-9 1.264429920376846e-22;;;; -4.858348699646978e-25 -4.572930127455204e-23 -2.370030206067693e-31 -1.0685526584648573e-22 3.295849077917949e-9; -4.310271391527121e-34 -1.5051422326166205e-31 1.8926577119637874e-24 -5.149258409089184e-31 -2.014608072740904e-22;;; 4.741788170516305e-33 -1.2446927566586338e-31 5.837255892891017e-23 -3.997960016488184e-31 -2.014608072740904e-22; -3.2367698737143325e-25 4.1303694716933445e-23 -8.062021519313118e-31 1.264429920376846e-22 3.4231460666896606e-9]
(d, V, nconv, niter, nmult, resid) = eigs(A_imp, nev = n_ev, which = :SM, tol = 1.0e-12, maxiter = 1000) = (ComplexF64[0.3232446215760554 + 0.0im, 0.39485410736985227 + 0.0im], ComplexF64[-5.838147937422987e-17 + 0.0im -2.7792648354097555e-18 + 0.0im; 2.2930020173277498e-17 + 0.0im -5.15288869156183e-17 + 0.0im; -3.5291758553548136e-16 + 0.0im 4.51279935540732e-16 + 0.0im; -1.9259094444631652e-16 + 0.0im -3.6158131778900796e-15 + 0.0im; -2.360259394231446e-16 + 0.0im 7.17798750383549e-14 + 0.0im; -2.0467494432069658e-15 + 0.0im 4.09190116485136e-15 + 0.0im; 7.16496386279043e-15 + 0.0im -2.2161694448295488e-17 + 0.0im; 1.234842384076289e-16 + 0.0im 1.3618560555834432e-15 + 0.0im; -0.9587957029001789 + 0.0im 5.107752732660925e-15 + 0.0im; 1.0951780990365574e-14 + 0.0im 0.9597669033890075 + 0.0im; 9.846808461755133e-17 + 0.0im 7.321594383590764e-17 + 0.0im; -3.0568904437521587e-16 + 0.0im 8.010530238961047e-17 + 0.0im; -1.1268723680930674e-16 + 0.0im 9.428949092776165e-17 + 0.0im; -5.957877527553574e-17 + 0.0im -1.307238074898304e-16 + 0.0im; -5.268423507036738e-17 + 0.0im 1.3685271689010477e-17 + 0.0im; 4.4079206240464786e-17 + 0.0im -1.1715919064801338e-16 + 0.0im; 1.8448641070208995e-16 + 0.0im -1.3201093036704196e-17 + 0.0im; 2.107041412695256e-17 + 0.0im 4.69300529689244e-17 + 0.0im; -0.0002826284825362026 + 0.0im 2.3510434255161743e-18 + 0.0im; 7.490096039913897e-17 + 0.0im 0.00012979539882682724 + 0.0im; -4.758450966825266e-16 + 0.0im 9.445622394452159e-17 + 0.0im; -6.319517391676019e-17 + 0.0im -1.478105334167084e-16 + 0.0im; 2.1576292839311935e-16 + 0.0im 7.371280683950917e-16 + 0.0im; 1.1821078060663138e-16 + 0.0im -4.8155538754624264e-17 + 0.0im; -4.200564742828303e-18 + 0.0im -1.4872525763017733e-16 + 0.0im; 9.807649528932595e-18 + 0.0im 2.3670655900284408e-17 + 0.0im; -1.1532652261315786e-16 + 0.0im -1.3186384970310555e-16 + 0.0im; 8.883688585573953e-17 + 0.0im 0.0003064760472292058 + 0.0im; 0.00030883039375043017 + 0.0im -8.554364076938031e-19 + 0.0im; 1.5461287691246213e-17 + 0.0im 1.6890950614862257e-15 + 0.0im; 2.3294604905660143e-16 + 0.0im -2.6668029634218575e-15 + 0.0im; -1.3055193341369686e-16 + 0.0im -1.9584286796494286e-15 + 0.0im; -3.6865922031121465e-16 + 0.0im -2.642352313354612e-16 + 0.0im; -4.1547848011290574e-16 + 0.0im -2.4994561121216853e-15 + 0.0im; 1.6986258917168236e-16 + 0.0im -4.0268134985957185e-15 + 0.0im; -0.08239172270340107 + 0.0im 2.9451426616342822e-15 + 0.0im; 7.209988510728651e-16 + 0.0im 0.05834167390952523 + 0.0im; 9.795683332859084e-16 + 0.0im 2.630346841398477e-15 + 0.0im; -2.8852306722042266e-16 + 0.0im -2.0022569740428254e-15 + 0.0im; -5.288492321150155e-16 + 0.0im 1.2962644174056344e-15 + 0.0im; 3.713917922142439e-16 + 0.0im -5.447291917609176e-16 + 0.0im; 3.528318547545398e-16 + 0.0im -1.5327211787440938e-15 + 0.0im; 9.008804879878411e-16 + 0.0im 0.05916464212341956 + 0.0im; -0.014263852898569152 + 0.0im 4.63812646346859e-15 + 0.0im; -2.4691402274946273e-16 + 0.0im 2.3522674810106112e-15 + 0.0im; 6.446963585545407e-17 + 0.0im 9.455188312793244e-15 + 0.0im; -2.2995379873017694e-16 + 0.0im -2.4965042201189143e-15 + 0.0im; 6.89505880988572e-16 + 0.0im -4.203639007217182e-15 + 0.0im; 5.961004991921141e-15 + 0.0im 0.11537646880380491 + 0.0im; -0.13734728158382364 + 0.0im 3.9481802176093075e-15 + 0.0im; -1.3610181623952146e-16 + 0.0im -2.291834468601598e-15 + 0.0im; 4.012104855965712e-16 + 0.0im -2.551126576378516e-15 + 0.0im; -1.4531931672411028e-17 + 0.0im 1.1267923255962658e-14 + 0.0im; -0.16064005732485317 + 0.0im 1.0927379904386797e-15 + 0.0im; 6.714530827020791e-16 + 0.0im 0.1544399029462354 + 0.0im; 8.795362462417365e-16 + 0.0im -2.2501721188402724e-15 + 0.0im; 3.050661696691675e-17 + 0.0im 2.8659056864117447e-15 + 0.0im; -0.14723574233172396 + 0.0im 6.119346512950793e-16 + 0.0im; 1.3235634754244842e-15 + 0.0im 0.13600828424983624 + 0.0im; 7.115258490960123e-16 + 0.0im -1.673471378881881e-15 + 0.0im; 1.0721461975356095e-15 + 0.0im 0.12759901266171253 + 0.0im; -0.08585396775782896 + 0.0im -1.8156818252294576e-15 + 0.0im; 1.14142498539151e-16 + 0.0im -4.061671462551045e-15 + 0.0im; -1.2593658638936794e-16 + 0.0im 5.024277557900727e-15 + 0.0im; -4.408346355310041e-16 + 0.0im 5.667219184416136e-16 + 0.0im], 2, 9, 162, [0.09487511448487132, 0.45863082224988844, -0.839585260683857, 0.7169943184859394, -1.5148324181923996, 1.3773037971095752, 0.06234677021235836, -1.95214014386578, -0.21802901328858407, -0.3886614180839531, 0.012589370508426087, 0.01857024618191958, 0.24967153199989178, 1.2904717376748753, -0.8038652177269197, 0.1909334698958955, -0.3419126188125614, -0.6586640873004078, -0.7698377570870253, -0.5978520451103625, -0.08558297078089312, 1.4602959801490192, -2.339322394057663, 0.06647293994544645, 0.7577655887601665, -0.7142910612369459, 0.43856317794928673, 0.6110984632752442, 0.14531665425410994, -1.0533539294825665, 2.7481805370695893, -0.8157514251078997, 0.0549623935841944, 0.34394639081470985, -0.03318095089238113, -1.0583279007910815, 0.0661403635318773, -1.774656116424414, 1.0557352870963703, -1.1088053532126343, -0.20718435660266737, 0.5566989284085806, 0.2879657425577523, -2.3102209333385306, 0.4748864794725067, 0.39099905681608055, -0.7527481977943261, -0.004464147626528059, 0.14538368584068717, 0.16367277300253294, 0.8635291956730418, 2.16015141279472, -0.8018487304777473, -0.1439888901535653, -0.21765718385715666, 0.07230030825760402, -1.0745776052876423, 2.185478927016219, 2.177593601832142, 0.6550519891601427, 0.5696664452366414, 0.09699736643536155, -0.7609544485049304, -0.2930216962430046, 0.6512801670402768])
[5.838147937422987e-17, -2.2930020173277498e-17, 3.5291758553548136e-16, 1.9259094444631652e-16, 2.360259394231446e-16, 2.0467494432069658e-15, -7.16496386279043e-15, -1.234842384076289e-16, 0.9587957029001789, -1.0951780990365574e-14, -9.846808461755133e-17, 3.0568904437521587e-16, 1.1268723680930674e-16, 5.957877527553574e-17, 5.268423507036738e-17, -4.4079206240464786e-17, -1.8448641070208995e-16, -2.107041412695256e-17, 0.0002826284825362026, -7.490096039913897e-17, 4.758450966825266e-16, 6.319517391676019e-17, -2.1576292839311935e-16, -1.1821078060663138e-16, 4.200564742828303e-18, -9.807649528932595e-18, 1.1532652261315786e-16, -8.883688585573953e-17, -0.00030883039375043017, -1.5461287691246213e-17, -2.3294604905660143e-16, 1.3055193341369686e-16, 3.6865922031121465e-16, 4.1547848011290574e-16, -1.6986258917168236e-16, 0.08239172270340107, -7.209988510728651e-16, -9.795683332859084e-16, 2.8852306722042266e-16, 5.288492321150155e-16, -3.713917922142439e-16, -3.528318547545398e-16, -9.008804879878411e-16, 0.014263852898569152, 2.4691402274946273e-16, -6.446963585545407e-17, 2.2995379873017694e-16, -6.89505880988572e-16, -5.961004991921141e-15, 0.13734728158382364, 1.3610181623952146e-16, -4.012104855965712e-16, 1.4531931672411028e-17, 0.16064005732485317, -6.714530827020791e-16, -8.795362462417365e-16, -3.050661696691675e-17, 0.14723574233172396, -1.3235634754244842e-15, -7.115258490960123e-16, -1.0721461975356095e-15, 0.08585396775782896, -1.14142498539151e-16, 1.2593658638936794e-16, 4.408346355310041e-16]
(d, V, nconv, niter, nmult, resid) = eigs(A_imp, nev = n_ev, which = :SM, tol = 1.0e-12, maxiter = 1000) = (ComplexF64[0.32324462157604217 + 0.0im, 0.39485410736984367 + 0.0im], ComplexF64[5.071681988175304e-17 + 0.0im 8.315543786735967e-17 + 0.0im; 6.64006002023005e-17 + 0.0im -1.954519380895942e-16 + 0.0im; -3.6356353031623505e-16 + 0.0im -1.839474206911122e-15 + 0.0im; -1.833243694854971e-16 + 0.0im 1.8125377534268517e-15 + 0.0im; 2.1529677671168865e-15 + 0.0im 1.0732214178011933e-14 + 0.0im; -6.373543819858479e-16 + 0.0im 9.903755077072572e-15 + 0.0im; 2.128848257602749e-15 + 0.0im -4.272018367168155e-15 + 0.0im; -1.3055078939055547e-15 + 0.0im -6.012514849423436e-15 + 0.0im; -0.9557935631164028 + 0.0im 2.1804059755889107e-14 + 0.0im; -1.817966715555016e-14 + 0.0im -0.9607758629659362 + 0.0im; 2.630218581546367e-16 + 0.0im -3.50683015351452e-16 + 0.0im; 3.8508471815702487e-16 + 0.0im -1.3271263032427235e-16 + 0.0im; -2.884180496703498e-17 + 0.0im 3.430876088636561e-17 + 0.0im; 6.88518201350562e-17 + 0.0im 1.2844450550577793e-18 + 0.0im; -2.6947311880370768e-17 + 0.0im -4.365601881597652e-17 + 0.0im; 5.726033764537815e-17 + 0.0im -2.426379351517707e-16 + 0.0im; 5.591560424756072e-17 + 0.0im 1.3534781794275686e-17 + 0.0im; 2.948252977861762e-17 + 0.0im -6.277215108846725e-17 + 0.0im; -0.00025041309463297594 + 0.0im 4.723017113616644e-17 + 0.0im; 2.4654255898787957e-16 + 0.0im 6.06028617813877e-5 + 0.0im; 1.5581512157010386e-16 + 0.0im 3.0403982406183567e-17 + 0.0im; 1.636362013845586e-18 + 0.0im 8.686606522457875e-18 + 0.0im; 5.052030770311521e-17 + 0.0im 3.906081532665617e-17 + 0.0im; -7.42190556082513e-17 + 0.0im -6.458047127068959e-17 + 0.0im; 1.8987135606767585e-16 + 0.0im 1.0002930589136965e-16 + 0.0im; 2.7260067194472768e-17 + 0.0im -9.399507912511987e-17 + 0.0im; 8.776147223277919e-17 + 0.0im -4.986872479190321e-17 + 0.0im; -2.6547129844422703e-16 + 0.0im -0.00046010146327289507 + 0.0im; 0.00031956703841485993 + 0.0im -1.7951365043910945e-16 + 0.0im; 8.551810722636807e-16 + 0.0im 1.465121807320329e-15 + 0.0im; 2.0754358059068819e-16 + 0.0im -3.26839854072142e-15 + 0.0im; -4.305052175740725e-16 + 0.0im 1.4728738978422692e-16 + 0.0im; -1.0049735271549964e-16 + 0.0im 6.440755120742921e-16 + 0.0im; -3.0723348097543965e-16 + 0.0im 1.1822520327760603e-16 + 0.0im; -1.1517616510253689e-16 + 0.0im -1.2958765710941407e-15 + 0.0im; -0.08497014725100262 + 0.0im 2.8369939449124953e-15 + 0.0im; -1.7099505804536674e-15 + 0.0im -0.06896895751213661 + 0.0im; -8.729840546374823e-17 + 0.0im 1.3674996088964395e-15 + 0.0im; -3.549689796802298e-16 + 0.0im -1.3296822515484799e-15 + 0.0im; 1.4066711108678737e-16 + 0.0im -5.873532465532549e-16 + 0.0im; -1.8484017199800605e-16 + 0.0im 2.2985871930886538e-15 + 0.0im; 3.25801986181368e-17 + 0.0im -7.637859146601451e-16 + 0.0im; 4.667553049956769e-16 + 0.0im -0.052882717831439816 + 0.0im; -0.01684742603424984 + 0.0im 9.751722464148852e-17 + 0.0im; -2.821881840722152e-16 + 0.0im 3.762305970115176e-15 + 0.0im; -1.009042052113277e-16 + 0.0im 7.1593086068633e-15 + 0.0im; -7.843853584724099e-16 + 0.0im -3.676443352787533e-15 + 0.0im; -4.971500042598322e-16 + 0.0im 2.059614791527257e-15 + 0.0im; 3.1478022940056025e-15 + 0.0im -0.1089577903695586 + 0.0im; -0.08512982416724772 + 0.0im 4.257614408044993e-15 + 0.0im; 3.983472311048954e-17 + 0.0im 1.4362032611913408e-15 + 0.0im; 3.126510593479803e-16 + 0.0im -1.884508199536634e-15 + 0.0im; 1.1065211472531986e-16 + 0.0im 7.707333294785134e-15 + 0.0im; -0.21479524343200002 + 0.0im 3.944145727113543e-15 + 0.0im; -3.3767507230079465e-15 + 0.0im -0.1554811086413337 + 0.0im; 2.1534401116962065e-16 + 0.0im 1.882083272983862e-15 + 0.0im; -9.51637291279142e-16 + 0.0im 1.4977681964661702e-15 + 0.0im; -0.14167262360240956 + 0.0im 3.3538723421515753e-15 + 0.0im; -3.402612450099481e-15 + 0.0im -0.16065591762531692 + 0.0im; -1.0717762457453869e-16 + 0.0im -1.7064224010101835e-15 + 0.0im; -1.2502369968828395e-15 + 0.0im -0.08660096844642935 + 0.0im; -0.07415876445474961 + 0.0im -6.621851303030873e-16 + 0.0im; -1.2000174559082064e-16 + 0.0im -2.862787628415189e-15 + 0.0im; 2.0293300848519902e-16 + 0.0im 3.880931709156533e-15 + 0.0im; 1.6569860087255002e-16 + 0.0im 7.74238170431975e-15 + 0.0im], 2, 10, 180, [0.3697058439327717, -0.4369930534034314, 0.46291053550046946, -1.1799781084303673, -0.7329973640161153, -0.8825815859511921, -0.17036573904638658, 1.510996325595676, -0.03320976801077265, 0.0390764926694061, -0.00016238917525705413, -0.0004649388048952343, -0.12781166645812167, -0.5833620348426273, -0.057882139044944485, 0.20438966509126438, -0.20320349019590392, 0.3074660746807155, -0.21316914618339583, -0.0023686422283277046, 0.013641882046309962, 0.4698701675068784, 0.6031579284674612, 0.03542121956364914, -0.031105331244410533, 0.11197850965263606, -0.19299019835907125, 0.006103584417124069, -0.0907503877639687, -2.2766598245036347, -0.8211531032206228, -0.6285402963425688, 0.08197750673440735, 0.25761576373690354, -1.3133427198375374, 0.05910037670191058, -0.791907169236781, -1.1726264671187838, 0.6270969359054042, 0.6925850557737894, 0.3562856824478035, 0.14621092415460504, -0.1897498291442856, -0.011630786432742334, -0.8064021526429058, -1.2848887556934432, 0.20697123308266754, -0.2821177772873248, 0.061309688225912706, 0.21530795261358132, -0.3830891979821401, 0.2278299910428055, -0.017836984900612293, -0.019911722855433103, 0.04108280342858247, -0.8292475735770949, 0.23668551663563966, 0.0467333928070801, 0.01732121693595952, -0.02848644993438994, 0.1299554961243714, 0.08451079249683054, 0.8459307407241182, 0.45537893097540033, -0.22203444244398818])
[5.071681988175304e-17, 6.64006002023005e-17, -3.6356353031623505e-16, -1.833243694854971e-16, 2.1529677671168865e-15, -6.373543819858479e-16, 2.128848257602749e-15, -1.3055078939055547e-15, -0.9557935631164028, -1.817966715555016e-14, 2.630218581546367e-16, 3.8508471815702487e-16, -2.884180496703498e-17, 6.88518201350562e-17, -2.6947311880370768e-17, 5.726033764537815e-17, 5.591560424756072e-17, 2.948252977861762e-17, -0.00025041309463297594, 2.4654255898787957e-16, 1.5581512157010386e-16, 1.636362013845586e-18, 5.052030770311521e-17, -7.42190556082513e-17, 1.8987135606767585e-16, 2.7260067194472768e-17, 8.776147223277919e-17, -2.6547129844422703e-16, 0.00031956703841485993, 8.551810722636807e-16, 2.0754358059068819e-16, -4.305052175740725e-16, -1.0049735271549964e-16, -3.0723348097543965e-16, -1.1517616510253689e-16, -0.08497014725100262, -1.7099505804536674e-15, -8.729840546374823e-17, -3.549689796802298e-16, 1.4066711108678737e-16, -1.8484017199800605e-16, 3.25801986181368e-17, 4.667553049956769e-16, -0.01684742603424984, -2.821881840722152e-16, -1.009042052113277e-16, -7.843853584724099e-16, -4.971500042598322e-16, 3.1478022940056025e-15, -0.08512982416724772, 3.983472311048954e-17, 3.126510593479803e-16, 1.1065211472531986e-16, -0.21479524343200002, -3.3767507230079465e-15, 2.1534401116962065e-16, -9.51637291279142e-16, -0.14167262360240956, -3.402612450099481e-15, -1.0717762457453869e-16, -1.2502369968828395e-15, -0.07415876445474961, -1.2000174559082064e-16, 2.0293300848519902e-16, 1.6569860087255002e-16]
Projection L1|R2: -2.4034289629300626e-14
scalar = l1_vec' * r1_vec = -0.997075244884334
Check <L1|R1>: 0.9999999999999999
t before projection
65-element Vector{Float64}:
 -4.8912815537550586e-5
  1.1985853754312284e-16
  0.003289882336989535
 -4.0212404655126684e-16
  7.142415773459116e-17
 -0.0025011260508988305
 -0.021777984288171494
 -8.981049484053767e-16
  1.5202191334450378e-16
  5.428503550079416e-30
 -0.0005220195309009919
 -1.1645807413322212e-18
 -0.0004001312628030109
  5.724314374131544e-18
  7.12009930881945e-18
  0.0001709890548299927
 -9.490347083145188e-5
  1.945750478580414e-18
  4.481240563233956e-20
  6.8737776067773415e-34
 -0.0003695628056695286
  6.556216072755916e-18
 -0.0007460255459019409
 -0.00021618417415090346
  3.103710635295262e-18
 -5.996810923297321e-19
  0.00041808777113971733
  2.8638229497687967e-33
 -4.8966693040859876e-20
 -0.031827791858153195
  2.261736101400882e-18
  8.188840280052976e-16
 -0.0316263281949902
 -0.03867464086954868
 -5.249188925779152e-16
  1.3063648220404038e-17
  5.856904927228109e-31
 -0.019173426795465937
 -0.022195332148288636
 -3.6810641155356707e-16
 -4.1011518073400004e-16
  0.003394692655815847
  6.779642825098552e-31
  2.261569380354665e-18
 -0.05845306324770107
  1.2586892551472956e-15
  1.3400067048523298e-15
 -0.05536480508454651
  1.0153271440218681e-31
  2.177705984403668e-17
 -0.10015724931692853
 -0.07225493660560475
 -1.4141619252889264e-15
  2.5470251510621073e-17
  2.269095906668653e-30
 -0.07981833580383181
 -1.0182125711088443e-15
  2.3345057885158193e-17
  1.3144651965100172e-30
 -0.05538002002891722
  1.6182623938658656e-30
  1.36124477376528e-17
 -0.026473021759066153
 -1.0869906889913613e-16
 -0.012744376845028044
t after projection
65-element Vector{Float64}:
 -4.8912815537550586e-5
  1.1985853754312284e-16
  0.003289882336989535
 -4.021240465512669e-16
  7.142415773459111e-17
 -0.0025011260508988305
 -0.021777984288171494
 -8.981049484053767e-16
 -3.9785577363575637e-17
  7.619412024316879e-30
 -0.0005220195309009919
 -1.1645807413322825e-18
 -0.0004001312628030109
  5.724314374131532e-18
  7.120099308819438e-18
  0.0001709890548299927
 -9.490347083145188e-5
  1.9457504785804184e-18
 -1.1727543257632832e-20
  1.5671346944444287e-32
 -0.0003695628056695286
  6.556216072755904e-18
 -0.0007460255459019409
 -0.00021618417415090346
  3.103710635295261e-18
 -5.996810923297302e-19
  0.00041808777113971733
  2.0635679985389532e-32
  1.2814959401344747e-20
 -0.031827791858153195
  2.2617361014009286e-18
  8.188840280052976e-16
 -0.0316263281949902
 -0.03867464086954868
 -5.249188925779152e-16
 -3.4188511682071765e-18
  7.299266214511562e-31
 -0.019173426795465937
 -0.022195332148288636
 -3.6810641155356717e-16
 -4.1011518073399994e-16
  0.003394692655815847
  8.58185809688318e-31
 -5.91920496610869e-19
 -0.05845306324770107
  1.2586892551472956e-15
  1.3400067048523298e-15
 -0.05536480508454651
  1.2940343142114697e-30
 -5.699322618340652e-18
 -0.10015724931692853
 -0.07225493660560475
 -1.4141619252889264e-15
 -6.665860707530975e-18
  2.403420383229953e-30
 -0.07981833580383181
 -1.0182125711088443e-15
 -6.109515381874382e-18
  1.5792446362239492e-30
 -0.05538002002891722
  1.8327456995372136e-30
 -3.562675255859371e-18
 -0.026473021759066153
 -1.0869906889913615e-16
 -0.012744376845028044
Omega original restricted
65-element Vector{Float64}:
 -7.77206841127909e-8
  1.2831796673812431e-19
  1.2298720806564294e-8
  4.4133730734009e-21
 -2.287320974927509e-22
 -2.535146057377495e-9
 -4.21123171017008e-9
 -5.438679798601423e-22
 -4.914021291121663e-17
 -3.5087878987971434e-30
 -2.4379411707249175e-9
  2.5954121944438217e-21
  1.2093820850681885e-9
 -4.916822365181973e-22
 -1.1020639845931982e-21
  2.2339940644815425e-9
 -5.840716775124843e-10
 -1.1870417628686092e-21
 -1.44957861796972e-20
  1.0375207174484284e-31
  6.329373909875542e-11
 -2.238024165715608e-21
  5.234566785285825e-10
 -4.971249874593001e-10
 -3.5438585395440864e-21
 -2.547703894790189e-21
  7.700551203513525e-10
 -9.188665242760083e-33
  1.5821138873972302e-20
  4.249868852432301e-9
 -1.6169109310777426e-22
 -5.322523105463436e-22
  7.049758618560446e-9
 -8.927009278841316e-9
 -7.255418263666458e-22
 -4.222863851761181e-18
 -3.951883980758232e-31
 -4.683592890328583e-10
  7.638863715428521e-9
 -5.9295893086127495e-22
 -4.917786586164574e-22
 -1.0556842515052852e-9
 -4.801225479783512e-31
 -7.309376296693264e-19
  1.596320168667132e-8
  5.395390152890014e-22
  7.273933581843097e-22
 -1.0688363922170599e-8
 -2.656082601200015e-31
 -7.039216711090503e-18
 -2.032356298132839e-9
  1.0120289797209058e-9
  4.607473464799483e-22
 -8.233133045937467e-18
 -2.1541507100068304e-30
 -1.877281680066377e-8
 -2.266796488269748e-22
 -7.546327342807676e-18
 -9.191844196004623e-31
  4.150547636388006e-9
 -1.2571155760211195e-30
 -4.3999415206756065e-18
  2.851589025450954e-9
 -3.7087554872066466e-22
  3.3400502995147394e-9
Omega restricted
65-element Vector{Float64}:
  7.494577452583208e-9
 -1.230806959445429e-20
 -1.4577843747672845e-8
 -4.9096503583685916e-21
  4.460526350674717e-22
  4.4628823570387864e-9
  9.213465841351387e-9
  1.06155144634397e-21
 -1.3813617579337514e-22
  4.352459407934686e-30
  1.175448925689028e-10
 -6.24024041511629e-23
 -5.3923281247492317e-11
  2.1815363406962087e-23
  5.0632141349433246e-23
 -1.0211790907799616e-10
  2.6972103006801335e-11
  5.453857474769134e-23
  4.858348699646978e-25
 -4.741788170516305e-33
 -3.0355209232336803e-12
  9.929850391533871e-23
 -2.3111826834249523e-11
  2.2724037219655835e-11
  1.6117874676203634e-22
  1.170541287151243e-22
 -3.520139867762865e-11
  4.310271391527121e-34
  3.2367698737143325e-25
 -2.5187141432543388e-9
  4.6394261453850383e-23
  1.9619309632968998e-22
 -2.4968867647330804e-9
  3.431532887469184e-9
  2.675318357595085e-22
  4.572930127455204e-23
  1.2446927566586338e-31
  2.605127997342526e-10
 -2.705536280126993e-9
  2.0210339017259516e-22
  1.813354413802217e-22
  3.740242352760669e-10
  1.5051422326166205e-31
 -4.1303694716933445e-23
 -1.556499558648135e-8
 -2.4959176000718167e-22
 -3.7499710918534056e-22
  5.213201048970699e-9
  2.370030206067693e-31
 -5.837255892891017e-23
  1.7888845180652872e-9
 -4.936125469798129e-10
 -2.1323305770464667e-22
 -1.8926577119637874e-24
  8.062021519313118e-31
  2.0535880977667412e-8
  1.1691669150500552e-22
  1.0685526584648573e-22
  3.997960016488184e-31
 -4.050633618876687e-9
  5.149258409089184e-31
 -1.264429920376846e-22
 -3.295849077917949e-9
  2.014608072740904e-22
 -3.4231460666896606e-9
Omega resricted on L21.5205379718296804e-23
Omega resricted on L1 (<L1|H|HF>): -1.5577576015496135e-22
Omega resricted on R1 (<R1|H|HF>): -1.5577576015496135e-22
<L1[D]|R1[S]H[S]|HF> additional: -3.783150128399449e-11
<L1|H|R1> with nuclear repulsion : -74.68951559101195
<HF|H|R1>: -2.8262195294824703e-16
L1 * A * R1: 0.32324462157605205
Reduced matrix[-75.01276021255018 -2.8262195294824703e-16; 5.125201008336196e-17 -74.68951559101195]
Matrix
2×2 Matrix{Float64}:
 -75.0128       -2.82622e-16
   5.1252e-17  -74.6895
NEW E0 FROM MATRIX: -75.01276021255018
NEW E1 FROM MATRIX: -74.68951559101195
[1.0 -8.743284005881842e-16; 0.0 1.0]
Evaluating remaining element <mu_tilde|H|R1>
Norm of element <mu_tilde|H|R1>: 6.931371883717055e-8
65-element Vector{Float64}:
  2.2086590119076753e-27
 -8.674770876273673e-28
  1.33514020903298e-26
  7.286004562106535e-27
  8.9292156303427e-27
  7.743160418869934e-26
 -2.710613395749303e-25
 -4.671594123871295e-27
  3.627268086535652e-11
 -4.143223165990417e-25
 -4.211560492937925e-24
  1.66424201923825e-24
 -2.5154200239691185e-23
 -1.3878705944075118e-23
 -1.7009536725624396e-23
 -1.4768016624719175e-22
  5.164727060212292e-22
  8.899308569455299e-24
 -6.910502818253673e-8
  7.893449375498826e-22
  1.8001934383389802e-26
 -1.068018276848708e-25
 -8.162635479618106e-27
 -4.472091270114724e-27
  6.275616983269209e-26
 -2.634093381048179e-26
  4.36297547358803e-27
  1.1447367875119053e-19
 -1.1683517437705923e-14
  1.6800061554851676e-24
  9.083040345548583e-25
  1.12889285187902e-24
  8.797114638793944e-24
 -3.3704085218924343e-23
 -5.944572382269515e-25
  4.568895448072927e-9
 -5.2179581109565844e-23
 -3.705854065788289e-26
  1.091526078866623e-26
 -5.057518465977012e-25
  2.0407276880082092e-25
 -1.334815876666293e-26
  2.903847102730982e-21
  5.396229692469274e-13
  9.341128168608934e-27
 -6.467723077965168e-25
  2.7601582695342074e-25
 -2.6085042622035253e-26
 -2.992516889298461e-22
  5.196053859591577e-12
 -5.582325376153401e-24
  2.186273277094216e-23
  3.37652585242204e-25
 -2.611363965919529e-9
  2.987214847913179e-23
 -8.148110391751839e-24
 -1.410088806596812e-25
  1.0914751504835335e-9
 -1.2453751002537783e-23
 -2.6918091073601563e-26
 -5.397137219196795e-22
  3.247984491466328e-12
 -1.2330559635498197e-17
  4.7671240628047754e-27
  1.6677436080120425e-26
Evaluating remaining element <HF|H|nu_tilde>
Norm of element <HF|H|nu_tilde>: 0.6310595109016222
65-element Vector{Float64}:
  0.00021215210151417905
 -4.977167692564348e-15
 -0.0025369841187224515
  1.200930727347279e-15
  2.403028964919219e-16
 -0.006432733446231274
 -0.004494612136870124
  6.333273181241882e-16
  2.681672085349077e-16
  5.532022422353427e-30
  0.05239336012754763
 -4.98732999343343e-18
  0.019651963684992408
 -2.645453300864631e-16
  4.77048955893622e-17
 -0.029156979521037844
 -0.003541965152492765
 -1.3140530330524314e-16
  7.097983648886581e-20
 -6.988272937625282e-32
  0.039043531449969804
 -1.5525775109992423e-16
  0.03820659895705575
  0.02369421286935847
  2.272487753529617e-16
  4.917941054394248e-16
 -0.0224954053985897
  7.524809908074493e-32
 -9.058158946185892e-20
  0.19030556275555352
 -1.9862583799934446e-16
 -2.581268532253489e-15
  0.2150135516546591
  0.1205037915945526
  2.8622937353617317e-15
  2.408487130894949e-17
  4.8468716375449265e-31
  0.1356328370711587
 -0.016737182000169673
  1.797173521111972e-15
  9.992007221626409e-16
 -0.03437710461989834
 -1.3230224752208724e-31
  4.775419380212558e-18
  0.14998000751864307
 -3.5318969970887792e-15
 -3.198830089701232e-15
  0.01676122299106253
 -8.922476376695503e-31
  2.413013188696653e-17
  0.31889801799346934
  0.2912998997620643
  3.899658373995862e-15
  6.088392174432952e-17
  9.571432937005872e-31
  0.19114032976697187
  2.2273849431542207e-15
  4.015724366565708e-17
  9.64473825528275e-31
  0.14190557721937125
  3.5438089905458373e-31
  2.1020374285655565e-17
  0.06920626869936716
  8.153200337090987e-17
  0.0500826884913902
Evaluating remaining element <L1|H|nu_tilde>
Norm of element <L1|H|nu_tilde>: 1.1604238808667654e-11
65-element Vector{Float64}:
 -3.2106337613436757e-21
  2.8314886707472804e-23
 -1.095967197419949e-18
  4.587871713121638e-24
  6.411771859051078e-25
 -2.7704654947462013e-18
 -1.8273143976208703e-18
  4.1147101536462454e-24
 -3.192139936226312e-12
 -3.428498346604072e-23
 -9.97969994295673e-27
 -1.4611066801777982e-26
  1.0943294272336282e-27
 -2.6124083766084307e-27
  1.0224476730647437e-27
 -2.1725988567737207e-27
 -2.121576345155691e-27
 -1.1186401115640645e-27
  9.50129226429189e-15
 -9.354434567264023e-27
 -5.9120111566193386e-27
 -6.20876227200491e-29
 -1.9168654477625868e-27
  2.8160545675428334e-27
 -7.204188939322562e-27
 -1.0343143833533924e-27
 -3.329887354534399e-27
  1.0072637766793139e-26
 -1.212516395943273e-14
 -3.2447685367160346e-26
 -7.874716854004606e-27
  1.633443290762794e-26
  3.813118165154647e-27
  1.1657198280313122e-26
  4.3700686185099844e-27
  3.2239775797466632e-12
  6.487975497526711e-26
  3.312317455816071e-27
  1.3468401185818894e-26
 -5.337258166822637e-27
  7.013293369937721e-27
 -1.2361733301259737e-27
 -1.770985089726465e-26
  6.392330196911696e-13
  1.0706917760549266e-26
  3.828555155288828e-27
  2.976152085657071e-26
  1.886310097556933e-26
 -1.194354058416608e-25
  3.2300361169462824e-12
 -1.5114279350871565e-27
 -1.186275460538334e-26
 -4.1984149559276825e-27
  8.149862880846351e-12
  1.2812227559417932e-25
 -8.170684486313868e-27
  3.6107472923069417e-26
  5.37540979902994e-12
  1.2910353349491397e-25
  4.066584204663015e-27
  4.743708440816562e-26
  2.8137669720350566e-12
  4.553163079409677e-27
 -7.699780343020425e-27
 -6.287014810394938e-27
Building the whole matrix...
(d, V, nconv, niter, nmult, resid) = eigs(A_imp, nev = n_ev, which = :SM, tol = 1.0e-12, maxiter = 1000) = (ComplexF64[9.28729126989994e-15 + 0.0im, 0.3232446215382302 + 0.0im], ComplexF64[-0.9999999999999999 + 0.0im 1.6487374413368206e-15 + 0.0im; 1.3178665951733998e-15 + 0.0im -0.9999999999999997 + 0.0im; 9.569526504957006e-17 + 0.0im 2.128389238220721e-16 + 0.0im; 1.3961475993948364e-16 + 0.0im 1.642677571872921e-16 + 0.0im; -1.0619720226646286e-18 + 0.0im -2.231793426315316e-16 + 0.0im; -7.192432930653937e-17 + 0.0im 2.157015500001839e-16 + 0.0im; -8.184572035362495e-17 + 0.0im -2.198660821054783e-16 + 0.0im; 1.0260262681993735e-16 + 0.0im -4.4120376761050276e-16 + 0.0im; 1.9902628802474545e-16 + 0.0im -5.91680517090764e-17 + 0.0im; 5.645536743648916e-16 + 0.0im 3.3092995049534035e-16 + 0.0im; 4.3494001797931925e-16 + 0.0im -8.124907550447183e-11 + 0.0im; 1.792629934639014e-15 + 0.0im -6.815658652461623e-17 + 0.0im; 3.9040656489276565e-16 + 0.0im -5.363525162557885e-18 + 0.0im; 4.698961622662518e-17 + 0.0im 1.1729056645592208e-16 + 0.0im; 3.8775486077803384e-17 + 0.0im -1.1620473638172176e-16 + 0.0im; 6.88816674566799e-17 + 0.0im 1.466455189287754e-17 + 0.0im; -1.0280047617720466e-16 + 0.0im 8.498162718312363e-17 + 0.0im; -1.309889724354622e-16 + 0.0im 4.7895905735475166e-17 + 0.0im; 6.977048903151242e-17 + 0.0im 5.891602732795366e-17 + 0.0im; -2.0210978799283178e-17 + 0.0im -1.4903406087871867e-17 + 0.0im; -6.764566954197447e-17 + 0.0im -3.3919640956508746e-9 + 0.0im; 6.211209397095167e-17 + 0.0im -1.1365869751441951e-17 + 0.0im; -1.6501045933487347e-16 + 0.0im -3.855805767566846e-16 + 0.0im; 2.5750320943224326e-16 + 0.0im -5.64521729079223e-18 + 0.0im; -9.039845605983105e-17 + 0.0im -1.1782369215861905e-16 + 0.0im; -8.107104639599193e-18 + 0.0im 3.792201773969451e-17 + 0.0im; -1.775524529688381e-17 + 0.0im 5.834896462107657e-19 + 0.0im; 1.909003639146388e-16 + 0.0im 1.5665822614899447e-17 + 0.0im; 2.0001870764263025e-16 + 0.0im 4.3976654347929665e-17 + 0.0im; -4.324804369751359e-17 + 0.0im -1.2015529741208881e-17 + 0.0im; 3.234907083454744e-17 + 0.0im 1.4966183035667984e-11 + 0.0im; 2.339160251347874e-17 + 0.0im -1.506386501335929e-15 + 0.0im; 1.502158423592044e-16 + 0.0im -9.041853498546674e-17 + 0.0im; 2.5181461957014558e-17 + 0.0im 2.887956815856859e-16 + 0.0im; 1.9513082773872706e-16 + 0.0im -1.2080704140319294e-16 + 0.0im; 3.502812069566594e-16 + 0.0im 1.6718475899285321e-16 + 0.0im; 1.258818707153006e-16 + 0.0im -4.3468148754353124e-16 + 0.0im; 1.8294637516769402e-17 + 0.0im 3.512981209183647e-9 + 0.0im; 7.096588299957471e-17 + 0.0im 3.326395165584108e-17 + 0.0im; 1.451514359908331e-16 + 0.0im 4.071571718176224e-16 + 0.0im; -1.6458394300066454e-17 + 0.0im 6.776419986507257e-16 + 0.0im; -1.5094232485894302e-17 + 0.0im -5.607005068581721e-17 + 0.0im; -1.9348473848486794e-17 + 0.0im -6.30971418109597e-16 + 0.0im; -7.012507745977205e-17 + 0.0im -3.608224924576897e-17 + 0.0im; 1.0878345900539693e-16 + 0.0im -1.393704701237942e-17 + 0.0im; -3.0223537038206766e-19 + 0.0im -4.595849830812475e-10 + 0.0im; -1.0933024565756297e-16 + 0.0im 3.247415096700386e-16 + 0.0im; -2.1572338978398138e-16 + 0.0im -1.0553239192125441e-16 + 0.0im; 4.796455151594402e-17 + 0.0im 8.499754816608634e-17 + 0.0im; 3.410831642813084e-17 + 0.0im -4.1022632698212845e-17 + 0.0im; 5.21305076510732e-16 + 0.0im 1.5505298676291475e-16 + 0.0im; -2.501392835445069e-17 + 0.0im 6.859551067196961e-10 + 0.0im; -1.7341333194571525e-16 + 0.0im 3.5843694059768566e-16 + 0.0im; 1.414806176203027e-16 + 0.0im 8.308563219436584e-16 + 0.0im; 9.082514722249963e-17 + 0.0im 2.6457873729332002e-17 + 0.0im; -4.759746878305536e-17 + 0.0im -2.843610361831334e-9 + 0.0im; 2.840465278503482e-16 + 0.0im 3.191892108800131e-17 + 0.0im; -6.00701909036577e-17 + 0.0im 3.8254000857979266e-16 + 0.0im; -5.4306752479382776e-17 + 0.0im 3.883554112611882e-17 + 0.0im; -1.615961270725111e-16 + 0.0im 2.891180187147833e-9 + 0.0im; 2.6284320218980975e-16 + 0.0im -3.2060939927303934e-16 + 0.0im; 1.8872150609950605e-17 + 0.0im -2.2295209806505898e-17 + 0.0im; 2.76013281922926e-16 + 0.0im -1.9068857987044173e-16 + 0.0im; 1.3008571281454918e-16 + 0.0im -9.364540989889664e-10 + 0.0im; -2.670052869926614e-17 + 0.0im 1.3577734548990724e-16 + 0.0im; -4.0589173822262843e-17 + 0.0im 2.784572811664678e-18 + 0.0im; 9.234073312976327e-17 + 0.0im 2.7857470848402287e-16 + 0.0im], 2, 12, 209, [-9.526306849907427e-16, 8.298502017499193e-10, -1.8900702348757692, -5.447948822499963, 0.09337395540200873, -0.40565193488140056, 0.10944576653769732, 0.40997912642851814, 0.23018812826805948, -0.05130662091665324, -0.00795984612636827, -0.00940686331218314, 0.06814068625691594, 0.10542760313079555, 1.1464947567249926, -1.4191079304674297, -2.6040427609374928, 0.17784398245285515, -0.08185850305709148, 0.8485928319974787, -0.10700447489374437, 0.3638080827855603, 0.057258959362293, 0.33815789500961796, 1.3890547862063656, -0.1321255093411279, -0.9719243801999256, -0.343516581049553, -0.5930520272961683, 0.4398802428576372, -0.15209370985396148, 3.7353519107096025, 0.2906747895244944, -0.6486863947097518, 0.2511504407064593, -0.24807555587214347, 1.0294553558348545, 0.003447343721873283, -0.07042561083741058, -1.1275994382657983, -1.541617710513626, 0.10020032824041229, 1.4282879897755416, 0.2173571428242869, -0.01397994991129158, -0.041629244928109634, -0.11735587314684306, 0.17269702229412423, -0.14448823932642688, 0.22395209488179138, -0.16154263878926928, 0.03360691579933689, -0.642549221468844, -1.12635712031361, -0.19405627925654995, -0.032834104697140154, -0.05050371210166238, -0.31645488241204417, -0.1464387345659294, 0.09216921929065419, 0.3185423234198538, -0.01595736379269735, 0.19008662579779587, -0.05808760116305278, 0.034761762614876845, -0.0373826064269399, -0.36060667694334814])
The first 2 eigvals are: ComplexF64[-75.01276021255016 + 0.0im, -74.68951559101194 + 0.0im]
NEW E0 FROM FULL MATRIX: -75.01276021255016 + 0.0im
NEW E1 FROM FULL MATRIX: -74.68951559101194 + 0.0im
Omega tilde, projection removed
65-element Vector{Float64}:
  7.494577452583208e-9
 -1.230806959445429e-20
 -1.4577843747672845e-8
 -4.9096503583685916e-21
  4.460526350674717e-22
  4.4628823570387864e-9
  9.213465841351387e-9
  1.06155144634397e-21
  1.1220953659210704e-23
  4.352457701912677e-30
  1.175448925689028e-10
 -6.240240415116285e-23
 -5.3923281247492317e-11
  2.1815363406962096e-23
  5.063214134943325e-23
 -1.0211790907799616e-10
  2.6972103006801335e-11
  5.453857474769134e-23
  5.29861536673218e-25
 -4.741799838270347e-33
 -3.0355209232336803e-12
  9.929850391533872e-23
 -2.3111826834249523e-11
  2.2724037219655835e-11
  1.6117874676203634e-22
  1.170541287151243e-22
 -3.520139867762865e-11
  4.3101330051928805e-34
  2.7556869802600396e-25
 -2.5187141432543388e-9
  4.639426145385035e-23
  1.9619309632969e-22
 -2.4968867647330804e-9
  3.431532887469184e-9
  2.6753183575950844e-22
  5.856393450915113e-23
  1.2446916335171928e-31
  2.605127997342526e-10
 -2.705536280126993e-9
  2.0210339017259526e-22
  1.8133544138022165e-22
  3.740242352760669e-10
  1.5051408292631923e-31
 -3.9081732188920285e-23
 -1.556499558648135e-8
 -2.4959176000718167e-22
 -3.749971091853405e-22
  5.213201048970699e-9
  2.370020920266854e-31
 -3.697718173497251e-23
  1.7888845180652872e-9
 -4.936125469798129e-10
 -2.1323305770464667e-22
  2.3131169329151783e-23
  8.062020473351974e-31
  2.0535880977667412e-8
  1.1691669150500552e-22
  1.2979102553019006e-22
  3.99795795469712e-31
 -4.050633618876687e-9
  5.149256738945295e-31
 -1.1306902494788924e-22
 -3.295849077917949e-9
  2.0146080727409042e-22
 -3.4231460666896606e-9
Omega_tilde on L1: -1.520451013643207e-38
Omega_tilde on R1: -6.247498385734419e-23
DIIS dimension: 8
t at step 16 : 
2×5 Matrix{Float64}:
 -4.89121e-5    0.00328988    7.14238e-17  -0.021778     -3.55647e-17
  1.19858e-16  -4.02125e-16  -0.00250113   -8.98105e-16   7.56017e-30
t2 at step 16 : 
2×5×2×5 Array{Float64, 4}:
[:, :, 1, 1] =
 -0.00052202   -0.000400131  7.1201e-18   -9.49035e-5   -1.04834e-20
 -1.16458e-18   5.72432e-18  0.000170989   1.94575e-18   1.98717e-32

[:, :, 2, 1] =
 -1.16458e-18   6.55622e-18  -0.000216184  -5.99676e-19  2.16347e-32
 -0.000369563  -0.000746026   3.10372e-18   0.000418088  1.14554e-20

[:, :, 1, 2] =
 -0.000400131  -0.0318278    8.18884e-16  -0.0386746    -3.05615e-18
  6.55622e-18   2.2618e-18  -0.0316263    -5.24919e-16   7.58308e-31

[:, :, 2, 2] =
  5.72432e-18   2.2618e-18  -0.0221953    -4.10115e-16   8.92261e-31
 -0.000746026  -0.0191734   -3.68106e-16   0.00339469   -5.29113e-19

[:, :, 1, 3] =
  7.1201e-18    8.18884e-16  -0.0584531     1.34001e-15   1.28115e-30
 -0.000216184  -0.0221953     1.25869e-15  -0.0553648    -5.09468e-18

[:, :, 2, 3] =
 0.000170989  -0.0316263     1.25869e-15  -0.0722549    -5.95867e-18
 3.10372e-18  -3.68106e-16  -0.100157     -1.41416e-15   2.55417e-30

[:, :, 1, 4] =
 -9.49035e-5   -0.0386746     1.34001e-15  -0.0798183    -5.46138e-18
 -5.99676e-19  -4.10115e-16  -0.0722549    -1.01821e-15   1.62005e-30

[:, :, 2, 4] =
 1.94575e-18  -5.24919e-16  -0.0553648    -1.01821e-15   1.93765e-30
 0.000418088   0.00339469   -1.41416e-15  -0.05538      -3.18468e-18

[:, :, 1, 5] =
 -1.04834e-20  -3.05615e-18   1.28115e-30  -5.46138e-18  -0.026473
  2.16347e-32   8.92261e-31  -5.95867e-18   1.93765e-30  -1.08699e-16

[:, :, 2, 5] =
 1.98717e-32   7.58308e-31  -5.09468e-18   1.62005e-30  -1.08699e-16
 1.14554e-20  -5.29113e-19   2.55417e-30  -3.18468e-18  -0.0127444
Module of t 0.022166683153306554
Module of t2 0.21841400014903659
 --------------Energy at step 16 : -75.01276021389015
 --------------E_2 at step 16 : 8.00236697416617
E1 - E0 83.01512718805631
 --------------Difference at step 16 : 1.5378418538603e-9
 --------------Module of omegas 8.667238857402735e-8
Omega_bj_0 7.884113590307425e-8
Omega_bjck_0 3.600247534045631e-8

######## END OF ITERATION 16 #########

global amplitudes = -(build_omega(F, g, L, t, t2, o, v)) = [5.818393524047862e-8, -1.0620003743728335e-19, -1.6603781009885067e-9, -1.4591052733556361e-21, 5.4011973465049995e-22, 1.6897146080721733e-9, -3.1493879181844807e-9, 8.65194011234107e-22, 1.1496092323194887e-17, -2.6630509581893105e-30, 1.5534506277235516e-9, 1.7208355189489244e-18, -9.411482067718974e-10, -4.2066039683454686e-18, -1.4319645117222706e-17, -1.7366050886864077e-9, -1.936386972029074e-9, -3.373461446792626e-18, 3.3861135134944493e-21, -3.6192294592871667e-31, -2.3601627946830124e-21, -8.04215659529676e-11, 1.2676401869850154e-18, -2.7741374901850257e-10, -5.980972448640985e-10, -2.0373019860114548e-18, -8.144289265814565e-19, -3.8806592491583937e-10, -3.6573597554821966e-31, -3.7024292378420374e-21, -9.411482302101452e-10, 1.818119966167982e-21, 8.147895757120865e-10, 4.930713502678489e-18, 5.240601260858554e-18, 3.133808707931707e-9, -2.6736421856949744e-9, -5.7341747123505705e-18, 9.878741739488273e-19, -6.532315417179875e-31, 3.0031512210829425e-22, -2.774137399133211e-10, -1.676881135669148e-22, -1.1294312668850844e-10, 3.768296335201922e-9, 3.3896469150284307e-17, -1.5092297093609644e-17, 1.3105242532726727e-9, -7.270541912488642e-31, 1.7105602433303116e-19, 8.881129634097507e-22, -5.980972322924388e-10, 3.6607740217577675e-23, 3.768296259307452e-9, 5.946029550872563e-9, 3.37974005798579e-17, -3.6549560041515825e-18, -2.2158863436527036e-9, -6.85292662550826e-31, 1.6468598024608332e-18, -1.736605088647868e-9, 2.8725652937505946e-21, 3.13380874208393e-9, 5.626382559398804e-22, 1.2014397242108258e-23, -7.16686487544773e-10, 1.449339338068713e-9, 1.7832745202148362e-17, 1.926127716655728e-18, -1.9829999171854755e-30, -1.936386984902251e-9, 2.128521471452851e-21, -2.673642164661664e-9, 2.403702645722469e-22, 6.978743901090752e-23, 1.4493395937226328e-9, -5.310883391375667e-9, 1.0439490052321435e-17, 1.7653320551701737e-18, -1.064283403510985e-30, 9.36932226690348e-22, -3.8806593295164424e-10, 4.2087374796466572e-22, 1.3105241993336146e-9, -2.2158863991620544e-9, -4.575198859136574e-22, -4.963373585578347e-22, 1.6280522546983742e-9, -1.2985463254802803e-30, 1.0294898908384757e-18, 3.38611351349763e-21, -3.659399884392814e-31, 9.878741739488179e-19, -7.27231715245718e-31, -6.841992546634223e-31, 1.926127716655738e-18, 1.7653320551701753e-18, -1.2977716051531443e-30, 1.1152748498698807e-9, 6.317082368902337e-18, -3.6173962234019676e-31, -3.702429237842303e-21, -6.552932399392945e-31, 1.710560243330288e-19, 1.6468598024608332e-18, -1.984759466926706e-30, -1.0642685807320276e-30, 1.0294898908384788e-18, 1.0198849824432385e-22, 6.62849184670271e-10]
addition_t1 = reshape(amplitudes[1:n], (nv, no)) ./ pre_t[v, o] = [5.610655826485284e-9 -1.9680691105166994e-9 1.0532926227427121e-21 -6.890330431185313e-9 -3.53808866377212e-23; -1.0186550527093506e-20 -1.623179506717642e-21 2.9745810861078604e-9 1.6887332736706002e-21 -5.189446999454435e-30]
addition_t2 = reshape(amplitudes[n + 1:end], (nv, no, nv, no)) ./ pre_t2[v, o, v, o] = [7.489934102575725e-11 -4.1963413663713964e-11 4.080258653389997e-23 -8.942126665043882e-11 -1.224383573416063e-25; -5.674622046230761e-23 1.33246292800972e-23 -7.93818047086372e-11 4.3047304549240796e-23 -1.6616210021404687e-32;;; -5.674622046230761e-23 8.066784771245351e-23 -2.733957075271587e-11 9.779481312631991e-23 -1.680193613440985e-32; -3.856958833614727e-12 -1.224846024763847e-11 1.3064756080746897e-22 -1.7739591956487332e-11 2.2659391921620388e-26;;;; -4.1963413663713964e-11 4.828906724845635e-10 1.3493949693916416e-23 -1.0277452090373128e-9 -5.965213884595415e-24; 8.066784771245351e-23 -4.81149952951404e-23 1.1099338281899928e-9 1.5519040022843325e-22 -2.4282317271654438e-31;;; 1.33246292800972e-23 -4.81149952951404e-23 1.3346569101935105e-9 8.863265466874334e-23 -2.69026913385251e-31; -1.224846024763847e-11 -6.282170725197147e-11 1.9176892873548167e-22 4.6431289542077736e-10 1.0902564937578802e-23;;;; 4.080258653389997e-23 1.3493949693916416e-23 5.797704341084338e-9 3.5977903275647105e-23 -3.240582033387526e-31; -2.7339570752715865e-11 1.3346569101935103e-9 5.5578826892733484e-24 -1.0807885458081943e-9 2.2393784846640752e-23;;; -7.938180470863719e-11 1.1099338281899926e-9 5.5578826892733484e-24 7.069088164781708e-10 1.4378129128043496e-23; 1.3064756080746897e-22 1.9176892873548167e-22 -6.308290347776588e-10 -2.1173939467204892e-22 -9.360178680652823e-31;;;; -8.942126665043882e-11 -1.0277452090373128e-9 3.597790327564711e-23 -5.809659273279921e-9 -2.646602692037336e-23; 9.779481312631991e-23 8.863265466874333e-23 7.069088164781706e-10 -2.5600058112460446e-22 -5.547458223121725e-31;;; 4.3047304549240796e-23 1.5519040022843323e-22 -1.0807885458081941e-9 -2.5600058112460446e-22 -6.798958317739605e-31; -1.7739591956487332e-11 4.643128954207773e-10 -2.1173939467204892e-22 1.5888609826697908e-9 4.381190810219093e-23;;;; -1.224383573416063e-25 -5.965213884595415e-24 -3.240582033387526e-31 -2.646602692037336e-23 1.2890278201948941e-9; -1.680193613440985e-32 -2.69026913385251e-31 1.4378129128043496e-23 -6.798958317739605e-31 5.540048476755121e-23;;; -1.6616210021404687e-32 -2.4282317271654438e-31 2.2393784846640752e-23 -5.547458223121725e-31 5.540048476755121e-23; 2.2659391921620388e-26 1.0902564937578802e-23 -9.360178680652823e-31 4.381190810219093e-23 6.793399427673719e-10]
(d, V, nconv, niter, nmult, resid) = eigs(A_imp, nev = n_ev, which = :SM, tol = 1.0e-12, maxiter = 1000) = (ComplexF64[0.3232446225972027 + 0.0im, 0.3948541075053722 + 0.0im], ComplexF64[3.916435223873045e-17 + 0.0im 1.0407801138292733e-16 + 0.0im; -1.9352187256504264e-17 + 0.0im 6.419299909856928e-17 + 0.0im; -1.162190219676285e-17 + 0.0im 2.639640426014768e-15 + 0.0im; 1.6076806948186583e-16 + 0.0im -5.72032955048159e-17 + 0.0im; -2.807441092204133e-15 + 0.0im 5.8752383266457326e-15 + 0.0im; -4.321110722024448e-16 + 0.0im 3.555448796124883e-15 + 0.0im; 1.1685082421841352e-15 + 0.0im -1.6547082472201855e-14 + 0.0im; 4.2159591874123786e-15 + 0.0im -1.2184453617222472e-15 + 0.0im; -0.9587957026854936 + 0.0im 8.153181408315151e-15 + 0.0im; -1.4920269043818462e-14 + 0.0im -0.9597669030661834 + 0.0im; -8.001538035204309e-17 + 0.0im 1.5685099986944142e-16 + 0.0im; -6.147109300146115e-16 + 0.0im -1.3333877715110606e-16 + 0.0im; -3.799475117693977e-17 + 0.0im 1.317890115717365e-17 + 0.0im; 2.0253464374654768e-16 + 0.0im 1.185542715537213e-16 + 0.0im; 1.7626943503104373e-17 + 0.0im 5.857550855501626e-18 + 0.0im; -1.9895171836024143e-17 + 0.0im 4.711587111873146e-17 + 0.0im; -6.698487777223324e-17 + 0.0im 1.866520295204309e-16 + 0.0im; 1.3037897227346566e-17 + 0.0im -1.0321956596838967e-17 + 0.0im; -0.0002826284128564128 + 0.0im -1.5274767894690707e-19 + 0.0im; -7.349674346811875e-17 + 0.0im -0.0001297953310114892 + 0.0im; -2.9791664445721817e-16 + 0.0im -3.8768611102766104e-16 + 0.0im; 2.8177325696310934e-17 + 0.0im 6.138603782766978e-17 + 0.0im; -4.6863075377715026e-17 + 0.0im 2.3229639406031185e-16 + 0.0im; 3.2035678595240837e-17 + 0.0im 1.0882121469825082e-17 + 0.0im; 9.386434509731405e-17 + 0.0im -1.1331107336620464e-16 + 0.0im; -2.1517572838711298e-17 + 0.0im 1.2148646931370753e-16 + 0.0im; -1.8789176620241977e-16 + 0.0im 9.05354783257339e-17 + 0.0im; 1.1728086546221063e-17 + 0.0im -0.00030647601647573167 + 0.0im; 0.0003088304346477412 + 0.0im 1.53555716246076e-17 + 0.0im; -3.073566499403501e-16 + 0.0im -7.508598407840349e-16 + 0.0im; 8.453904347033966e-17 + 0.0im -1.8049969367518143e-16 + 0.0im; 3.8230748385760955e-16 + 0.0im 5.557187116122959e-16 + 0.0im; -4.300219716511117e-16 + 0.0im 8.067262083618355e-16 + 0.0im; -5.189124287710008e-16 + 0.0im 9.886470916462986e-16 + 0.0im; 1.1720397480423166e-17 + 0.0im -1.7857677253737224e-16 + 0.0im; -0.08239172257594354 + 0.0im 1.918160742324251e-15 + 0.0im; -8.5855376388808885e-16 + 0.0im -0.058341673604746326 + 0.0im; 6.783866096588315e-16 + 0.0im -8.583744054642629e-16 + 0.0im; -2.380921528857751e-16 + 0.0im 4.936336014083189e-16 + 0.0im; -2.2196962666341864e-17 + 0.0im 9.733613855103954e-16 + 0.0im; -1.415995790907141e-17 + 0.0im -2.3804187653218085e-16 + 0.0im; -3.42222220872177e-17 + 0.0im -2.9107357332753755e-18 + 0.0im; -7.617486377347873e-16 + 0.0im -0.0591646425346689 + 0.0im; -0.014263853154294676 + 0.0im -6.0458462947667215e-16 + 0.0im; -2.0759404348941385e-16 + 0.0im 3.676036635172533e-16 + 0.0im; -2.0073254591418654e-16 + 0.0im 1.0432582084828896e-15 + 0.0im; 8.879152340777724e-16 + 0.0im -4.113266048082091e-17 + 0.0im; -6.086883913742054e-16 + 0.0im -1.3520713139113117e-15 + 0.0im; 3.087196444178189e-15 + 0.0im -0.11537646357910918 + 0.0im; -0.13734728127051352 + 0.0im 2.1854218695700187e-15 + 0.0im; -1.1344819183013963e-16 + 0.0im -8.773407316524522e-16 + 0.0im; -7.942977825608971e-17 + 0.0im -1.1925086987736425e-15 + 0.0im; 4.3137620555520964e-16 + 0.0im -9.798533766566377e-17 + 0.0im; -0.16064005597833672 + 0.0im 1.2541640293542212e-15 + 0.0im; -3.2280783091239953e-15 + 0.0im -0.15443990624515394 + 0.0im; 2.8965339020936537e-16 + 0.0im -1.7928383060048653e-15 + 0.0im; 1.1026152179889926e-15 + 0.0im -5.359459148929651e-16 + 0.0im; -0.14723574586288676 + 0.0im 3.2171648697001748e-15 + 0.0im; -2.311740993548758e-15 + 0.0im -0.13600828427415013 + 0.0im; 5.527344582679592e-16 + 0.0im -2.2811855367875295e-15 + 0.0im; -2.406886822875391e-15 + 0.0im -0.12759901574416405 + 0.0im; -0.0858539672001673 + 0.0im -4.3217395973781174e-15 + 0.0im; 3.467778066473159e-16 + 0.0im 6.597297240744864e-16 + 0.0im; 1.6316736051534262e-16 + 0.0im -2.629217687018932e-16 + 0.0im; -5.543488840008828e-17 + 0.0im 4.742409713542358e-16 + 0.0im], 2, 10, 180, [-0.18007211414912477, -0.8522002730122565, -0.43898015947801006, 0.29118388727383027, 0.5063214927832876, 0.5280633260480183, 0.27414539184252623, -2.4767984590391574, 0.2506526447252078, -0.043884717627360015, 0.022254560512602054, 0.014008810163700695, 0.4400300664620646, 0.30737793620346837, -0.10511367540705763, -0.782162558682239, -0.5149983235512495, -0.2464186051186472, 0.07219450932279499, 0.03179502071174879, 0.005176427831707384, -0.3440022891678058, -0.1050986247269842, 0.27301707616163234, -0.37206282735075513, -0.31430313909999175, -0.9284951073158388, -0.030943142737781724, -0.06032845553506192, 0.9078986787215958, -2.7329713142834784, -1.2041611977546518, 0.2526686705795336, -0.42484797485640974, -0.18526294771699656, -0.9404968372030398, 0.3135584544593974, 1.3719145184266068, -0.468276598123852, -1.168229918012062, 0.15497766704348737, -1.052381297674227, 0.3432270892366043, -0.3667237608863534, 0.5329790631609245, 0.2694430018439343, -0.5153190491425459, -0.6482192011311868, -0.20878780227446067, -0.5088758722824831, 1.0159694154495544, -0.9800912711615106, 0.6967332157583296, 0.040923778261868174, -0.03342219228503408, -0.06768968501145155, -0.6762855069282439, -0.8396621785021733, 0.22237281964440345, 0.9092490376815116, 0.01983084109339429, 0.34131609601061386, -0.3149835028431481, 0.4670539678400013, -0.13355562062972717])
[3.916435223873045e-17, -1.9352187256504264e-17, -1.162190219676285e-17, 1.6076806948186583e-16, -2.807441092204133e-15, -4.321110722024448e-16, 1.1685082421841352e-15, 4.2159591874123786e-15, -0.9587957026854936, -1.4920269043818462e-14, -8.001538035204309e-17, -6.147109300146115e-16, -3.799475117693977e-17, 2.0253464374654768e-16, 1.7626943503104373e-17, -1.9895171836024143e-17, -6.698487777223324e-17, 1.3037897227346566e-17, -0.0002826284128564128, -7.349674346811875e-17, -2.9791664445721817e-16, 2.8177325696310934e-17, -4.6863075377715026e-17, 3.2035678595240837e-17, 9.386434509731405e-17, -2.1517572838711298e-17, -1.8789176620241977e-16, 1.1728086546221063e-17, 0.0003088304346477412, -3.073566499403501e-16, 8.453904347033966e-17, 3.8230748385760955e-16, -4.300219716511117e-16, -5.189124287710008e-16, 1.1720397480423166e-17, -0.08239172257594354, -8.5855376388808885e-16, 6.783866096588315e-16, -2.380921528857751e-16, -2.2196962666341864e-17, -1.415995790907141e-17, -3.42222220872177e-17, -7.617486377347873e-16, -0.014263853154294676, -2.0759404348941385e-16, -2.0073254591418654e-16, 8.879152340777724e-16, -6.086883913742054e-16, 3.087196444178189e-15, -0.13734728127051352, -1.1344819183013963e-16, -7.942977825608971e-17, 4.3137620555520964e-16, -0.16064005597833672, -3.2280783091239953e-15, 2.8965339020936537e-16, 1.1026152179889926e-15, -0.14723574586288676, -2.311740993548758e-15, 5.527344582679592e-16, -2.406886822875391e-15, -0.0858539672001673, 3.467778066473159e-16, 1.6316736051534262e-16, -5.543488840008828e-17]
(d, V, nconv, niter, nmult, resid) = eigs(A_imp, nev = n_ev, which = :SM, tol = 1.0e-12, maxiter = 1000) = (ComplexF64[0.3232446225972107 + 0.0im, 0.39485410750535405 + 0.0im], ComplexF64[2.573971765047726e-17 + 0.0im 3.6322492823793334e-16 + 0.0im; -4.7827238518294897e-17 + 0.0im -6.382367803876157e-16 + 0.0im; -1.389894526520184e-15 + 0.0im -1.4645435718280665e-15 + 0.0im; -3.5666421052899784e-16 + 0.0im -1.6472347020869894e-15 + 0.0im; 3.0981918210897364e-15 + 0.0im 3.495820749563912e-14 + 0.0im; -3.654787257374721e-15 + 0.0im -3.2448575116374836e-15 + 0.0im; 1.1365006915054192e-14 + 0.0im 1.2085922638654405e-14 + 0.0im; 1.8199656700433198e-15 + 0.0im 1.6179609723642393e-14 + 0.0im; -0.955793563376803 + 0.0im 3.789915202172941e-14 + 0.0im; 3.0862102177950354e-14 + 0.0im 0.9607758625216649 + 0.0im; -4.066424715301026e-16 + 0.0im -1.3621742250797774e-16 + 0.0im; -4.316243885382419e-17 + 0.0im 1.1546007319423232e-17 + 0.0im; 4.0505385727621864e-16 + 0.0im -7.687434983630046e-16 + 0.0im; 1.0516489014017105e-17 + 0.0im -8.951050251523481e-16 + 0.0im; 6.97651185573043e-17 + 0.0im 2.841916377888079e-16 + 0.0im; -2.3390726162125706e-16 + 0.0im -9.66841729155135e-16 + 0.0im; 3.2174337985649157e-16 + 0.0im 1.3348335984719154e-16 + 0.0im; 2.1448234896187377e-16 + 0.0im 2.3506057280475813e-16 + 0.0im; -0.0002504130967367103 + 0.0im -8.608720652612414e-16 + 0.0im; 1.0779472512183521e-16 + 0.0im -6.06028690566e-5 + 0.0im; 3.024116230289245e-16 + 0.0im -2.785908194647643e-16 + 0.0im; 5.030503998451205e-17 + 0.0im 2.699012693844344e-16 + 0.0im; -3.2878904628061695e-17 + 0.0im 1.6821961387034539e-16 + 0.0im; -8.797241682550802e-17 + 0.0im 3.701573672888192e-16 + 0.0im; 1.4963946701746014e-16 + 0.0im 4.540604770849719e-16 + 0.0im; -1.53736577999206e-16 + 0.0im 4.202357666344738e-16 + 0.0im; -1.9968250352149122e-16 + 0.0im -1.0842777268485142e-15 + 0.0im; -2.0092449554923992e-16 + 0.0im 0.00046010146911858185 + 0.0im; 0.0003195670334489865 + 0.0im 5.786144078164785e-16 + 0.0im; 5.543306090323352e-16 + 0.0im -1.1498202487589295e-15 + 0.0im; -6.288601282056854e-17 + 0.0im 2.778531073502638e-16 + 0.0im; -1.2011720519060854e-16 + 0.0im -1.8011955619399993e-15 + 0.0im; -1.3746026192577133e-15 + 0.0im -1.4972549101101502e-15 + 0.0im; -2.9651025806680703e-16 + 0.0im -3.7508703945551513e-16 + 0.0im; -3.2504950348974223e-16 + 0.0im -2.7691843028841573e-15 + 0.0im; -0.08497014723126622 + 0.0im 3.279970299662816e-15 + 0.0im; 1.88693341033615e-15 + 0.0im 0.06896895778468241 + 0.0im; -1.050123898896335e-16 + 0.0im -2.8407959651826753e-16 + 0.0im; 1.7540798636958458e-16 + 0.0im -1.0334010797695859e-16 + 0.0im; -6.101578000962384e-18 + 0.0im -2.1975985878890566e-15 + 0.0im; -3.8291563363900167e-16 + 0.0im -9.599756785959086e-17 + 0.0im; 5.938283462032075e-16 + 0.0im 2.6600845468379037e-16 + 0.0im; 2.7313980549520914e-15 + 0.0im 0.0528827181318868 + 0.0im; -0.01684742577740522 + 0.0im 9.19133790504285e-16 + 0.0im; -2.1296223034071554e-15 + 0.0im -2.433396124341316e-15 + 0.0im; 5.849649492260852e-16 + 0.0im 5.469043109396705e-15 + 0.0im; -1.375264652004986e-16 + 0.0im -2.5674746088750526e-15 + 0.0im; 5.443240785844688e-16 + 0.0im 3.163865398354395e-15 + 0.0im; 9.000081935841369e-15 + 0.0im 0.10895779009890072 + 0.0im; -0.08512982440329928 + 0.0im 4.4091755384472145e-15 + 0.0im; 3.5374819634746836e-16 + 0.0im -3.9129846770785055e-16 + 0.0im; 1.44383995107782e-15 + 0.0im -1.2978064358136851e-15 + 0.0im; 4.988772095751888e-16 + 0.0im 4.932820491213794e-15 + 0.0im; -0.21479524255301283 + 0.0im 8.474041089707158e-15 + 0.0im; 3.92941266528408e-15 + 0.0im 0.15548111074097845 + 0.0im; 2.3946029507945357e-15 + 0.0im 2.3814168409899614e-15 + 0.0im; -1.0945593725063508e-16 + 0.0im 3.2437445091395903e-15 + 0.0im; -0.1416726237094468 + 0.0im 4.945908855379934e-15 + 0.0im; 5.440630823322919e-15 + 0.0im 0.1606559176593366 + 0.0im; 1.930088702581931e-15 + 0.0im 2.3896950832818253e-15 + 0.0im; 2.3997327458105664e-15 + 0.0im 0.08660096948251833 + 0.0im; -0.07415876325002693 + 0.0im 3.206017639233643e-15 + 0.0im; -2.4669002995575394e-16 + 0.0im -1.5517234452937559e-15 + 0.0im; -4.569348717952517e-18 + 0.0im 2.0136554957129106e-15 + 0.0im; -9.677095539030565e-17 + 0.0im 1.6054912829090387e-15 + 0.0im], 2, 9, 163, [-0.9326500533879422, 1.3248937375638372, 0.013337171276528673, 0.09105745265130699, -0.9319635207066931, -1.6746708229803124e-5, -0.03817406771021828, -0.4629145606722064, -0.0277636481434402, 0.019927196150588886, 0.040567924880905354, 0.003000161182958672, 1.5683648105085883, 1.469614289988061, -0.37148936451042597, 1.6994079589814546, -0.45011406575049806, -0.35252801733188077, 1.3960357619662538, 0.06252787120627921, -0.012180288004492843, -0.8467014586609989, 0.01648325208045422, -0.7497682894520943, -0.8037022663773828, -0.5615450882334361, 2.0709923148782865, -0.06266629979168542, -1.054736867022183, 0.29089708590642716, -0.02852742360062489, 0.12857750244822164, 0.013769383591773874, -0.010785939865173077, 0.022552418640280198, -0.00690162203904975, -0.022053381753521943, 0.06590781528265678, 0.023808153089322423, 0.22640576477123703, 0.0420152226846436, -0.0009034918781766138, 0.025086794276674165, 0.0005507615926584563, 0.030018911339903948, -0.25800001226110153, 0.12106727615660848, -0.24166264535973894, -0.21507569673241836, -0.12248644133711642, 0.07364162386263591, 0.29660900126161627, -0.04254816453182822, 0.06167466222354028, 0.15032550064809452, 0.05626143375156323, -0.14895646482067865, 0.0614209624838299, -0.22819946363678825, -0.073134831767084, 0.20559105969876085, 0.20098744907808516, 0.05157258453978967, -0.08122586616400226, -0.09457441510690455])
[2.573971765047726e-17, -4.7827238518294897e-17, -1.389894526520184e-15, -3.5666421052899784e-16, 3.0981918210897364e-15, -3.654787257374721e-15, 1.1365006915054192e-14, 1.8199656700433198e-15, -0.955793563376803, 3.0862102177950354e-14, -4.066424715301026e-16, -4.316243885382419e-17, 4.0505385727621864e-16, 1.0516489014017105e-17, 6.97651185573043e-17, -2.3390726162125706e-16, 3.2174337985649157e-16, 2.1448234896187377e-16, -0.0002504130967367103, 1.0779472512183521e-16, 3.024116230289245e-16, 5.030503998451205e-17, -3.2878904628061695e-17, -8.797241682550802e-17, 1.4963946701746014e-16, -1.53736577999206e-16, -1.9968250352149122e-16, -2.0092449554923992e-16, 0.0003195670334489865, 5.543306090323352e-16, -6.288601282056854e-17, -1.2011720519060854e-16, -1.3746026192577133e-15, -2.9651025806680703e-16, -3.2504950348974223e-16, -0.08497014723126622, 1.88693341033615e-15, -1.050123898896335e-16, 1.7540798636958458e-16, -6.101578000962384e-18, -3.8291563363900167e-16, 5.938283462032075e-16, 2.7313980549520914e-15, -0.01684742577740522, -2.1296223034071554e-15, 5.849649492260852e-16, -1.375264652004986e-16, 5.443240785844688e-16, 9.000081935841369e-15, -0.08512982440329928, 3.5374819634746836e-16, 1.44383995107782e-15, 4.988772095751888e-16, -0.21479524255301283, 3.92941266528408e-15, 2.3946029507945357e-15, -1.0945593725063508e-16, -0.1416726237094468, 5.440630823322919e-15, 1.930088702581931e-15, 2.3997327458105664e-15, -0.07415876325002693, -2.4669002995575394e-16, -4.569348717952517e-18, -9.677095539030565e-17]
Projection L1|R2: -4.1119772277205756e-14
scalar = l1_vec' * r1_vec = 0.9970752448635591
Check <L1|R1>: 0.9999999999999999
t before projection
65-element Vector{Float64}:
 -4.890650629873665e-5
  1.1984769665624575e-16
  0.00328987846631905
 -4.0212677949293754e-16
  7.142487722630579e-17
 -0.0025011221415633914
 -0.02177798910872525
 -8.981037498249552e-16
 -3.556473991364172e-17
  2.370719360444358e-30
 -0.0005220194407441536
 -1.1646386424365949e-18
 -0.00040013134099329764
  5.724330854515784e-18
  7.120142285870742e-18
  0.0001709889610190926
 -9.490357301165181e-5
  1.9457969285255886e-18
 -1.048350529208402e-20
  3.255472498450547e-33
 -0.0003695628093161675
  6.556302851076493e-18
 -0.0007460255626279361
 -0.00021618421159876953
  3.103850435260454e-18
 -5.995786328602231e-19
  0.0004180877635849414
  4.8327151434395885e-33
  1.1455407270735806e-20
 -0.03182779059355527
  2.26174979570453e-18
  8.188840573947836e-16
 -0.031626326252958865
 -0.03867464353450665
 -5.249187050718863e-16
 -3.056159363617727e-18
  5.154847047150386e-31
 -0.019173427070868325
 -0.022195330815779766
 -3.6810617586971637e-16
 -4.1011509718246016e-16
  0.003394693580660196
  6.232338846395302e-31
 -5.291023171647789e-19
 -0.05845305474769592
  1.2586893467388083e-15
  1.3400068963633548e-15
 -0.055364810697596245
  9.570888048637827e-31
 -5.0946527813276455e-18
 -0.10015725332126887
 -0.07225493674777193
 -1.4141622995230204e-15
 -5.958655770916569e-18
  1.6181570119811033e-30
 -0.07981835145855787
 -1.0182129532938496e-15
 -5.461404828018053e-18
  1.065309124744696e-30
 -0.055380015729372484
  1.2577521118144218e-30
 -3.1846338936934468e-18
 -0.026473019545727717
 -1.0869897051232508e-16
 -0.012744375358795995
t after projection
65-element Vector{Float64}:
 -4.890650629873665e-5
  1.1984769665624575e-16
  0.00328987846631905
 -4.0212677949293744e-16
  7.142487722630437e-17
 -0.0025011221415633914
 -0.02177798910872525
 -8.98103749824953e-16
 -5.20560766587622e-16
 -5.1765309900637316e-30
 -0.0005220194407441536
 -1.164638642436906e-18
 -0.00040013134099329764
  5.724330854515887e-18
  7.120142285870751e-18
  0.0001709889610190926
 -9.490357301165181e-5
  1.945796928525595e-18
 -1.5344791040633673e-19
 -3.392202887715478e-32
 -0.0003695628093161675
  6.5563028510765076e-18
 -0.0007460255626279361
 -0.00021618421159876953
  3.1038504352605012e-18
 -5.995786328602339e-19
  0.0004180877635849414
  1.0765235866544661e-32
  1.6767381052455652e-19
 -0.03182779059355527
  2.261749795704573e-18
  8.188840573947838e-16
 -0.031626326252958865
 -0.03867464353450665
 -5.249187050718863e-16
 -4.473308591661998e-17
  8.119493578362667e-32
 -0.019173427070868325
 -0.022195330815779766
 -3.6810617586971637e-16
 -4.1011509718246016e-16
  0.003394693580660196
  2.379119004139967e-31
 -7.744312069896919e-18
 -0.05845305474769592
  1.258689346738808e-15
  1.3400068963633552e-15
 -0.055364810697596245
  2.5187124174798302e-30
 -7.457023084670324e-17
 -0.10015725332126887
 -0.07225493674777193
 -1.4141622995230203e-15
 -8.721662204669497e-17
 -1.4730108113918838e-32
 -0.07981835145855787
 -1.018212953293849e-15
 -7.993895153361034e-17
 -1.0405906644574887e-31
 -0.055380015729372484
  4.0255472562758925e-32
 -4.66128979646035e-17
 -0.026473019545727717
 -1.08698970512325e-16
 -0.012744375358795995
Omega original restricted
65-element Vector{Float64}:
  5.818393524047862e-8
 -1.0620003743728335e-19
 -1.6603781009885067e-9
 -1.4591052733556361e-21
  5.4011973465049995e-22
  1.6897146080721733e-9
 -3.1493879181844807e-9
  8.65194011234107e-22
  1.1496092323194887e-17
 -2.6630509581893105e-30
  1.5534506277235516e-9
 -2.3601627946830124e-21
 -9.411482302101452e-10
  3.0031512210829425e-22
  8.881129634097507e-22
 -1.736605088647868e-9
 -1.936386984902251e-9
  9.36932226690348e-22
  3.38611351349763e-21
 -3.6173962234019676e-31
 -8.04215659529676e-11
  1.818119966167982e-21
 -2.774137399133211e-10
 -5.980972322924388e-10
  2.8725652937505946e-21
  2.128521471452851e-21
 -3.8806593295164424e-10
 -3.659399884392814e-31
 -3.702429237842303e-21
  8.147895757120865e-10
 -1.676881135669148e-22
  3.6607740217577675e-23
  3.13380874208393e-9
 -2.673642164661664e-9
  4.2087374796466572e-22
  9.878741739488179e-19
 -6.552932399392945e-31
 -1.1294312668850844e-10
  3.768296259307452e-9
  5.626382559398804e-22
  2.403702645722469e-22
  1.3105241993336146e-9
 -7.27231715245718e-31
  1.710560243330288e-19
  5.946029550872563e-9
  1.2014397242108258e-23
  6.978743901090752e-23
 -2.2158863991620544e-9
 -6.841992546634223e-31
  1.6468598024608332e-18
 -7.16686487544773e-10
  1.4493395937226328e-9
 -4.575198859136574e-22
  1.926127716655738e-18
 -1.984759466926706e-30
 -5.310883391375667e-9
 -4.963373585578347e-22
  1.7653320551701753e-18
 -1.0642685807320276e-30
  1.6280522546983742e-9
 -1.2977716051531443e-30
  1.0294898908384788e-18
  1.1152748498698807e-9
  1.0198849824432385e-22
  6.62849184670271e-10
Omega restricted
65-element Vector{Float64}:
 -5.610655826485284e-9
  1.0186550527093506e-20
  1.9680691105166994e-9
  1.623179506717642e-21
 -1.0532926227427121e-21
 -2.9745810861078604e-9
  6.890330431185313e-9
 -1.6887332736706002e-21
  3.53808866377212e-23
  5.189446999454435e-30
 -7.489934102575725e-11
  5.674622046230761e-23
  4.1963413663713964e-11
 -1.33246292800972e-23
 -4.080258653389997e-23
  7.938180470863719e-11
  8.942126665043882e-11
 -4.3047304549240796e-23
  1.224383573416063e-25
  1.6616210021404687e-32
  3.856958833614727e-12
 -8.066784771245351e-23
  1.224846024763847e-11
  2.7339570752715865e-11
 -1.3064756080746897e-22
 -9.779481312631991e-23
  1.7739591956487332e-11
  1.680193613440985e-32
 -2.2659391921620388e-26
 -4.828906724845635e-10
  4.81149952951404e-23
 -1.3493949693916416e-23
 -1.1099338281899926e-9
  1.0277452090373128e-9
 -1.5519040022843323e-22
  5.965213884595415e-24
  2.4282317271654438e-31
  6.282170725197147e-11
 -1.3346569101935103e-9
 -1.9176892873548167e-22
 -8.863265466874333e-23
 -4.643128954207773e-10
  2.69026913385251e-31
 -1.0902564937578802e-23
 -5.797704341084338e-9
 -5.5578826892733484e-24
 -3.597790327564711e-23
  1.0807885458081941e-9
  3.240582033387526e-31
 -2.2393784846640752e-23
  6.308290347776588e-10
 -7.069088164781706e-10
  2.1173939467204892e-22
 -1.4378129128043496e-23
  9.360178680652823e-31
  5.809659273279921e-9
  2.5600058112460446e-22
  2.646602692037336e-23
  5.547458223121725e-31
 -1.5888609826697908e-9
  6.798958317739605e-31
 -4.381190810219093e-23
 -1.2890278201948941e-9
 -5.540048476755121e-23
 -6.793399427673719e-10
Omega resricted on L21.1888704609960504e-22
Omega resricted on L1 (<L1|H|HF>): 8.074663587662223e-23
Omega resricted on R1 (<R1|H|HF>): 8.074663587662223e-23
<L1[D]|R1[S]H[S]|HF> additional: -1.981748797801816e-10
<L1|H|R1> with nuclear repulsion : -74.68951559121082
<HF|H|R1>: -4.239132784661893e-17
L1 * A * R1: 0.3232446225972006
Reduced matrix[-75.01276021360985 -4.239132784661893e-17; 1.1990210887452873e-17 -74.68951559121082]
Matrix
2×2 Matrix{Float64}:
 -75.0128        -4.23913e-17
   1.19902e-17  -74.6895
NEW E0 FROM MATRIX: -75.01276021360985
NEW E1 FROM MATRIX: -74.68951559121082
[1.0 -1.3114318045572543e-16; 0.0 1.0]
Evaluating remaining element <mu_tilde|H|R1>
Norm of element <mu_tilde|H|R1>: 5.2173973338524356e-8
65-element Vector{Float64}:
  7.761390796579093e-27
 -3.835117383041295e-27
 -2.3031690706605065e-27
  3.1860192842060645e-26
 -5.563643009374958e-25
 -8.563355978540487e-26
  2.315689804169923e-25
  8.354972051236004e-25
 -1.9000922311345244e-10
 -2.956822524046689e-24
  2.1144242967782416e-24
 -1.1744510615571998e-24
 -6.993445610260052e-25
  8.784855322760987e-24
 -1.5270270556837023e-22
 -2.3513584289517594e-23
  6.352946272210778e-23
  2.2932283685455654e-22
 -5.215219112528251e-8
 -8.115783685840881e-22
 -5.903959519791375e-26
  3.506391803048728e-26
 -9.287084344953865e-27
  6.3486670314494556e-27
  2.13990902430716e-26
  3.824960070935168e-27
 -3.7235428595088177e-26
  9.465829635783761e-20
  6.120243425877735e-14
 -4.3206307326523135e-26
 -2.281502429626556e-25
  4.3524392967327045e-24
  5.747107704998479e-25
 -1.87800791253669e-24
 -6.419998925623992e-24
  1.444239861001412e-9
  2.2558436376798057e-23
  1.344391848134044e-25
 -4.7183883770851004e-26
 -2.763936885611894e-26
 -7.00071039993806e-26
 -6.781984753603597e-27
  1.3091146577350482e-21
 -2.8267373840545115e-12
 -4.1139924612617063e-26
  3.6606102717571166e-25
  1.349471177396118e-24
 -1.206267487843621e-25
 -3.4797060480185834e-22
 -2.7218780953918807e-11
  3.998300865062339e-26
 -4.037326513035244e-27
 -5.239673647312113e-25
  1.0676782614068055e-10
  1.5171367281717637e-24
 -4.3103371441237515e-25
 -1.5437577583032314e-24
  3.7159759898226075e-10
  5.778534464456351e-24
  1.0953808482019895e-25
 -5.877485318907109e-22
 -1.701409962854481e-11
  1.6133508309417802e-16
  3.2340212950393474e-26
 -1.0985802344315279e-26
Evaluating remaining element <HF|H|nu_tilde>
Norm of element <HF|H|nu_tilde>: 0.6310595109169916
65-element Vector{Float64}:
  0.00021215225909994464
 -4.977168230849131e-15
 -0.0025369844716785516
  1.2009298899249973e-15
  2.403028252226843e-16
 -0.006432734619983731
 -0.004494612408260911
  6.333278303947242e-16
 -7.666227754736601e-17
  1.018553439951084e-30
  0.05239336012754763
 -4.987329993433322e-18
  0.019651963684992408
 -2.645453300864631e-16
  4.7704895589362195e-17
 -0.029156979521037844
 -0.003541965152492765
 -1.3140530330524314e-16
 -1.0646482033866563e-20
  4.582965584910485e-33
  0.039043531449969804
 -1.5525775109992423e-16
  0.03820659895705575
  0.02369421286935847
  2.2724877535296173e-16
  4.917941054394248e-16
 -0.0224954053985897
 -8.542440710590395e-33
  1.3586608386572863e-20
  0.19030556275555352
 -1.986258379993444e-16
 -2.581268532253489e-15
  0.2150135516546591
  0.1205037915945526
  2.8622937353617317e-15
 -3.612563231322614e-18
  8.02242491069411e-32
  0.1356328370711587
 -0.016737182000169673
  1.797173521111972e-15
  9.992007221626409e-16
 -0.03437710461989834
  1.161272341516571e-31
 -7.162796922104843e-19
  0.14998000751864307
 -3.5318969970887792e-15
 -3.1988300897012323e-15
  0.01676122299106253
  3.8264456564749286e-31
 -3.6193520141994775e-18
  0.31889801799346934
  0.2912998997620643
  3.899658373995862e-15
 -9.132164893136826e-18
  1.670616349135297e-31
  0.19114032976697187
  2.2273849431542203e-15
 -6.023307337631938e-18
  2.313120961652824e-31
  0.14190557721937125
  1.0202625939814934e-31
 -3.1529099351592795e-18
  0.06920626869936716
  8.153200337090993e-17
  0.0500826884913902
Evaluating remaining element <L1|H|nu_tilde>
Norm of element <L1|H|nu_tilde>: 6.078713629185784e-11
65-element Vector{Float64}:
  4.2237330481599663e-20
 -2.3982445855391055e-24
  1.4339757928248494e-17
  7.60305795839711e-25
  4.578035220981011e-24
  3.6249274419783355e-17
  2.3908982116024504e-17
  1.2532539704351132e-23
  1.6721566056747906e-11
 -7.888490172251364e-23
 -8.082270954387352e-26
 -8.578802026166588e-27
  8.050696262266336e-26
  2.0902173199051105e-27
  1.3866249367003208e-26
 -4.649051682939667e-26
  6.394848929566465e-26
  4.262969514031685e-26
 -4.9771153778841803e-14
  2.1424869188163069e-26
  6.010618290507018e-26
  9.998438234851674e-27
 -6.534885913110609e-27
 -1.7485062655178804e-26
  2.9741770783421274e-26
 -3.0556096964355246e-26
 -3.968813420394596e-26
 -3.993498781108844e-26
  6.351592696911088e-14
  1.1017664150160551e-25
 -1.2498984499686884e-26
 -2.387403841466112e-26
 -2.7321078345917333e-25
 -5.893325007183486e-26
 -6.460560184251915e-26
 -1.6888342980338236e-11
  3.750397010385564e-25
 -2.08718628298263e-26
  3.486342358849051e-26
 -1.2127264146203798e-27
 -7.610685357326799e-26
  1.1802706137287403e-25
  5.428822789056646e-25
 -3.3485302089710276e-12
 -4.232756215030277e-25
  1.162654063328619e-25
 -2.73342366567647e-26
  1.0818778160488425e-25
  1.7888220220442998e-24
 -1.6920079807156775e-11
  7.030964477832236e-26
  2.869721319435877e-25
  9.915493493789858e-26
 -4.2691884679298386e-11
  7.809951019854628e-25
  4.759421661901888e-25
 -2.17550453866097e-26
 -2.8158311337480323e-11
  1.0813590698342045e-24
  3.8361708263211565e-25
  4.7696174471832485e-25
 -1.4739513459420115e-11
 -4.9031171199261687e-26
 -9.081863555622432e-28
 -1.92338266840748e-26
Building the whole matrix...
(d, V, nconv, niter, nmult, resid) = eigs(A_imp, nev = n_ev, which = :SM, tol = 1.0e-12, maxiter = 1000) = (ComplexF64[3.627246286736917e-15 + 0.0im, 0.3232446223990487 + 0.0im], ComplexF64[-1.0000000000000007 + 0.0im -1.8053163696490564e-14 + 0.0im; 5.871744449233376e-16 + 0.0im 0.9999999999999992 + 0.0im; 2.3040130377134544e-17 + 0.0im -2.2863872314385283e-16 + 0.0im; -6.776553075056678e-17 + 0.0im -2.225656045383331e-15 + 0.0im; 4.545381940624572e-18 + 0.0im 3.4052813988144704e-14 + 0.0im; -1.346772760384352e-17 + 0.0im -6.560777869209169e-15 + 0.0im; -5.2546566913036e-16 + 0.0im 1.758405076887811e-14 + 0.0im; -5.341056947244081e-16 + 0.0im -1.0125215115339748e-13 + 0.0im; 1.6352698090035558e-15 + 0.0im -2.6600131781675572e-14 + 0.0im; 1.3522268547238822e-16 + 0.0im -3.9490761376032247e-14 + 0.0im; -2.220446049250313e-16 + 0.0im 1.9005160691934385e-10 + 0.0im; 1.8801709064365194e-15 + 0.0im 7.19641749913269e-17 + 0.0im; -4.60325575551051e-17 + 0.0im -8.46710826114375e-17 + 0.0im; 2.2238983244602464e-16 + 0.0im -2.0969134315857804e-17 + 0.0im; 5.066706244574661e-17 + 0.0im 9.61676962082293e-18 + 0.0im; -1.513358763651007e-17 + 0.0im -4.2571054490774905e-16 + 0.0im; -5.841736194201963e-17 + 0.0im 2.9759207662593215e-16 + 0.0im; -6.316494857483771e-17 + 0.0im 2.2200454700928752e-17 + 0.0im; -6.656175637051811e-17 + 0.0im 3.4074725159835596e-16 + 0.0im; 1.2974066170435274e-16 + 0.0im -3.132246077848466e-16 + 0.0im; -2.1846673775582914e-17 + 0.0im 2.5578191679757732e-9 + 0.0im; -1.1498615588942898e-16 + 0.0im -1.2436707868039188e-17 + 0.0im; -3.1722305603673717e-16 + 0.0im -2.0159064570152761e-16 + 0.0im; 1.97702728714674e-16 + 0.0im -1.6272929579971285e-17 + 0.0im; -8.140033280525083e-17 + 0.0im 8.900728775066155e-16 + 0.0im; 1.315929776279656e-16 + 0.0im -2.3468973236884714e-17 + 0.0im; -5.826580348113949e-17 + 0.0im -2.6052371817065006e-16 + 0.0im; -8.857493917065352e-17 + 0.0im 2.762026456641167e-17 + 0.0im; 9.919340988262033e-17 + 0.0im -2.8217728369288635e-16 + 0.0im; 1.7141593185699792e-16 + 0.0im 4.7944520535827356e-17 + 0.0im; -5.730008481585891e-17 + 0.0im -1.2427009401320878e-11 + 0.0im; 4.264408026111404e-17 + 0.0im -8.101471994092447e-16 + 0.0im; 1.360849592035958e-16 + 0.0im -1.9660028574783125e-15 + 0.0im; 3.362923352342249e-17 + 0.0im -1.2842521785391084e-15 + 0.0im; 6.412327460563428e-17 + 0.0im 3.1165167539594015e-15 + 0.0im; -8.797261279437533e-17 + 0.0im 7.786586081265398e-15 + 0.0im; 2.245044895802669e-16 + 0.0im -2.9589896430547933e-15 + 0.0im; 2.914335439641036e-16 + 0.0im -1.0676198223007418e-9 + 0.0im; 2.4123537609762816e-16 + 0.0im 1.2911096177548397e-14 + 0.0im; -3.339874424502065e-16 + 0.0im 4.910770904595602e-15 + 0.0im; 2.3606690148209123e-17 + 0.0im 3.5234252890832227e-15 + 0.0im; 8.951390576035776e-17 + 0.0im 1.27191515845286e-15 + 0.0im; 7.352337838436388e-19 + 0.0im -1.7612841728308648e-16 + 0.0im; -1.3189609995434006e-16 + 0.0im 8.905676498254714e-15 + 0.0im; -5.937617302703668e-17 + 0.0im -1.1515549446435094e-14 + 0.0im; -2.1510571102112408e-16 + 0.0im 6.877193432070882e-11 + 0.0im; -1.2537630408663466e-16 + 0.0im -1.0398458854428835e-14 + 0.0im; -4.99098324484002e-17 + 0.0im 5.55491244931382e-15 + 0.0im; 1.5822651482422685e-16 + 0.0im -2.1169839279456412e-14 + 0.0im; 1.0884372313609003e-16 + 0.0im -3.224110633847202e-14 + 0.0im; 3.1188556060160903e-16 + 0.0im -2.6242316060013352e-15 + 0.0im; 5.551115123125783e-17 + 0.0im -8.114791872797242e-11 + 0.0im; 2.7769608087062833e-16 + 0.0im -2.609531444368964e-16 + 0.0im; -8.101554771535826e-18 + 0.0im -1.0109801585726128e-14 + 0.0im; 1.562157544427306e-17 + 0.0im 1.2121397686252471e-14 + 0.0im; 1.1102230246251565e-16 + 0.0im -4.78953776259808e-11 + 0.0im; 2.0172473511613136e-16 + 0.0im 5.670595721026945e-15 + 0.0im; 1.3783264479475112e-16 + 0.0im -1.8734038604818335e-14 + 0.0im; 6.103650694349624e-18 + 0.0im -1.1016857068435152e-14 + 0.0im; 3.608224830031759e-16 + 0.0im -5.992381455291206e-10 + 0.0im; 2.221041433526508e-16 + 0.0im 7.678176171778307e-15 + 0.0im; 1.3116985774254647e-16 + 0.0im -1.9416484634453636e-15 + 0.0im; 3.0641028193435767e-16 + 0.0im 4.89560697820057e-15 + 0.0im; 2.7755575615628914e-17 + 0.0im 1.2613462912028487e-10 + 0.0im; 2.4500451262498733e-17 + 0.0im 4.455127038842122e-14 + 0.0im; -1.5632783086433533e-16 + 0.0im 1.514296367486751e-14 + 0.0im; -7.906442720706479e-17 + 0.0im -4.6990472700107207e-14 + 0.0im], 2, 12, 208, [1.527081455714091e-17, 7.460849917824067e-10, 0.6885019830473933, 3.7479147864870104, -1.3814555536425714, 0.5039380321618764, -0.15535743868810492, 4.671506086787963, 1.0185604981915997, 0.7386083058633142, 0.036248741889866876, 0.2327536414991458, -0.01701597196506795, -0.044024545225846035, -0.13931526505722877, 0.5583378165426772, -0.5764434832002088, -0.0034146276887352636, -0.38774914780500125, 0.5636847840383477, -0.11497120384559846, 0.02259884577637432, -0.06402233570817162, 0.0704725479456879, -1.6494462600864472, 0.18783887558823384, 0.4120957884906146, -0.12217527245069926, 0.36872954742926395, -0.05378010315960927, -0.04070098300132719, -0.010781641241043567, 0.14795997465207356, 0.04376734467878161, -0.03903738711419533, -0.991070812816885, 0.12276622613753688, 0.260658357136348, -1.5262392131121323, -0.7908145224513538, 0.08133203682812254, 0.06697699507984756, -0.01792705318616137, -0.8074810110779482, 1.4083174721115148, -0.03928549320256407, 0.24830283329844507, -0.1380030709157767, 1.0781601222148507, 1.8866191963555043, 0.26170850771351933, 0.6605706649881011, -0.12782871080391098, 0.3074231580586381, -0.7721286501384569, -0.02386981158427161, -0.599723950909552, 0.7126631272853515, 0.22678732699481302, -0.1035513735439689, -0.6622420189372802, 0.48515399619789407, -0.4238825204940186, -1.482722575949453, -1.8457440227005557, -0.9793869415478902, 2.432797414128796])
The first 2 eigvals are: ComplexF64[-75.01276021360985 + 0.0im, -74.6895155912108 + 0.0im]
NEW E0 FROM FULL MATRIX: -75.01276021360985 + 0.0im
NEW E1 FROM FULL MATRIX: -74.6895155912108 + 0.0im
Omega tilde, projection removed
65-element Vector{Float64}:
 -5.610655826485284e-9
  1.0186550527093506e-20
  1.9680691105166994e-9
  1.623179506717642e-21
 -1.053292622742712e-21
 -2.9745810861078604e-9
  6.890330431185313e-9
 -1.6887332736706006e-21
  1.128004141225369e-22
  5.1894482042159664e-30
 -7.489934102575725e-11
  5.674622046230766e-23
  4.1963413663713964e-11
 -1.332462928009722e-23
 -4.080258653389997e-23
  7.938180470863719e-11
  8.942126665043882e-11
 -4.3047304549240796e-23
  1.4525965088291072e-25
  1.6616215956019472e-32
  3.856958833614727e-12
 -8.066784771245351e-23
  1.224846024763847e-11
  2.7339570752715865e-11
 -1.3064756080746897e-22
 -9.779481312631991e-23
  1.7739591956487332e-11
  1.6801935187406315e-32
 -4.7596410575740525e-26
 -4.828906724845635e-10
  4.8114995295140396e-23
 -1.3493949693916448e-23
 -1.1099338281899926e-9
  1.0277452090373128e-9
 -1.5519040022843323e-22
  1.2618068306682805e-23
  2.428232420418725e-31
  6.282170725197147e-11
 -1.3346569101935103e-9
 -1.9176892873548167e-22
 -8.863265466874333e-23
 -4.643128954207773e-10
  2.690269748938909e-31
 -9.75080678073136e-24
 -5.797704341084338e-9
 -5.557882689273332e-24
 -3.597790327564718e-23
  1.0807885458081941e-9
  3.2405795405802543e-31
 -1.130345393724658e-23
  6.308290347776588e-10
 -7.069088164781706e-10
  2.117393946720489e-22
 -1.4069850207605289e-24
  9.36018128721746e-31
  5.809659273279921e-9
  2.5600058112460437e-22
  3.8354818079586765e-23
  5.547460089774808e-31
 -1.5888609826697908e-9
  6.798960261219744e-31
 -3.687948907411555e-23
 -1.2890278201948941e-9
 -5.540048476755122e-23
 -6.793399427673719e-10
Omega_tilde on L1: 5.960608546773885e-39
Omega_tilde on R1: -9.927459004432351e-23
DIIS dimension: 8
t at step 17 : 
2×5 Matrix{Float64}:
 -4.89073e-5    0.00328988    7.14248e-17  -0.021778     -6.29324e-16
  1.19849e-16  -4.02126e-16  -0.00250112   -8.98104e-16  -7.53103e-30
t2 at step 17 : 
2×5×2×5 Array{Float64, 4}:
[:, :, 1, 1] =
 -0.000522019  -0.000400131  7.12014e-18  -9.49036e-5   -1.85508e-19
 -1.16463e-18   5.72433e-18  0.000170989   1.94579e-18  -3.74061e-32

[:, :, 2, 1] =
 -1.16463e-18   6.55629e-18  -0.000216184  -5.99591e-19  1.27871e-32
 -0.000369563  -0.000746026   3.10383e-18   0.000418088  2.02707e-19

[:, :, 1, 2] =
 -0.000400131  -0.0318278     8.18884e-16  -0.0386746    -5.40794e-17
  6.55629e-18   2.26175e-18  -0.0316263    -5.24919e-16  -1.2888e-32

[:, :, 2, 2] =
  5.72433e-18   2.26175e-18  -0.0221953    -4.10115e-16   1.49379e-31
 -0.000746026  -0.0191734    -3.68106e-16   0.00339469   -9.36235e-18

[:, :, 1, 3] =
  7.12014e-18   8.18884e-16  -0.0584531     1.34001e-15   2.88489e-30
 -0.000216184  -0.0221953     1.25869e-15  -0.0553648    -9.01505e-17

[:, :, 2, 3] =
 0.000170989  -0.0316263     1.25869e-15  -0.0722549    -1.05439e-16
 3.10383e-18  -3.68106e-16  -0.100157     -1.41416e-15  -5.15176e-31

[:, :, 1, 4] =
 -9.49036e-5   -0.0386746     1.34001e-15  -0.0798184    -9.66409e-17
 -5.99591e-19  -4.10115e-16  -0.0722549    -1.01821e-15  -3.84594e-31

[:, :, 2, 4] =
 1.94579e-18  -5.24919e-16  -0.0553648    -1.01821e-15  -2.90738e-31
 0.000418088   0.00339469   -1.41416e-15  -0.05538      -5.63519e-17

[:, :, 1, 5] =
 -1.85508e-19  -5.40794e-17   2.88489e-30  -9.66409e-17  -0.026473
  1.27871e-32   1.49379e-31  -1.05439e-16  -2.90738e-31  -1.08699e-16

[:, :, 2, 5] =
 -3.74061e-32  -1.2888e-32   -9.01505e-17  -3.84594e-31  -1.08699e-16
  2.02707e-19  -9.36235e-18  -5.15176e-31  -5.63519e-17  -0.0127444
Module of t 0.022166691126515366
Module of t2 0.21841400132615105
 --------------Energy at step 17 : -75.01276021366003
 --------------E_2 at step 17 : 8.00236697416617
E1 - E0 83.0151271878262
 --------------Difference at step 17 : -2.3011637040326605e-10
 --------------Module of omegas 5.973837164946582e-8
Omega_bj_0 5.831724406401927e-8
Omega_bjck_0 1.2952686675254349e-8

######## END OF ITERATION 17 #########

global amplitudes = -(build_omega(F, g, L, t, t2, o, v)) = [-3.846389899359918e-8, 7.317821067098788e-20, -1.3575817583549968e-9, 5.697936361436647e-22, -2.8604094502212423e-22, 3.05993940630565e-10, 4.3716659160482754e-10, -4.646309630033031e-22, 2.0342544682355502e-16, 3.001942300233154e-30, -7.881130626766231e-10, 1.7248462757325586e-18, 6.661667288500656e-10, -4.2071321641988825e-18, -1.4321156396890448e-17, 1.1253851698227821e-9, 8.717378900130633e-10, -3.3750172416838605e-18, 5.9965088704431e-20, 9.014019456117238e-31, 1.6505470879262986e-21, -4.989485352556767e-11, 1.2645365289726834e-18, -1.075465135856766e-11, 4.2752339737681164e-10, -2.0421320184215826e-18, -8.180189793856564e-19, 3.231618174970513e-10, -1.465118824374628e-31, -6.552187296373398e-20, 6.661667058522807e-10, -1.285807356879474e-21, -7.02349157016233e-10, 4.930971074269837e-18, 5.240512308506006e-18, 1.2174268329798578e-10, -6.060947116749431e-10, -5.73482203887737e-18, 1.7480867412358497e-17, -4.593447185282473e-31, -2.279418588793268e-22, -1.0754642256563368e-11, 8.9939011669819e-23, 2.1304135766512298e-10, -5.370336573355858e-10, 3.389567845786923e-17, -1.5092667351593767e-17, 9.042739131379165e-10, -5.395632381446235e-31, 3.0263281175910544e-18, -6.230269400527936e-22, 4.275234097350215e-10, -5.210888366505144e-23, -5.370337299774224e-10, 8.147283350644075e-10, 3.379746934861893e-17, -3.654951803538118e-18, -3.8636207634067814e-10, -1.3215504717566554e-30, 2.9140644718155916e-17, 1.1253851696499847e-9, -1.9576800620976403e-21, 1.2174271723356682e-10, -2.2808164375800756e-22, 8.094730686950862e-23, -1.077859541414618e-9, 6.76836207535093e-10, 1.7833337014368415e-17, 3.4082641088929076e-17, -7.888217630917398e-31, 8.717378771466394e-10, -1.461519006556067e-21, -6.060947088560175e-10, -1.2994733135087953e-22, 7.475403402721221e-23, 6.768364642725798e-10, -5.2802831701185e-10, 1.0440116448185664e-17, 3.123866261701745e-17, -4.91865668931845e-31, -6.18798527725959e-22, 3.2316181119258175e-10, -2.27017368669073e-22, 9.042738612586308e-10, -3.86362147030342e-10, 1.3396112502366691e-22, 1.2968913493280055e-22, 8.14545424307292e-10, -4.890592997694686e-31, 1.821544325282498e-17, 5.996508870448708e-20, -1.5012192510988356e-31, 1.7480867412358352e-17, -5.427045798198347e-31, -1.3022024546274744e-30, 3.4082641088929274e-17, 3.123866261701747e-17, -4.7535057225639085e-31, -5.709747827738488e-11, 6.316940246972109e-18, 9.046458880653053e-31, -6.552187296373778e-20, -4.958268060140379e-31, 3.0263281175910193e-18, 2.914064471815588e-17, -8.199572809926049e-31, -4.916033185119003e-31, 1.821544325282508e-17, -3.991822961214983e-23, -2.9262949258651194e-10]
addition_t1 = reshape(amplitudes[1:n], (nv, no)) ./ pre_t[v, o] = [-3.7090598651643125e-9 -1.6091604207672636e-9 -5.578111638858793e-22 9.564468867870532e-10 1.5655620527458575e-24; 7.019145741097208e-21 6.338660891639462e-22 5.386730894761919e-10 -9.068922756067063e-22 -3.354557907485839e-31]
addition_t2 = reshape(amplitudes[n + 1:end], (nv, no, nv, no)) ./ pre_t2[v, o, v, o] = [-3.7998728762157406e-11 2.970268460307367e-11 -2.862373558507772e-23 4.0256367022396686e-11 2.212752615385599e-26; 3.968468155601051e-23 -1.011351258336793e-23 5.144238396117365e-11 -2.8430667575189014e-23 4.093951782122168e-32;;; 3.968468155601051e-23 -5.704976238200742e-23 1.954248553214835e-11 -6.714941805571534e-23 -6.798305205385471e-33; -2.392920279243206e-12 -4.748424075831577e-13 -8.90375322393212e-23 1.4772640883141226e-11 8.97733243305163e-26;;;; 2.970268460307367e-11 -4.1625208134766276e-10 -1.920781369018365e-23 -2.329821624908669e-10 3.1178284168913513e-24; -5.704976238200742e-23 2.5806331958950592e-23 4.311889183876865e-11 -8.370898986306131e-23 -2.5459009142509165e-31;;; -1.011351258336793e-23 2.5806331958950592e-23 -1.902068546099637e-10 -4.79159806446791e-23 -2.6448060547053664e-31; -4.748424075831577e-13 1.1849877187048548e-10 -7.77390659581644e-23 3.203802073916818e-10 -1.119156809742753e-25;;;; -2.862373558507772e-23 -1.9207813690183648e-23 7.944047308534082e-10 3.853835949129955e-23 -3.422904281005173e-31; 1.9542485532148347e-11 -1.9020685460996367e-10 3.744637589898288e-23 -1.8844638570017078e-10 -3.668965858540068e-24;;; 5.1442383961173646e-11 4.3118891838768646e-11 3.744637589898288e-23 3.301239171140485e-10 7.689974989562701e-24; -8.90375322393212e-23 -7.77390659581644e-23 -9.487343572861708e-10 6.199697196728914e-23 -7.125822734650467e-31;;;; 4.0256367022396686e-11 -2.329821624908669e-10 3.8538359491299553e-23 -5.776185207650875e-10 -1.0644561756078795e-24; -6.714941805571534e-23 -4.791598064467909e-23 3.301239171140484e-10 6.689098331168362e-23 -5.196541195230743e-31;;; -2.8430667575189014e-23 -8.370898986306129e-23 -1.8844638570017073e-10 6.689098331168362e-23 -5.217358061664035e-31; 1.4772640883141226e-11 3.2038020739168176e-10 6.199697196728914e-23 7.949372875220392e-10 3.7186238664819315e-24;;;; 2.212752615385599e-26 3.1178284168913513e-24 -3.422904281005173e-31 -1.0644561756078795e-24 -6.599291463544587e-11; -6.798305205385471e-33 -2.6448060547053664e-31 7.689974989562701e-24 -5.217358061664035e-31 -2.1683712455423286e-23;;; 4.093951782122168e-32 -2.5459009142509165e-31 -3.668965858540068e-24 -5.196541195230743e-31 -2.1683712455423286e-23; 8.97733243305163e-26 -1.119156809742753e-25 -7.125822734650467e-31 3.7186238664819315e-24 -2.999097039617768e-10]
(d, V, nconv, niter, nmult, resid) = eigs(A_imp, nev = n_ev, which = :SM, tol = 1.0e-12, maxiter = 1000) = (ComplexF64[0.32324462250345587 + 0.0im, 0.3948541072894546 + 0.0im], ComplexF64[-7.212468464511298e-17 + 0.0im 2.2276122200307874e-16 + 0.0im; -4.1965530534962243e-17 + 0.0im 1.1258823721560136e-16 + 0.0im; 1.006450778466381e-15 + 0.0im 1.0506107739424753e-15 + 0.0im; 3.767389443249474e-17 + 0.0im -1.6179757134793914e-15 + 0.0im; 2.2325622979386576e-16 + 0.0im -4.3522792926855526e-14 + 0.0im; 3.607109644118708e-15 + 0.0im 1.0965465100228796e-15 + 0.0im; -1.0804134118183398e-14 + 0.0im -7.614643517734094e-15 + 0.0im; -6.873274439046702e-17 + 0.0im 6.587349153530691e-14 + 0.0im; 0.9587957025251803 + 0.0im -1.8725111960905413e-14 + 0.0im; 1.2091463976585406e-14 + 0.0im 0.9597669029924764 + 0.0im; -2.229924981787735e-16 + 0.0im 3.6690580626871725e-16 + 0.0im; -2.013855128815499e-16 + 0.0im -4.9264774295846e-16 + 0.0im; 3.693303115770996e-17 + 0.0im 4.226213734770331e-16 + 0.0im; 4.137752778748696e-17 + 0.0im -8.349294506840118e-17 + 0.0im; -2.748397993617772e-16 + 0.0im -8.943302711122562e-17 + 0.0im; -1.127287178971329e-16 + 0.0im 3.797384120617953e-17 + 0.0im; 1.5930328087868122e-16 + 0.0im -1.2971736420384294e-16 + 0.0im; -1.7148687904655155e-16 + 0.0im 4.300475659978665e-17 + 0.0im; 0.00028262846898735404 + 0.0im -5.0522616647574374e-17 + 0.0im; 2.4627059726245497e-17 + 0.0im 0.00012979537619497932 + 0.0im; -4.547756366078199e-16 + 0.0im -3.8592326930481087e-16 + 0.0im; 1.8179304677570094e-16 + 0.0im -8.150842407030843e-17 + 0.0im; 2.253223946673548e-16 + 0.0im 1.784593083752293e-16 + 0.0im; -1.2805672385904777e-16 + 0.0im 3.686236484964864e-17 + 0.0im; -1.2497808472761657e-16 + 0.0im 4.046947038556562e-17 + 0.0im; 1.392207913027149e-16 + 0.0im -1.571524537431302e-18 + 0.0im; -1.004900732869339e-16 + 0.0im 3.645430434544707e-18 + 0.0im; -1.9730157688091894e-17 + 0.0im 0.00030647604604412145 + 0.0im; -0.0003088304062267598 + 0.0im -7.50848439963687e-17 + 0.0im; -2.6777972446780094e-16 + 0.0im 5.586855864741639e-16 + 0.0im; -4.2132203205268937e-17 + 0.0im 3.0996563326683613e-15 + 0.0im; 1.8064068092538008e-16 + 0.0im -9.173016290104703e-17 + 0.0im; 6.228377831734586e-16 + 0.0im 9.101226008154534e-16 + 0.0im; 2.2134546908348265e-16 + 0.0im 1.8984696432863436e-15 + 0.0im; 6.419828947915957e-17 + 0.0im 1.0050654381815692e-16 + 0.0im; 0.08239172256868402 + 0.0im -1.9196047029271313e-15 + 0.0im; 6.624190351080284e-16 + 0.0im 0.058341673334683326 + 0.0im; 1.90691471179397e-16 + 0.0im 5.945355119694369e-16 + 0.0im; 2.8853308639223563e-16 + 0.0im 6.398036087347282e-16 + 0.0im; 1.0294124383218613e-16 + 0.0im -2.5248711854904933e-15 + 0.0im; -6.7140243001967e-17 + 0.0im 6.685832542683183e-16 + 0.0im; -2.3842925170819033e-16 + 0.0im -1.138154499487185e-15 + 0.0im; 8.679926174392234e-16 + 0.0im 0.05916464244247679 + 0.0im; 0.014263852999795275 + 0.0im 6.121116397207311e-16 + 0.0im; 1.2285421507210465e-15 + 0.0im -1.7570567531458451e-15 + 0.0im; -1.4668815319960098e-16 + 0.0im -9.224599267762963e-15 + 0.0im; -2.8842906919175417e-16 + 0.0im 1.1630502885651005e-14 + 0.0im; -8.806161630051217e-16 + 0.0im 8.721983284935977e-16 + 0.0im; -3.289807838237456e-15 + 0.0im 0.11537646210860082 + 0.0im; 0.13734728140379926 + 0.0im -3.3287838387877217e-15 + 0.0im; -2.908996574241476e-16 + 0.0im 8.630860700545567e-16 + 0.0im; -8.200419403608054e-16 + 0.0im 4.2200712332851064e-16 + 0.0im; -1.454805202955129e-16 + 0.0im -2.966877415047249e-15 + 0.0im; 0.1606400555781241 + 0.0im -3.2949644556541236e-15 + 0.0im; 2.460821843859848e-15 + 0.0im 0.15443990707686886 + 0.0im; -1.2387431304249622e-15 + 0.0im 1.8986178698322093e-15 + 0.0im; -2.8508593386983875e-17 + 0.0im 1.668198610653451e-14 + 0.0im; 0.14723574750257337 + 0.0im -2.4305869616156645e-15 + 0.0im; 1.8709802432972026e-15 + 0.0im 0.1360082843103949 + 0.0im; -7.931027629773489e-16 + 0.0im -2.7468299175418322e-15 + 0.0im; 1.8598747486327355e-15 + 0.0im 0.1275990167490191 + 0.0im; 0.08585396674668162 + 0.0im 3.400556742470921e-15 + 0.0im; 4.126944295553503e-16 + 0.0im 5.716818058696378e-16 + 0.0im; 4.026454943053217e-17 + 0.0im -1.7595751302261092e-15 + 0.0im; 1.947891454392588e-16 + 0.0im -3.994578818903231e-18 + 0.0im], 2, 9, 162, [-0.010487659686140583, -0.032484852132706285, -0.04519464671271817, 0.08251168115673234, 1.2145276415060982, 0.07069874943281147, 0.07570744702618493, -1.7602545932891849, 0.00931307298656476, -0.039356116896237976, -0.010361454427713676, 0.009272114957342805, -0.3026031578577868, 0.12423793284296822, 0.04014933298888926, -0.017623952454372236, -0.016355411745464007, -0.05270729224002246, 0.007352969263363594, 0.0006469752166740286, 0.00013581765442637934, 0.2352825307006499, 0.0004336998414051816, -0.02317524657717344, 0.043873659764571776, 0.04462900399526782, 0.033135369481459294, 0.0074532978923038985, 0.010823716466064358, -0.24581559460981484, -0.927559856279739, 0.4812411561925491, -0.17249224175971778, -0.1590902010703663, 0.692594265991734, -0.011861919893626505, 0.12812642377357666, -0.26209709030892875, -0.08614273619109392, -0.5559567700566728, 0.06742744717360773, 0.14598895866587938, -0.08361050174895046, -0.0009802300485176377, 0.19314561962569612, 0.15888553902299224, -0.2945986986822948, -0.16983687374927078, 0.07871666791171866, 0.12170064785602017, -0.1120419113637621, -0.3715680948881404, 0.2102386929421464, 0.04577906422823104, 0.03175842534498521, -0.2511377625954949, -0.46062600398777465, -0.14173506847703096, 0.05994637355414726, 0.18321176021042998, 0.10268091149272972, -0.12972609385131334, -0.06299372961347756, -0.008208239855768726, -0.012878022931354852])
[7.212468464511298e-17, 4.1965530534962243e-17, -1.006450778466381e-15, -3.767389443249474e-17, -2.2325622979386576e-16, -3.607109644118708e-15, 1.0804134118183398e-14, 6.873274439046702e-17, -0.9587957025251803, -1.2091463976585406e-14, 2.229924981787735e-16, 2.013855128815499e-16, -3.693303115770996e-17, -4.137752778748696e-17, 2.748397993617772e-16, 1.127287178971329e-16, -1.5930328087868122e-16, 1.7148687904655155e-16, -0.00028262846898735404, -2.4627059726245497e-17, 4.547756366078199e-16, -1.8179304677570094e-16, -2.253223946673548e-16, 1.2805672385904777e-16, 1.2497808472761657e-16, -1.392207913027149e-16, 1.004900732869339e-16, 1.9730157688091894e-17, 0.0003088304062267598, 2.6777972446780094e-16, 4.2132203205268937e-17, -1.8064068092538008e-16, -6.228377831734586e-16, -2.2134546908348265e-16, -6.419828947915957e-17, -0.08239172256868402, -6.624190351080284e-16, -1.90691471179397e-16, -2.8853308639223563e-16, -1.0294124383218613e-16, 6.7140243001967e-17, 2.3842925170819033e-16, -8.679926174392234e-16, -0.014263852999795275, -1.2285421507210465e-15, 1.4668815319960098e-16, 2.8842906919175417e-16, 8.806161630051217e-16, 3.289807838237456e-15, -0.13734728140379926, 2.908996574241476e-16, 8.200419403608054e-16, 1.454805202955129e-16, -0.1606400555781241, -2.460821843859848e-15, 1.2387431304249622e-15, 2.8508593386983875e-17, -0.14723574750257337, -1.8709802432972026e-15, 7.931027629773489e-16, -1.8598747486327355e-15, -0.08585396674668162, -4.126944295553503e-16, -4.026454943053217e-17, -1.947891454392588e-16]
(d, V, nconv, niter, nmult, resid) = eigs(A_imp, nev = n_ev, which = :SM, tol = 1.0e-12, maxiter = 1000) = (ComplexF64[0.32324462250345376 + 0.0im, 0.39485410728944215 + 0.0im], ComplexF64[1.3976760967719367e-16 + 0.0im -1.1974414942528265e-17 + 0.0im; -7.435753676144619e-17 + 0.0im 1.0874725582429656e-16 + 0.0im; -1.183040426181585e-16 + 0.0im -4.800701758051783e-16 + 0.0im; -1.286234626385805e-16 + 0.0im 1.825331251607711e-16 + 0.0im; -9.922211484833328e-16 + 0.0im -1.396106817133445e-14 + 0.0im; 9.22883303681855e-17 + 0.0im -1.59663007808115e-15 + 0.0im; 2.2883790764352284e-15 + 0.0im 4.63057527738511e-15 + 0.0im; 3.36605161373681e-16 + 0.0im 1.1268261595295765e-14 + 0.0im; -0.9557935635080363 + 0.0im -2.4710839509524637e-14 + 0.0im; -1.2975892132561072e-14 + 0.0im 0.9607758625437455 + 0.0im; -2.899096084973808e-16 + 0.0im -5.856047119242422e-17 + 0.0im; 2.0106843498103672e-17 + 0.0im 1.3740343445147134e-16 + 0.0im; 6.665192546178688e-17 + 0.0im -7.043392794671014e-17 + 0.0im; -8.133764298043367e-17 + 0.0im 6.242879338943428e-17 + 0.0im; -2.171095953346176e-16 + 0.0im 4.5356936938685606e-17 + 0.0im; 4.4271300041341855e-17 + 0.0im 2.239502635564207e-17 + 0.0im; -9.580864563383817e-17 + 0.0im -1.033005863728643e-16 + 0.0im; -2.0944520903366775e-17 + 0.0im -4.7480023239429e-17 + 0.0im; -0.00025041309705322825 + 0.0im -6.555224365180151e-17 + 0.0im; 1.2291351188045674e-16 + 0.0im -6.06028588732637e-5 + 0.0im; -6.277042449403634e-16 + 0.0im -1.8488443644963183e-16 + 0.0im; 1.810707481512323e-16 + 0.0im 1.4008375298600208e-16 + 0.0im; 3.6091711816315415e-17 + 0.0im -1.539448639986576e-16 + 0.0im; -7.99321759438848e-17 + 0.0im 1.5156985622097676e-17 + 0.0im; 9.32079315211547e-17 + 0.0im 1.4882690032031136e-16 + 0.0im; 6.780247129488022e-17 + 0.0im 5.652917355608439e-18 + 0.0im; -2.5544935294460884e-17 + 0.0im -8.228109938967522e-17 + 0.0im; -2.7801042284604787e-16 + 0.0im 0.0004601014641277813 + 0.0im; 0.00031956703561222843 + 0.0im 1.7999039371243676e-16 + 0.0im; -5.959869213090293e-16 + 0.0im 5.304480065997862e-16 + 0.0im; 2.3989064526453607e-17 + 0.0im 4.167549223791967e-16 + 0.0im; 3.063882812930194e-16 + 0.0im 6.078795664082964e-16 + 0.0im; -2.1020102375542927e-16 + 0.0im 4.723326654314655e-16 + 0.0im; -1.0399746949433586e-16 + 0.0im -5.501756876812612e-16 + 0.0im; -2.4105323424386e-16 + 0.0im 3.2982765059387175e-16 + 0.0im; -0.08497014723497803 + 0.0im -2.383488396830912e-15 + 0.0im; -1.2762539145487142e-15 + 0.0im 0.06896895762799658 + 0.0im; 8.90327074128127e-16 + 0.0im -1.568591128296434e-15 + 0.0im; 2.1554466361807235e-16 + 0.0im -7.531684952917637e-16 + 0.0im; 7.864149088742641e-17 + 0.0im 8.961602178897112e-16 + 0.0im; 4.1677578488896585e-17 + 0.0im 2.0533932708086494e-16 + 0.0im; -1.2044744018178726e-16 + 0.0im 6.37242489899081e-17 + 0.0im; 4.299375431872039e-16 + 0.0im 0.05288271825359368 + 0.0im; -0.016847425633819895 + 0.0im -1.6109613091519972e-16 + 0.0im; -3.921676680538073e-16 + 0.0im -1.3307299280109116e-16 + 0.0im; -1.2781639424188476e-16 + 0.0im -3.233948443761156e-15 + 0.0im; -1.7562819319806007e-16 + 0.0im 3.1560589570719255e-15 + 0.0im; 1.9030651727340233e-16 + 0.0im 1.0390229400307103e-16 + 0.0im; 3.5369033408221656e-15 + 0.0im 0.10895778995731344 + 0.0im; -0.08512982472823095 + 0.0im -2.5456520496945454e-15 + 0.0im; -6.285734710972779e-17 + 0.0im -4.207679485526133e-16 + 0.0im; 3.6150718327342915e-16 + 0.0im 8.676458003669082e-16 + 0.0im; 2.216097774473311e-16 + 0.0im -8.221643331091158e-16 + 0.0im; -0.21479524196896488 + 0.0im -4.90895174304488e-15 + 0.0im; -2.9302811258703855e-15 + 0.0im 0.15548111098615644 + 0.0im; 1.942720263368367e-16 + 0.0im 6.3713232499961e-16 + 0.0im; -2.6093499034190488e-17 + 0.0im 2.6005889826261753e-15 + 0.0im; -0.14167262376819223 + 0.0im -2.6217414995308995e-15 + 0.0im; -2.9858544954317836e-15 + 0.0im 0.16065591720438618 + 0.0im; 5.239175180744207e-16 + 0.0im 9.853907973573482e-16 + 0.0im; -1.1347963285554335e-15 + 0.0im 0.0866009698699948 + 0.0im; -0.07415876279342805 + 0.0im 1.3375101305834519e-15 + 0.0im; -5.187164300159166e-16 + 0.0im 1.5335773128575087e-15 + 0.0im; 3.061166312609979e-16 + 0.0im -5.806053989123312e-16 + 0.0im; -3.5375324274775926e-16 + 0.0im -3.121804348699277e-16 + 0.0im], 2, 10, 180, [0.10763366641895282, 0.18106034707509333, 0.0651989563370637, -0.22933996937411508, 1.0966527645003998, 0.009217035134509862, -0.021952993446687177, -1.3129904094418945, 0.06470101205110368, 0.03957471487664719, -0.004198885208031302, 0.0006035441560988809, -0.1868181665606402, 0.2127023825444631, -0.013803123372168808, -0.16463253943851638, 0.11145642142415632, 0.031320725251707156, -0.0029259122713679755, -0.014364935686826166, 0.0036353186293478297, -0.12466534904770799, 0.31270193836567717, 0.030171796336275924, -0.04823271308897142, -0.05523396822075201, 0.037948975382561964, -0.028130126759874977, -0.004239677836990702, -0.4086204239367471, -0.2889118791888715, 0.23223705234160472, -0.4802825758384307, 0.21668934339644114, 0.8681898544299667, -0.22966393743075864, -0.37382833750897887, 0.8794880694998183, 0.07113790070306003, -0.5132077922105296, -0.543572978010142, -0.14152019569971955, -0.31921436881265053, -0.079661411062768, -0.17508295243308897, 0.545331787111842, -0.4454085044751667, 0.13912345819991376, 0.005797839059191513, -0.06164114995664989, 0.19428933769965234, -0.12842449381761253, -0.3167004868598633, 0.1314832279795254, 0.23144900102865532, -0.03841081862970644, -0.11529110406592853, -0.4043215687330382, -0.5147813500144697, 0.10173471833998003, 0.5858839469064421, -0.09031891181420461, -0.1805548505299955, -0.02350439781695806, 0.11973455712395926])
[1.3976760967719367e-16, -7.435753676144619e-17, -1.183040426181585e-16, -1.286234626385805e-16, -9.922211484833328e-16, 9.22883303681855e-17, 2.2883790764352284e-15, 3.36605161373681e-16, -0.9557935635080363, -1.2975892132561072e-14, -2.899096084973808e-16, 2.0106843498103672e-17, 6.665192546178688e-17, -8.133764298043367e-17, -2.171095953346176e-16, 4.4271300041341855e-17, -9.580864563383817e-17, -2.0944520903366775e-17, -0.00025041309705322825, 1.2291351188045674e-16, -6.277042449403634e-16, 1.810707481512323e-16, 3.6091711816315415e-17, -7.99321759438848e-17, 9.32079315211547e-17, 6.780247129488022e-17, -2.5544935294460884e-17, -2.7801042284604787e-16, 0.00031956703561222843, -5.959869213090293e-16, 2.3989064526453607e-17, 3.063882812930194e-16, -2.1020102375542927e-16, -1.0399746949433586e-16, -2.4105323424386e-16, -0.08497014723497803, -1.2762539145487142e-15, 8.90327074128127e-16, 2.1554466361807235e-16, 7.864149088742641e-17, 4.1677578488896585e-17, -1.2044744018178726e-16, 4.299375431872039e-16, -0.016847425633819895, -3.921676680538073e-16, -1.2781639424188476e-16, -1.7562819319806007e-16, 1.9030651727340233e-16, 3.5369033408221656e-15, -0.08512982472823095, -6.285734710972779e-17, 3.6150718327342915e-16, 2.216097774473311e-16, -0.21479524196896488, -2.9302811258703855e-15, 1.942720263368367e-16, -2.6093499034190488e-17, -0.14167262376819223, -2.9858544954317836e-15, 5.239175180744207e-16, -1.1347963285554335e-15, -0.07415876279342805, -5.187164300159166e-16, 3.061166312609979e-16, -3.5375324274775926e-16]
Projection L1|R2: 6.0351152207151894e-15
scalar = l1_vec' * r1_vec = 0.9970752448755095
Check <L1|R1>: 1.0
t before projection
65-element Vector{Float64}:
 -4.891101258839805e-5
  1.1985598506195984e-16
  0.0032898794636777302
 -4.021256174014534e-16
  7.142424803174058e-17
 -0.00250112142812646
 -0.02177798965351919
 -8.981048216317056e-16
 -6.293235368886702e-16
 -7.866489492645134e-30
 -0.0005220194925608544
 -1.1645925051182008e-18
 -0.00040013131808382455
  5.7243184055945525e-18
  7.120108065071884e-18
  0.00017098902323444234
 -9.490354229055398e-5
  1.945762758629056e-18
 -1.8550845694763764e-19
  3.533375118950392e-33
 -0.00036956281090840323
  6.5562355190446894e-18
 -0.0007460255598239756
 -0.00021618419937249704
  3.103744533296627e-18
 -5.996580537033918e-19
  0.000418087784607963
  5.988765860998278e-33
  2.0270662424953155e-19
 -0.031827790461970436
  2.2617717575471938e-18
  8.188839937739572e-16
 -0.031626325265854266
 -0.03867464431969479
 -5.24918811263982e-16
 -5.407935139671367e-17
 -2.6747808733385077e-31
 -0.019173426942916627
 -0.022195329948877157
 -3.68106261769673e-16
 -4.101151623349449e-16
  0.0033946937203526927
 -1.1510135530347925e-31
 -9.362348216031984e-18
 -0.05845304952288755
  1.258689437786581e-15
  1.3400070352278741e-15
 -0.055364812241578826
  2.5426024661404446e-30
 -9.015045983884987e-17
 -0.10015725433275958
 -0.07225493662699488
 -1.4141622307365731e-15
 -1.054391170612041e-16
 -1.2277578023246306e-30
 -0.07981835751523632
 -1.018212927056396e-15
 -9.66409392425192e-17
 -9.042481119386204e-31
 -0.055380014902787045
 -8.124739892358983e-31
 -5.635186606853702e-17
 -0.026473018693683632
 -1.086990149735305e-16
 -0.012744374648129478
t after projection
65-element Vector{Float64}:
 -4.891101258839805e-5
  1.1985598506195982e-16
  0.0032898794636777302
 -4.021256174014534e-16
  7.14242480317407e-17
 -0.00250112142812646
 -0.02177798965351919
 -8.981048216317056e-16
 -7.351830851869047e-17
 -8.571767901229421e-31
 -0.0005220194925608544
 -1.1645925051183175e-18
 -0.00040013131808382455
  5.724318405594576e-18
  7.120108065071725e-18
  0.00017098902323444234
 -9.490354229055398e-5
  1.9457627586289567e-18
 -2.1671280440008713e-20
  1.7809459710461723e-32
 -0.00036956281090840323
  6.556235519044795e-18
 -0.0007460255598239756
 -0.00021618419937249704
  3.1037445332965548e-18
 -5.996580537033111e-19
  0.000418087784607963
 -5.448628748431179e-33
  2.3680420848343578e-20
 -0.031827790461970436
  2.2617717575471695e-18
  8.188839937739573e-16
 -0.031626325265854266
 -0.03867464431969479
 -5.24918811263982e-16
 -6.3176123135321055e-18
  1.1652025779345243e-31
 -0.019173426942916627
 -0.022195329948877157
 -3.6810626176967293e-16
 -4.1011516233494494e-16
  0.0033946937203526927
  3.880661429327721e-31
 -1.093721173683693e-18
 -0.05845304952288755
  1.258689437786581e-15
  1.340007035227874e-15
 -0.055364812241578826
  6.355305090913904e-31
 -1.0531478542227202e-17
 -0.10015725433275958
 -0.07225493662699488
 -1.4141622307365731e-15
 -1.231752448333095e-17
  1.987584443608172e-31
 -0.07981835751523632
 -1.018212927056396e-15
 -1.1289703260374927e-17
  1.8034227437906506e-31
 -0.055380014902787045
  2.6567864190423545e-31
 -6.583095236092841e-18
 -0.026473018693683632
 -1.0869901497353048e-16
 -0.012744374648129478
Omega original restricted
65-element Vector{Float64}:
 -3.846389899359918e-8
  7.317821067098788e-20
 -1.3575817583549968e-9
  5.697936361436647e-22
 -2.8604094502212423e-22
  3.05993940630565e-10
  4.3716659160482754e-10
 -4.646309630033031e-22
  2.0342544682355502e-16
  3.001942300233154e-30
 -7.881130626766231e-10
  1.6505470879262986e-21
  6.661667058522807e-10
 -2.279418588793268e-22
 -6.230269400527936e-22
  1.1253851696499847e-9
  8.717378771466394e-10
 -6.18798527725959e-22
  5.996508870448708e-20
  9.046458880653053e-31
 -4.989485352556767e-11
 -1.285807356879474e-21
 -1.0754642256563368e-11
  4.275234097350215e-10
 -1.9576800620976403e-21
 -1.461519006556067e-21
  3.2316181119258175e-10
 -1.5012192510988356e-31
 -6.552187296373778e-20
 -7.02349157016233e-10
  8.9939011669819e-23
 -5.210888366505144e-23
  1.2174271723356682e-10
 -6.060947088560175e-10
 -2.27017368669073e-22
  1.7480867412358352e-17
 -4.958268060140379e-31
  2.1304135766512298e-10
 -5.370337299774224e-10
 -2.2808164375800756e-22
 -1.2994733135087953e-22
  9.042738612586308e-10
 -5.427045798198347e-31
  3.0263281175910193e-18
  8.147283350644075e-10
  8.094730686950862e-23
  7.475403402721221e-23
 -3.86362147030342e-10
 -1.3022024546274744e-30
  2.914064471815588e-17
 -1.077859541414618e-9
  6.768364642725798e-10
  1.3396112502366691e-22
  3.4082641088929274e-17
 -8.199572809926049e-31
 -5.2802831701185e-10
  1.2968913493280055e-22
  3.123866261701747e-17
 -4.916033185119003e-31
  8.14545424307292e-10
 -4.7535057225639085e-31
  1.821544325282508e-17
 -5.709747827738488e-11
 -3.991822961214983e-23
 -2.9262949258651194e-10
Omega restricted
65-element Vector{Float64}:
  3.7090598651643125e-9
 -7.019145741097208e-21
  1.6091604207672636e-9
 -6.338660891639462e-22
  5.578111638858793e-22
 -5.386730894761919e-10
 -9.564468867870532e-10
  9.068922756067063e-22
 -1.5655620527458575e-24
  3.354557907485839e-31
  3.7998728762157406e-11
 -3.968468155601051e-23
 -2.970268460307367e-11
  1.011351258336793e-23
  2.862373558507772e-23
 -5.1442383961173646e-11
 -4.0256367022396686e-11
  2.8430667575189014e-23
 -2.212752615385599e-26
 -4.093951782122168e-32
  2.392920279243206e-12
  5.704976238200742e-23
  4.748424075831577e-13
 -1.9542485532148347e-11
  8.90375322393212e-23
  6.714941805571534e-23
 -1.4772640883141226e-11
  6.798305205385471e-33
 -8.97733243305163e-26
  4.1625208134766276e-10
 -2.5806331958950592e-23
  1.9207813690183648e-23
 -4.3118891838768646e-11
  2.329821624908669e-10
  8.370898986306129e-23
 -3.1178284168913513e-24
  2.5459009142509165e-31
 -1.1849877187048548e-10
  1.9020685460996367e-10
  7.77390659581644e-23
  4.791598064467909e-23
 -3.2038020739168176e-10
  2.6448060547053664e-31
  1.119156809742753e-25
 -7.944047308534082e-10
 -3.744637589898288e-23
 -3.8538359491299553e-23
  1.8844638570017073e-10
  3.422904281005173e-31
  3.668965858540068e-24
  9.487343572861708e-10
 -3.301239171140484e-10
 -6.199697196728914e-23
 -7.689974989562701e-24
  7.125822734650467e-31
  5.776185207650875e-10
 -6.689098331168362e-23
  1.0644561756078795e-24
  5.196541195230743e-31
 -7.949372875220392e-10
  5.217358061664035e-31
 -3.7186238664819315e-24
  6.599291463544587e-11
  2.1683712455423286e-23
  2.999097039617768e-10
Omega resricted on L25.256087818221553e-24
Omega resricted on L1 (<L1|H|HF>): 7.392447648018946e-25
Omega resricted on R1 (<R1|H|HF>): 7.392447648018946e-25
<L1[D]|R1[S]H[S]|HF> additional: 1.4114980762420483e-11
<L1|H|R1> with nuclear repulsion : -74.68951559121443
<HF|H|R1>: 3.345348491671232e-16
L1 * A * R1: 0.3232446225034592
Reduced matrix[-75.012760213732 3.345348491671232e-16; 2.1216767319715208e-16 -74.68951559121443]
Matrix
2×2 Matrix{Float64}:
 -75.0128         3.34535e-16
   2.12168e-16  -74.6895
NEW E0 FROM MATRIX: -75.012760213732
NEW E1 FROM MATRIX: -74.68951559121443
[1.0 1.0349278096620035e-15; 0.0 1.0]
Evaluating remaining element <mu_tilde|H|R1>
Norm of element <mu_tilde|H|R1>: 3.455313658939236e-8
65-element Vector{Float64}:
 -1.0180385362614138e-27
 -5.923426561857615e-28
  1.4206033376376086e-26
  5.317662951601234e-28
  3.1512573886309417e-27
  5.0914283234676956e-26
 -1.5250014523276944e-25
 -9.701613648198063e-28
  1.3533382896234353e-11
  1.7067078141900329e-25
 -2.601737112124934e-24
 -1.5148240717327018e-24
  3.620947975171933e-23
  1.3579416507460072e-24
  8.039848176203277e-24
  1.2998070851879183e-22
 -3.8924995354793985e-22
 -2.478801457829953e-24
  3.454457817501614e-8
  4.356452647216404e-22
 -6.419149359083193e-27
 -2.803136601508373e-26
  3.1804212635390852e-27
 -1.8075182089590096e-27
  1.06179256593101e-26
  8.56399238265921e-27
 -1.4184154466004683e-27
 -6.519942423477232e-20
 -4.359135242741218e-15
  7.300308235058958e-25
  2.6873613198246614e-26
  1.6532746879146663e-25
  2.3418063018943017e-24
 -8.032507808951293e-24
 -4.920738256490547e-26
  7.002278268054726e-10
  8.825323717766087e-24
  2.6916064472290546e-27
  4.072638963602742e-27
 -9.662722187603383e-27
 -6.871735416090787e-27
 -3.365424300998809e-27
 -6.564508440140954e-22
  2.01334010690104e-13
  1.734084882329403e-26
 -6.794256697167838e-26
 -3.917721902150406e-26
 -1.2429880199827016e-26
  1.8793854030162233e-22
  1.938654234785379e-12
 -1.0683888476847287e-24
  2.6089982497602264e-24
  1.8226238746384443e-26
 -2.806265974475023e-10
 -3.53286910292507e-24
  1.6814171574339688e-24
  1.0405519823994287e-26
 -1.4868812616946893e-10
 -1.874920032124521e-24
 -1.1194630242072531e-26
  3.448552651926404e-22
  1.211827089006899e-12
  2.2785201809917728e-17
  5.69059665241029e-28
  2.7494450406034634e-27
Evaluating remaining element <HF|H|nu_tilde>
Norm of element <HF|H|nu_tilde>: 0.6310595109102177
65-element Vector{Float64}:
  0.0002121520237283193
 -4.977167854037883e-15
 -0.002536984282684215
  1.200930413297776e-15
  2.4030288630896134e-16
 -0.006432734205333101
 -0.004494612168422274
  6.3332744648789e-16
  3.1559625048321756e-16
  4.30584538613852e-30
  0.05239336012754763
 -4.987329993433327e-18
  0.019651963684992408
 -2.6454533008646303e-16
  4.770489558936227e-17
 -0.029156979521037844
 -0.003541965152492765
 -1.3140530330524314e-16
  8.401763867142574e-20
 -4.123946850436942e-32
  0.039043531449969804
 -1.5525775109992428e-16
  0.03820659895705575
  0.02369421286935847
  2.272487753529617e-16
  4.917941054394248e-16
 -0.0224954053985897
  9.327698722005968e-32
 -1.0721990201518783e-19
  0.19030556275555352
 -1.986258379993444e-16
 -2.581268532253489e-15
  0.2150135516546591
  0.1205037915945526
  2.8622937353617317e-15
  2.8508856814021806e-17
  4.282038020669262e-31
  0.1356328370711587
 -0.016737182000169673
  1.797173521111972e-15
  9.992007221626409e-16
 -0.03437710461989834
 -1.4425098998358209e-31
  5.652583415575579e-18
  0.14998000751864307
 -3.5318969970887792e-15
 -3.1988300897012323e-15
  0.01676122299106253
 -1.1866881980289951e-30
  2.856243119207932e-17
  0.31889801799346934
  0.2912998997620643
  3.899658373995862e-15
  7.206727299991797e-17
  9.831566469015196e-31
  0.19114032976697187
  2.2273849431542203e-15
  4.753345353521463e-17
  1.001802409996613e-30
  0.14190557721937125
  3.8074249717843107e-31
  2.4881462711089e-17
  0.06920626869936716
  8.153200337090983e-17
  0.0500826884913902
Evaluating remaining element <L1|H|nu_tilde>
Norm of element <L1|H|nu_tilde>: 4.3295560930644195e-12
65-element Vector{Float64}:
  5.9787954060317956e-21
 -8.196369577279799e-25
  2.025185447725575e-18
  2.953243769679855e-24
  7.569695222676367e-24
  5.119451159652309e-18
  3.3766439775874216e-18
  9.897934828676311e-25
 -1.190991429499642e-12
  4.90524947913057e-23
  4.1040719522550195e-27
 -2.846402120876722e-28
 -9.435502992443352e-28
  1.151446966344843e-27
  3.073486958216121e-27
 -6.267215554919392e-28
  1.3563040472076247e-27
  2.9649869570881485e-28
  3.544944141107186e-15
 -1.7400109616108292e-27
  8.886022782492338e-27
 -2.563307172580376e-27
 -5.109281577176473e-28
  1.131550634262523e-27
 -1.3194873376786803e-27
 -9.59837868696953e-28
  3.616239317059869e-28
  3.93562250230603e-27
 -4.5239139003330995e-15
  8.437020146841063e-27
 -3.3959842653764118e-28
 -4.3373503840444895e-27
  2.9756865610673342e-27
  1.472228188190792e-27
  3.412442322240323e-27
  1.2028700940734888e-12
  1.8067141416261043e-26
 -1.2603812589038536e-26
 -3.0513331827743327e-27
 -1.1132792000494227e-27
 -5.900038353359129e-28
  1.7051003018944552e-27
 -6.086361267436143e-27
  2.384986388337907e-13
  5.551676384176926e-27
  1.8094180505618823e-27
  2.4862602707971167e-27
 -2.6940522734697914e-27
 -5.006976441429836e-26
  1.2051305500992904e-12
  8.898327882379331e-28
 -5.1176347658880704e-27
 -3.137193267519057e-27
  3.0407240815911875e-12
  4.148218695902782e-26
 -2.7501895453870867e-27
  3.6938961104968732e-28
  2.0055721665212367e-12
  4.226890495879117e-26
 -7.416777948026232e-27
  1.6064613407211036e-26
  1.049819976550349e-12
  7.343149344501324e-27
 -4.333504801681673e-27
  5.007867000701554e-27
Building the whole matrix...
(d, V, nconv, niter, nmult, resid) = eigs(A_imp, nev = n_ev, which = :SM, tol = 1.0e-12, maxiter = 1000) = (ComplexF64[3.904332872017414e-16 + 0.0im, 0.32324462251755814 + 0.0im], ComplexF64[-1.0000000000000007 + 0.0im -5.316766771432339e-16 + 0.0im; -4.705469295462636e-15 + 0.0im 1.0000000000000002 + 0.0im; -1.9455507219562223e-16 + 0.0im 9.168784458555683e-17 + 0.0im; -1.127173321800249e-17 + 0.0im -5.321580857835823e-16 + 0.0im; -3.8891478793665755e-16 + 0.0im -7.616188285926644e-16 + 0.0im; 2.405015830207074e-18 + 0.0im -4.3913345462079976e-16 + 0.0im; -5.006084465966499e-16 + 0.0im 8.198443922034608e-15 + 0.0im; -2.3329280822746325e-16 + 0.0im 4.111427539602849e-15 + 0.0im; 6.670912802884802e-16 + 0.0im 5.950540936147711e-16 + 0.0im; -5.749445815389002e-17 + 0.0im -8.98922980479718e-15 + 0.0im; -2.220446049250313e-16 + 0.0im -7.914863665758584e-12 + 0.0im; -3.1525307097729357e-15 + 0.0im 4.1831957494338275e-16 + 0.0im; -1.0725925884551742e-16 + 0.0im 3.690653595185239e-17 + 0.0im; -5.668188303764153e-16 + 0.0im -8.532626223843795e-17 + 0.0im; 5.704552299679502e-17 + 0.0im -1.4405017405493986e-16 + 0.0im; -4.615767914018773e-17 + 0.0im 8.82174042269853e-17 + 0.0im; 1.2135078548632752e-16 + 0.0im 7.669152776537029e-17 + 0.0im; 8.100381897089433e-17 + 0.0im -2.7744742714877864e-16 + 0.0im; 1.2353061211303646e-16 + 0.0im -1.459930917510967e-16 + 0.0im; -2.4798861773163122e-17 + 0.0im -1.2633792437250343e-16 + 0.0im; 4.24465150528075e-17 + 0.0im -1.6925506320810558e-9 + 0.0im; 3.6922000234104403e-17 + 0.0im 7.716376338857097e-17 + 0.0im; 3.318638754012057e-16 + 0.0im 4.810362046717989e-18 + 0.0im; 6.148831522595069e-17 + 0.0im -1.641245847876356e-16 + 0.0im; -1.1432994499520243e-16 + 0.0im -2.7968148601907553e-16 + 0.0im; 1.6954759848548557e-17 + 0.0im 3.4738913202336666e-17 + 0.0im; -6.3336432161449704e-18 + 0.0im -3.2794927283083093e-16 + 0.0im; 8.857715500137101e-19 + 0.0im -8.795063223727545e-17 + 0.0im; 2.6783229452656058e-17 + 0.0im -2.0993042178532264e-17 + 0.0im; 1.5458094316190848e-16 + 0.0im 8.063227005445731e-17 + 0.0im; -4.0115480381963664e-18 + 0.0im 8.202480574319251e-12 + 0.0im; 2.912355713956815e-16 + 0.0im -6.499767770803785e-16 + 0.0im; 6.801343125865747e-17 + 0.0im 2.0509042829728901e-16 + 0.0im; 1.6056455414304318e-16 + 0.0im 7.500378093097565e-16 + 0.0im; -1.3437213892694383e-16 + 0.0im -9.586056849055276e-16 + 0.0im; 1.9716303437357966e-16 + 0.0im -7.997975905298323e-16 + 0.0im; 4.84245422069939e-17 + 0.0im -1.2434553594012226e-15 + 0.0im; -2.914335439641036e-16 + 0.0im -4.2738587347854616e-10 + 0.0im; -1.4930561950602462e-16 + 0.0im 2.418504149191247e-16 + 0.0im; -4.594317113584403e-16 + 0.0im 6.500637143958904e-16 + 0.0im; -4.726415976040085e-17 + 0.0im -9.586357334390534e-16 + 0.0im; 4.295267122626218e-17 + 0.0im 1.1436154071166111e-15 + 0.0im; 1.0173314837904105e-17 + 0.0im 3.4054856877128785e-16 + 0.0im; -1.5873587601492756e-16 + 0.0im 1.11204222145472e-15 + 0.0im; -2.1613408734627485e-16 + 0.0im -1.476886620554573e-16 + 0.0im; 1.5785983631388945e-16 + 0.0im 4.657756169295589e-11 + 0.0im; 9.33678329152317e-18 + 0.0im -5.468409052080153e-16 + 0.0im; -1.889311748823139e-16 + 0.0im 1.4882484724365659e-15 + 0.0im; 1.2161811944867885e-16 + 0.0im -1.2315209906492376e-15 + 0.0im; 4.2995334082620204e-17 + 0.0im 2.1848208854287693e-15 + 0.0im; -1.5443538394332027e-16 + 0.0im -2.815284633629325e-16 + 0.0im; 2.7755575615628914e-17 + 0.0im -8.295563427402487e-11 + 0.0im; -7.100543083698685e-17 + 0.0im -5.569226107139216e-17 + 0.0im; 1.8844772701933487e-16 + 0.0im -2.803245804393941e-16 + 0.0im; -1.3203966441840898e-16 + 0.0im 7.679186264390594e-16 + 0.0im; 3.885780586188048e-16 + 0.0im 2.6369418126021923e-10 + 0.0im; -5.373346672391879e-16 + 0.0im 3.537653719319224e-16 + 0.0im; 1.980948575731812e-16 + 0.0im -2.1816608931477627e-17 + 0.0im; -2.31500693610627e-17 + 0.0im -1.82977998862253e-15 + 0.0im; 1.942890293094024e-16 + 0.0im -7.476422676258036e-11 + 0.0im; -4.210070908233387e-16 + 0.0im 3.4818247970150565e-16 + 0.0im; -2.6410910363106367e-17 + 0.0im 1.0279203720705243e-15 + 0.0im; -2.8448413082268084e-16 + 0.0im 3.1012779220796574e-16 + 0.0im; 4.163336342344337e-16 + 0.0im 6.115736966675082e-11 + 0.0im; 1.630459757786338e-17 + 0.0im -2.1869883734416845e-15 + 0.0im; -2.1418581788664055e-16 + 0.0im 7.388768009974978e-16 + 0.0im; -6.978452498330341e-17 + 0.0im 1.090630416548479e-15 + 0.0im], 2, 13, 225, [-2.160903721738643e-15, 2.4604662105055663e-10, -0.547379718224787, -4.407602759757869, 0.016133904357250515, -0.38194544416699727, 1.2375377740317306, 1.3657388810466595, 0.18305568120589566, -1.084623754610139, -0.025897146096057196, -0.046105716619735795, -0.0004990796121798396, 0.02939111237262278, -0.8672927152742279, -0.8327219793540912, 1.1879040874486422, -3.605049293977103, -1.904079827344958, -0.7862923845657801, 0.0030867226937147142, 0.21475404089077196, -0.06395897309746586, -0.047534829307252655, -1.8589137593659648, -0.26303916839345914, -2.356750213378809, -0.39819854377272706, -0.21173860045688755, 0.21933064753455989, 0.007189813497933058, -0.9435786849958581, 0.22418793217427413, 0.9672195818844931, -1.0193605403769195, -0.654777111047464, -0.7679253099982376, 0.5464160303810236, 0.17994246410412454, 0.9201457820102634, -0.7951754096018682, 0.6800006998199896, 0.3812295060305359, 1.1654209552321784, -0.1603873065321334, -0.3667207560494275, -0.420388002600203, 0.05377741446960417, 0.0743261221730872, 1.0649466528658948, -0.14088805203259702, 0.09627546394020675, -0.13127999574278754, -0.5052428077926195, 0.1508257330217636, 0.056220931324948695, 0.14011670089503703, -0.3017278842668365, -0.0854866597616386, -0.16226437282369155, 0.16917436987022177, 0.647245347263995, 0.12264422760130586, -0.1551620461339572, -0.7800855275462724, 0.2882798742692581, 0.3384393601213955])
The first 2 eigvals are: ComplexF64[-75.012760213732 + 0.0im, -74.68951559121443 + 0.0im]
NEW E0 FROM FULL MATRIX: -75.012760213732 + 0.0im
NEW E1 FROM FULL MATRIX: -74.68951559121443 + 0.0im
Omega tilde, projection removed
65-element Vector{Float64}:
  3.7090598651643125e-9
 -7.019145741097208e-21
  1.6091604207672636e-9
 -6.338660891639462e-22
  5.578111638858793e-22
 -5.386730894761919e-10
 -9.564468867870532e-10
  9.068922756067063e-22
 -8.567773491395633e-25
  3.3545579968713533e-31
  3.7998728762157406e-11
 -3.968468155601051e-23
 -2.970268460307367e-11
  1.011351258336793e-23
  2.862373558507772e-23
 -5.1442383961173646e-11
 -4.0256367022396686e-11
  2.8430667575189014e-23
 -2.1918594537773113e-26
 -4.093951780301626e-32
  2.392920279243206e-12
  5.704976238200742e-23
  4.748424075831577e-13
 -1.9542485532148347e-11
  8.90375322393212e-23
  6.714941805571534e-23
 -1.4772640883141226e-11
  6.798305190800054e-33
 -9.000162559153107e-26
  4.1625208134766276e-10
 -2.5806331958950592e-23
  1.9207813690183648e-23
 -4.3118891838768646e-11
  2.329821624908669e-10
  8.370898986306129e-23
 -3.0569207673194417e-24
  2.5459009191478144e-31
 -1.1849877187048548e-10
  1.9020685460996367e-10
  7.77390659581644e-23
  4.791598064467909e-23
 -3.2038020739168176e-10
  2.6448060611219563e-31
  1.2246015963027777e-25
 -7.944047308534082e-10
 -3.744637589898288e-23
 -3.8538359491299553e-23
  1.8844638570017073e-10
  3.4229042566854406e-31
  3.7704991172776e-24
  9.487343572861708e-10
 -3.301239171140484e-10
 -6.199697196728914e-23
 -7.571222669459088e-24
  7.1258227528419634e-31
  5.776185207650875e-10
 -6.689098331168362e-23
  1.1732994311408505e-24
  5.196541209061866e-31
 -7.949372875220392e-10
  5.217358075413061e-31
 -3.655156771026971e-24
  6.599291463544587e-11
  2.1683712455423286e-23
  2.999097039617768e-10
Omega_tilde on L1: 4.638405155151573e-40
Omega_tilde on R1: -6.699714240991384e-24
DIIS dimension: 8
t at step 18 : 
2×5 Matrix{Float64}:
 -4.89097e-5    0.00328988    7.14245e-17  -0.021778     -2.81139e-16
  1.19853e-16  -4.02126e-16  -0.00250112   -8.98104e-16  -3.79462e-30
t2 at step 18 : 
2×5×2×5 Array{Float64, 4}:
[:, :, 1, 1] =
 -0.000522019  -0.000400131  7.12012e-18  -9.49036e-5   -8.28726e-20
 -1.16461e-18   5.72432e-18  0.000170989   1.94577e-18  -2.96315e-33

[:, :, 2, 1] =
 -1.16461e-18   6.55626e-18  -0.000216184  -5.99633e-19  -2.89406e-34
 -0.000369563  -0.000746026   3.10378e-18   0.000418088   9.05555e-20

[:, :, 1, 2] =
 -0.000400131  -0.0318278     8.18884e-16  -0.0386746    -2.4159e-17
  6.55626e-18   2.26176e-18  -0.0316263    -5.24919e-16   3.15978e-32

[:, :, 2, 2] =
  5.72432e-18   2.26176e-18  -0.0221953    -4.10115e-16   2.70149e-31
 -0.000746026  -0.0191734    -3.68106e-16   0.00339469   -4.18246e-18

[:, :, 1, 3] =
  7.12012e-18   8.18884e-16  -0.058453      1.34001e-15   1.4302e-30
 -0.000216184  -0.0221953     1.25869e-15  -0.0553648    -4.02731e-17

[:, :, 2, 3] =
 0.000170989  -0.0316263     1.25869e-15  -0.0722549    -4.7103e-17
 3.10378e-18  -3.68106e-16  -0.100157     -1.41416e-15  -2.00634e-31

[:, :, 1, 4] =
 -9.49036e-5   -0.0386746     1.34001e-15  -0.0798184    -4.31726e-17
 -5.99633e-19  -4.10115e-16  -0.0722549    -1.01821e-15  -1.10665e-31

[:, :, 2, 4] =
 1.94577e-18  -5.24919e-16  -0.0553648    -1.01821e-15  -3.66847e-32
 0.000418088   0.00339469   -1.41416e-15  -0.05538      -2.51742e-17

[:, :, 1, 5] =
 -8.28726e-20  -2.4159e-17    1.4302e-30  -4.31726e-17  -0.026473
 -2.89406e-34   2.70149e-31  -4.7103e-17  -3.66847e-32  -1.08699e-16

[:, :, 2, 5] =
 -2.96315e-33   3.15978e-32  -4.02731e-17  -1.10665e-31  -1.08699e-16
  9.05555e-20  -4.18246e-18  -2.00634e-31  -2.51742e-17  -0.0127444
Module of t 0.02216669059170531
Module of t2 0.21841400162479988
 --------------Energy at step 18 : -75.01276021370413
 --------------E_2 at step 18 : 8.00236697416617
E1 - E0 83.01512718787029
 --------------Difference at step 18 : 4.409628218127182e-11
 --------------Module of omegas 3.8669428953052585e-8
Omega_bj_0 3.8491548435220636e-8
Omega_bjck_0 3.7047853668256334e-9

######## END OF ITERATION 18 #########

global amplitudes = -(build_omega(F, g, L, t, t2, o, v)) = [9.755417498706742e-9, -1.6104723123454494e-20, 1.2840334275309208e-10, -2.3472972286834277e-22, -3.715684926061067e-24, -1.3738594377635225e-10, 2.4611472126994643e-10, 2.758485297258294e-23, 9.087664909210008e-17, 1.5715980400435984e-30, 2.0800755119639147e-10, 1.7228499584973512e-18, -2.22361702908944e-10, -4.206840890174801e-18, -1.4320399534077647e-17, -2.679588444108e-10, -1.391949775009345e-10, -3.374265150479572e-18, 2.678776487970198e-20, 1.1688851183780216e-31, -3.4574536035204027e-22, 2.3955635770883493e-11, 1.2661151566417333e-18, 3.255982633763374e-11, -9.622615529750047e-11, -2.039742189789555e-18, -8.162432195100133e-19, -6.798531402874999e-11, 5.242099587965554e-32, -2.927112764866159e-20, -2.2236172677494433e-10, 2.9294398854700947e-22, -3.951919421844464e-10, 4.9308855327608116e-18, 5.240578762307489e-18, -7.8828580300912e-11, -3.338452433867925e-10, -5.734556364747893e-18, 7.809262708180109e-18, -3.110193644172647e-31, 6.336317546924029e-23, 3.255983457884039e-11, 4.335301225195599e-24, 1.7586217446354144e-10, -4.672502874935695e-10, 3.389594313617725e-17, -1.5092535660438324e-17, 2.585930454056585e-10, -6.199456675941202e-31, 1.3519591450015645e-18, 1.337430463663367e-22, -9.622614249883512e-11, 1.4327272298059018e-23, -4.672503557983725e-10, 3.5258469757777677e-10, 3.379740374269886e-17, -3.655024867518645e-18, -8.168318120999985e-11, -7.557858029143611e-31, 1.3018057552638129e-17, -2.679588454488391e-10, 4.32268645042695e-22, -7.882855341272452e-11, 3.662605690096795e-23, 1.5290133211440325e-23, -5.115628789844335e-10, 2.936093806260206e-10, 1.7833154986941203e-17, 1.5225806750610095e-17, -4.196558344380239e-31, -1.3919498971515951e-10, 3.142134745114798e-22, -3.338452253907301e-10, 1.7366719891722628e-24, 1.7562270036352486e-24, 2.936096408324249e-10, -7.606836279305254e-11, 1.0439973072535351e-17, 1.3955310135830206e-17, -3.0420551419527584e-31, 1.332791004632071e-22, -6.798532032305184e-11, 3.8669267974472165e-23, 2.585929917922846e-10, -8.168325103219614e-11, -4.8066012826273484e-23, -1.366513363301532e-23, 2.8577217518592415e-10, -3.244069561994958e-31, 8.137421735436587e-18, 2.6787764879727582e-20, 5.080827439283013e-32, 7.809262708180037e-18, -6.213490052574802e-31, -7.471424253280714e-31, 1.522580675061017e-17, 1.395531013583022e-17, -3.18282829295661e-31, -1.2256272825045303e-10, 6.3170117049952716e-18, 1.1833768465377296e-31, -2.927112764866311e-20, -3.273170791060988e-31, 1.3519591450015424e-18, 1.3018057552638114e-17, -4.33565065535239e-31, -3.040883139713408e-31, 8.13742173543662e-18, 3.152155873904704e-23, -1.3509170545481476e-10]
addition_t1 = reshape(amplitudes[1:n], (nv, no)) ./ pre_t[v, o] = [9.407113802580474e-10 1.521982567759716e-10 -7.24599249441941e-24 5.384575662265776e-10 2.685579700386936e-25; -1.5447412240203894e-21 -2.6112473358852237e-22 -2.4185482441941453e-10 5.384163374939176e-23 8.722617925571597e-31]
addition_t2 = reshape(amplitudes[n + 1:end], (nv, no, nv, no)) ./ pre_t2[v, o, v, o] = [1.0029046456289244e-11 -9.914545683788021e-12 6.1445586863018206e-24 -6.427946680478589e-12 -1.613865594649806e-26; -8.312876758095968e-24 2.8113496821604413e-24 -1.2248643562327361e-11 6.123501641792528e-24 5.341785635404781e-33;;; -8.312876758095968e-24 1.2997580739853888e-23 -4.39858486056579e-12 1.443652245582262e-23 2.425758232897838e-33; 1.1488945770516492e-12 1.4375922390622033e-12 1.966007324978481e-23 -3.1078013789793427e-12 2.1073910976357482e-26;;;; -9.914545683788021e-12 -2.342132354297095e-10 5.281164318507981e-24 -1.2832975014018874e-10 1.582977648899232e-24; 1.2997580739853888e-23 1.2439343124083793e-24 -2.7919533469002416e-11 1.4258668309788098e-23 -1.464875522902911e-31;;; 2.8113496821604413e-24 1.2439343124083793e-24 -1.654909469011029e-10 6.403697625589597e-25 -2.6421629835125187e-31; 1.4375922390622033e-12 9.781880814503627e-11 1.2483580026350002e-23 9.161834692991561e-11 5.475584700592106e-25;;;; 6.1445586863018206e-24 5.2811643185079796e-24 3.4378938319379975e-10 9.053974060152827e-25 -2.3023587389444564e-31; -4.398584860565789e-12 -1.6549094690110288e-10 7.073244296144262e-24 -3.984063539239071e-11 -1.5859713848706664e-24;;; -1.224864356232736e-11 -2.791953346900241e-11 7.073244296144262e-24 1.4320677128148007e-10 4.240943389885156e-24; 1.966007324978481e-23 1.2483580026350002e-23 -4.502787798935168e-10 -2.2244865787388364e-23 -3.1574868184656287e-31;;;; -6.427946680478589e-12 -1.2832975014018874e-10 9.053974060152827e-25 -8.321238421870272e-11 2.5287503042015264e-26; 1.443652245582262e-23 6.403697625589596e-25 1.4320677128148004e-10 -7.048194318220976e-24 -2.547387294716514e-31;;; 6.123501641792528e-24 1.4258668309788095e-23 -3.98406353923907e-11 -7.048194318220976e-24 -2.6169259209808813e-31; -3.1078013789793427e-12 9.16183469299156e-11 -2.2244865787388364e-23 2.788929272848876e-10 2.184783858656824e-24;;;; -1.613865594649806e-26 1.582977648899232e-24 -2.3023587389444564e-31 2.5287503042015264e-26 -1.4165724839240569e-10; 2.425758232897838e-33 -2.6421629835125187e-31 4.240943389885156e-24 -2.6169259209808813e-31 1.7122613477482635e-23;;; 5.341785635404781e-33 -1.464875522902911e-31 -1.5859713848706664e-24 -2.547387294716514e-31 1.7122613477482635e-23; 2.1073910976357482e-26 5.475584700592106e-25 -3.1574868184656287e-31 2.184783858656824e-24 -1.3845259762621925e-10]
(d, V, nconv, niter, nmult, resid) = eigs(A_imp, nev = n_ev, which = :SM, tol = 1.0e-12, maxiter = 1000) = (ComplexF64[0.3232446224862512 + 0.0im, 0.39485410731843973 + 0.0im], ComplexF64[-1.3537851938065735e-16 + 0.0im -1.2583477171952512e-16 + 0.0im; -6.446674166667422e-17 + 0.0im -8.309910654550777e-17 + 0.0im; -6.832889720643466e-16 + 0.0im -1.0218820644610934e-15 + 0.0im; -4.842105403302349e-16 + 0.0im -2.9707053829825593e-17 + 0.0im; 3.61291540702796e-15 + 0.0im -2.294130444957484e-14 + 0.0im; -2.8536681671034566e-15 + 0.0im -7.56746349077765e-15 + 0.0im; 4.696620504870209e-15 + 0.0im 7.642369042291684e-15 + 0.0im; -9.989088468860508e-15 + 0.0im -2.5217904943966728e-14 + 0.0im; -0.9587957024596665 + 0.0im -1.7175079786877278e-14 + 0.0im; 2.7491058112651824e-14 + 0.0im -0.9597669029926998 + 0.0im; 8.042022737119053e-17 + 0.0im -7.913768624906307e-16 + 0.0im; 2.0683072724941985e-17 + 0.0im 3.963254413978959e-17 + 0.0im; 1.4641068700554887e-18 + 0.0im 2.312893550228785e-16 + 0.0im; -1.864098303342946e-17 + 0.0im -4.225740065314276e-17 + 0.0im; -1.385943785409359e-16 + 0.0im -1.072409255289717e-16 + 0.0im; 6.687944265691308e-17 + 0.0im 1.0194987188856707e-16 + 0.0im; -1.2649462167984616e-16 + 0.0im 3.562328971135686e-17 + 0.0im; -2.522868733281196e-17 + 0.0im -4.842897411533792e-17 + 0.0im; -0.00028262844226418805 + 0.0im -3.3174534460692255e-17 + 0.0im; 7.941953635485764e-17 + 0.0im -0.00012979535373710088 + 0.0im; -2.836288977413122e-16 + 0.0im -1.2885991195628095e-16 + 0.0im; -1.5481656349621873e-16 + 0.0im 1.8152368977382713e-16 + 0.0im; -5.3937429168285195e-17 + 0.0im -3.3407502383650003e-16 + 0.0im; 1.8158438306624119e-16 + 0.0im 8.015553545485705e-17 + 0.0im; -8.484552804663991e-17 + 0.0im -7.089617108856078e-17 + 0.0im; -1.913123147621468e-17 + 0.0im 7.524796564195041e-17 + 0.0im; 1.7816635844763298e-16 + 0.0im 5.797348292775584e-17 + 0.0im; 4.97956008810944e-17 + 0.0im -0.0003064760320236387 + 0.0im; 0.00030883042057366146 + 0.0im 5.84005506261211e-17 + 0.0im; 8.506187092813853e-17 + 0.0im 8.1202109493306735e-16 + 0.0im; -5.89550820851591e-16 + 0.0im -2.667569010639782e-16 + 0.0im; -1.1068138959712392e-16 + 0.0im -8.308857888484966e-16 + 0.0im; 6.194535201849851e-16 + 0.0im -3.6679923678220294e-16 + 0.0im; 1.0584355337072655e-15 + 0.0im 3.367535455001822e-16 + 0.0im; -5.438278500024163e-16 + 0.0im -8.191085338079372e-18 + 0.0im; -0.08239172256755424 + 0.0im -1.051771931962729e-15 + 0.0im; 2.1523227090535935e-15 + 0.0im -0.05834167329903059 + 0.0im; 1.410680127665389e-15 + 0.0im 7.143844006111923e-16 + 0.0im; -1.1589608320407084e-16 + 0.0im 1.2694472256888845e-16 + 0.0im; 1.003567688385247e-15 + 0.0im 1.992587113978872e-15 + 0.0im; -7.752474427406136e-17 + 0.0im 2.3500236706609735e-16 + 0.0im; 5.053687619462515e-16 + 0.0im -4.745327444171826e-16 + 0.0im; 1.630300222922385e-15 + 0.0im -0.05916464237919299 + 0.0im; -0.014263852913155184 + 0.0im -1.6169204872537622e-15 + 0.0im; -1.3382159664112448e-15 + 0.0im -2.344473241882854e-15 + 0.0im; 8.657310166584964e-16 + 0.0im -1.870715533770989e-15 + 0.0im; -1.5292457002886445e-15 + 0.0im -1.221986598843485e-15 + 0.0im; 6.323984733140351e-16 + 0.0im 2.0068211564447872e-15 + 0.0im; 8.462445688203683e-15 + 0.0im -0.11537646203275835 + 0.0im; -0.13734728157101136 + 0.0im -6.864784966043618e-16 + 0.0im; 6.734852993489472e-16 + 0.0im 8.432325182898859e-16 + 0.0im; 2.76202686418568e-16 + 0.0im -2.7935522452899757e-16 + 0.0im; -4.110973299342142e-17 + 0.0im -4.7527860504087116e-15 + 0.0im; -0.16064005551965518 + 0.0im -2.7161144471165444e-15 + 0.0im; 3.356178721637679e-15 + 0.0im -0.15443990719163952 + 0.0im; 1.2214327132693838e-15 + 0.0im 3.581493493665e-15 + 0.0im; -2.718907137231321e-15 + 0.0im -5.978533429699421e-15 + 0.0im; -0.14723574801247233 + 0.0im -2.3030423436663975e-15 + 0.0im; 3.4559878113673365e-15 + 0.0im -0.1360082842296225 + 0.0im; 8.126373475648709e-17 + 0.0im -8.182219617783092e-16 + 0.0im; 3.312372268236105e-15 + 0.0im -0.127599016808824 + 0.0im; -0.08585396646128615 + 0.0im -8.467485649605332e-15 + 0.0im; 9.9595798248619e-17 + 0.0im 2.613550641649156e-16 + 0.0im; -1.3310463737930222e-16 + 0.0im -3.744789239382675e-16 + 0.0im; -2.6356200214965077e-16 + 0.0im 3.1280409132985094e-16 + 0.0im], 2, 10, 180, [0.150244001638916, 0.1084160653820619, 0.38431299657894763, 0.008927056398542667, -0.5823544946290103, -0.46291235920323354, -0.19856186459725025, 2.4605627018097405, -0.1294530382839896, -0.09727854928764797, -0.018749025425450084, 0.018525725067314824, -0.46026746548402026, 0.06498482097684544, -0.3409413866984248, -0.15247386605711652, 0.09392506250877135, 0.1219530512436349, 0.10477860834274691, -0.02725685986293077, 0.04786705566300209, 0.8411513504272468, 1.17189807641247, -0.03582753465047108, 0.11562980556535354, -0.16398202806374443, -0.1796094192231886, 0.026128425797658724, -0.08016084587292116, -0.7788170262252336, -1.1693570814617265, 1.7405665496094938, -1.1235222989929712, 0.31091118088783987, 1.5551470995405705, 0.10711956187521408, 0.05460297321383029, -2.110135810981637, 0.028500124670913337, -0.5408947368960942, 0.18748922957908773, 0.8421512151041357, -0.019463334796829143, -0.016178785530171793, -0.640818857263308, -0.9976696993322416, 0.4276406603118487, 0.16842973570712225, -0.10454753650146546, -0.44542201720295765, 0.35098862707266376, -0.9634738934156045, 0.5194008525203296, -0.24592458024154015, -0.01307078796222919, 0.6073733888165956, 0.27081628179364203, 1.120194909315874, 0.5650001570279529, -0.5565552969965091, 0.2238453664951621, 0.5965916544636, -0.22464158778971288, -0.23831504914994608, -0.27646430603777233])
[1.3537851938065735e-16, 6.446674166667422e-17, 6.832889720643466e-16, 4.842105403302349e-16, -3.61291540702796e-15, 2.8536681671034566e-15, -4.696620504870209e-15, 9.989088468860508e-15, 0.9587957024596665, -2.7491058112651824e-14, -8.042022737119053e-17, -2.0683072724941985e-17, -1.4641068700554887e-18, 1.864098303342946e-17, 1.385943785409359e-16, -6.687944265691308e-17, 1.2649462167984616e-16, 2.522868733281196e-17, 0.00028262844226418805, -7.941953635485764e-17, 2.836288977413122e-16, 1.5481656349621873e-16, 5.3937429168285195e-17, -1.8158438306624119e-16, 8.484552804663991e-17, 1.913123147621468e-17, -1.7816635844763298e-16, -4.97956008810944e-17, -0.00030883042057366146, -8.506187092813853e-17, 5.89550820851591e-16, 1.1068138959712392e-16, -6.194535201849851e-16, -1.0584355337072655e-15, 5.438278500024163e-16, 0.08239172256755424, -2.1523227090535935e-15, -1.410680127665389e-15, 1.1589608320407084e-16, -1.003567688385247e-15, 7.752474427406136e-17, -5.053687619462515e-16, -1.630300222922385e-15, 0.014263852913155184, 1.3382159664112448e-15, -8.657310166584964e-16, 1.5292457002886445e-15, -6.323984733140351e-16, -8.462445688203683e-15, 0.13734728157101136, -6.734852993489472e-16, -2.76202686418568e-16, 4.110973299342142e-17, 0.16064005551965518, -3.356178721637679e-15, -1.2214327132693838e-15, 2.718907137231321e-15, 0.14723574801247233, -3.4559878113673365e-15, -8.126373475648709e-17, -3.312372268236105e-15, 0.08585396646128615, -9.9595798248619e-17, 1.3310463737930222e-16, 2.6356200214965077e-16]
(d, V, nconv, niter, nmult, resid) = eigs(A_imp, nev = n_ev, which = :SM, tol = 1.0e-12, maxiter = 1000) = (ComplexF64[0.3232446224862518 + 0.0im, 0.39485410731844567 + 0.0im], ComplexF64[-2.2960457376921605e-16 + 0.0im -3.223584016542373e-17 + 0.0im; -1.445222642384061e-16 + 0.0im 2.3068515718288343e-16 + 0.0im; 9.15721866838538e-16 + 0.0im -3.649528886914444e-15 + 0.0im; 1.0569284084473648e-15 + 0.0im 1.282229641797468e-15 + 0.0im; -3.574467413941439e-17 + 0.0im 1.3334931736883056e-14 + 0.0im; -1.509398524314351e-16 + 0.0im 6.585733773918723e-15 + 0.0im; -2.9304121789707016e-15 + 0.0im 6.624473573694225e-15 + 0.0im; 4.502813222871103e-16 + 0.0im 1.6889414706174092e-14 + 0.0im; -0.9557935634852783 + 0.0im -1.1626777288833864e-14 + 0.0im; -9.19833718196775e-15 + 0.0im 0.9607758625597825 + 0.0im; -1.8878149273208715e-16 + 0.0im -1.8740163301513995e-16 + 0.0im; -1.4742178629199522e-17 + 0.0im 3.1659660198810996e-16 + 0.0im; 3.5388685019553687e-16 + 0.0im 2.2011429059838224e-17 + 0.0im; -2.2836523656126787e-16 + 0.0im 6.813962743865305e-17 + 0.0im; -6.110693176924906e-17 + 0.0im 1.8394574956170152e-16 + 0.0im; 1.1668049611052397e-17 + 0.0im -5.70039412248375e-17 + 0.0im; -3.3980235701826706e-18 + 0.0im -3.713882810858121e-17 + 0.0im; 5.0566593363177893e-17 + 0.0im -8.162006484701266e-17 + 0.0im; -0.00025041309693638216 + 0.0im 1.009830487462246e-17 + 0.0im; 1.7722052158317097e-16 + 0.0im -6.060286498835108e-5 + 0.0im; 4.00506870530182e-16 + 0.0im -3.7828252017978244e-17 + 0.0im; -4.9281650620062385e-17 + 0.0im 3.380677508747166e-17 + 0.0im; 2.9405852314811304e-17 + 0.0im 1.4333582659650115e-16 + 0.0im; -1.5503029631006512e-16 + 0.0im 2.664753736523787e-16 + 0.0im; -2.10030732548709e-16 + 0.0im 4.690004785680189e-17 + 0.0im; 9.824680106541343e-17 + 0.0im 1.5957871015481586e-16 + 0.0im; -1.0125934732516631e-16 + 0.0im -1.0177673320093396e-16 + 0.0im; -1.2513536806144758e-16 + 0.0im 0.000460101467180246 + 0.0im; 0.00031956703345320124 + 0.0im -5.3561795794133925e-18 + 0.0im; -5.892458128468955e-16 + 0.0im -3.993253258908787e-16 + 0.0im; -4.694901705142312e-16 + 0.0im -6.964763531859197e-16 + 0.0im; -2.4141238883517196e-16 + 0.0im -1.4845383792772752e-15 + 0.0im; 4.3196006583656284e-16 + 0.0im -4.402435340071927e-16 + 0.0im; 3.847828311231318e-16 + 0.0im 1.0254289057495811e-15 + 0.0im; 2.6430208275825166e-16 + 0.0im -2.3496726538508704e-16 + 0.0im; -0.08497014727003886 + 0.0im 5.885631321448449e-17 + 0.0im; -8.556142377674201e-16 + 0.0im 0.06896895752701669 + 0.0im; 2.0348123147813192e-16 + 0.0im -2.6886772143870403e-15 + 0.0im; -7.280959139767393e-17 + 0.0im 2.315723079966265e-15 + 0.0im; -1.1838878152904942e-16 + 0.0im -2.954356644591372e-15 + 0.0im; 2.3141371426523797e-17 + 0.0im 1.4181612407206564e-16 + 0.0im; -1.4720957008054342e-16 + 0.0im -1.6959078233295772e-15 + 0.0im; 4.588602062369261e-16 + 0.0im 0.052882718309829324 + 0.0im; -0.016847425658848024 + 0.0im -8.861702064736915e-16 + 0.0im; -9.392703285721536e-16 + 0.0im 1.8023206160453227e-15 + 0.0im; -1.0670438454531592e-15 + 0.0im -6.338253841020965e-17 + 0.0im; 3.266126118296263e-16 + 0.0im 3.4489503822424212e-15 + 0.0im; -7.314255624484652e-16 + 0.0im 1.2305890138389911e-15 + 0.0im; 4.284198768923026e-15 + 0.0im 0.10895778983680508 + 0.0im; -0.08512982478146264 + 0.0im -2.8614838166791265e-15 + 0.0im; -3.5667462520623673e-16 + 0.0im 1.7192817869653297e-15 + 0.0im; -3.2781227203830223e-16 + 0.0im -4.3950412754310654e-15 + 0.0im; -1.1511640457430263e-15 + 0.0im -2.080701339121802e-16 + 0.0im; -0.2147952419959156 + 0.0im 5.255182181256275e-17 + 0.0im; -3.229666793934169e-15 + 0.0im 0.155481111061954 + 0.0im; -8.136061336629496e-16 + 0.0im 3.817042176530401e-15 + 0.0im; 7.536815597266704e-16 + 0.0im 4.223346730649873e-15 + 0.0im; -0.14167262386986054 + 0.0im -2.186910142558515e-15 + 0.0im; -2.025727144879528e-15 + 0.0im 0.16065591711778587 + 0.0im; -6.384310804090078e-16 + 0.0im 4.2157970945124887e-16 + 0.0im; -3.0014596890900383e-16 + 0.0im 0.08660096991434428 + 0.0im; -0.07415876270750026 + 0.0im 3.0552743743196493e-15 + 0.0im; -4.3561670410061324e-16 + 0.0im -4.668255235232579e-15 + 0.0im; 8.428435093861116e-16 + 0.0im -8.602708711513887e-16 + 0.0im; 1.4564431081371802e-15 + 0.0im 1.1441584378896401e-14 + 0.0im], 2, 10, 180, [0.18170525614354677, -0.4708403035897142, 0.9043519825908632, 0.053629778193883, 0.8578982827239409, -0.9670006988035976, -0.22771627543676645, -1.0599974375271135, -0.030366483212627273, 0.0029910578402471168, 0.012189482683838642, -0.0011905657097116224, 0.8114032252221328, -0.4079381409727434, -0.027708783472005703, -0.21312389035890175, -0.03533117879334826, 0.09306130060673268, 0.057796093814970445, 0.029421663915237484, -0.010191240296082302, 0.3046788478331317, -0.30888611976096936, -0.028862530430837807, -0.059254217712291564, 0.03150054716418807, 0.2444532768283111, -0.02879009883190817, 0.09965391418222491, 1.101432552414441, 1.9950495246572697, -0.21987209503654934, -0.999689472694293, 0.29279089663580565, -0.9848994553374718, 0.32143390792665094, -0.04948461428109837, 1.8506525773637255, -0.12542392107778114, 0.5943163508357019, 0.44764201244368923, 0.08737435268257714, 0.052218401211208944, -0.14957835268598652, -0.9038288582446028, 0.289505322379292, 0.30345749886361123, -0.39937912551626925, -0.05685554360659539, 0.009258672367545908, -0.6004283057120214, 0.7285141431689983, -0.2342135287124407, 0.02020475899455379, 0.036735010220022214, -0.7803260611572423, 0.04380865862766715, -0.015212372141184061, -0.04559978594812743, -0.3178273594373798, 0.0646860432518219, 0.01721020505203185, 1.4232033747500037, -0.08117567449217779, 0.5458684209133547])
[2.2960457376921605e-16, 1.445222642384061e-16, -9.15721866838538e-16, -1.0569284084473648e-15, 3.574467413941439e-17, 1.509398524314351e-16, 2.9304121789707016e-15, -4.502813222871103e-16, 0.9557935634852783, 9.19833718196775e-15, 1.8878149273208715e-16, 1.4742178629199522e-17, -3.5388685019553687e-16, 2.2836523656126787e-16, 6.110693176924906e-17, -1.1668049611052397e-17, 3.3980235701826706e-18, -5.0566593363177893e-17, 0.00025041309693638216, -1.7722052158317097e-16, -4.00506870530182e-16, 4.9281650620062385e-17, -2.9405852314811304e-17, 1.5503029631006512e-16, 2.10030732548709e-16, -9.824680106541343e-17, 1.0125934732516631e-16, 1.2513536806144758e-16, -0.00031956703345320124, 5.892458128468955e-16, 4.694901705142312e-16, 2.4141238883517196e-16, -4.3196006583656284e-16, -3.847828311231318e-16, -2.6430208275825166e-16, 0.08497014727003886, 8.556142377674201e-16, -2.0348123147813192e-16, 7.280959139767393e-17, 1.1838878152904942e-16, -2.3141371426523797e-17, 1.4720957008054342e-16, -4.588602062369261e-16, 0.016847425658848024, 9.392703285721536e-16, 1.0670438454531592e-15, -3.266126118296263e-16, 7.314255624484652e-16, -4.284198768923026e-15, 0.08512982478146264, 3.5667462520623673e-16, 3.2781227203830223e-16, 1.1511640457430263e-15, 0.2147952419959156, 3.229666793934169e-15, 8.136061336629496e-16, -7.536815597266704e-16, 0.14167262386986054, 2.025727144879528e-15, 6.384310804090078e-16, 3.0014596890900383e-16, 0.07415876270750026, 4.3561670410061324e-16, -8.428435093861116e-16, -1.4564431081371802e-15]
Projection L1|R2: -2.7297884763221052e-14
scalar = l1_vec' * r1_vec = 0.9970752448647414
Check <L1|R1>: 1.0
t before projection
65-element Vector{Float64}:
 -4.8908763828199455e-5
  1.1985186015798259e-16
  0.0032898800706265647
 -4.0212610205734757e-16
  7.142447613723732e-17
 -0.0025011217483808055
 -0.02177798974901189
 -8.981043939439866e-16
 -2.811389405706624e-16
 -2.9223569988860302e-30
 -0.0005220194687378458
 -1.1646154717653733e-18
 -0.0004001313368676271
  5.724324805499152e-18
  7.1201246722833e-18
  0.0001709889930970163
 -9.49035659929903e-5
  1.9457793976945394e-18
 -8.287256775936556e-20
  2.3786392266850375e-33
 -0.00036956280934919014
  6.5562693526545716e-18
 -0.000746025558793709
 -0.0002161842108610991
  3.103797008458652e-18
 -5.996189200165409e-19
  0.00041808777709738176
  2.1363518712314606e-33
  9.055552568779403e-20
 -0.031827790594877586
  2.2617608132989337e-18
  8.18884006441615e-16
 -0.0316263252861961
 -0.03867464462737174
 -5.24918768776997e-16
 -2.415897503578146e-17
 -1.1488976809881804e-31
 -0.019173426894463007
 -0.022195330122561717
 -3.681062184718585e-16
 -4.1011514798526466e-16
  0.0033946938561740356
  5.932970686847806e-33
 -4.182460568279384e-18
 -0.0584530488443039
  1.2586894395265488e-15
  1.3400070286311764e-15
 -0.05536481233943769
  1.1999677560342462e-30
 -4.02730921566111e-17
 -0.10015725489639664
 -0.07225493632995371
 -1.41416228479023e-15
 -4.710302440882962e-17
 -5.163821874014475e-31
 -0.07981835803142069
 -1.0182129763083202e-15
 -4.317259694029832e-17
 -3.654040276896598e-31
 -0.05538001424384901
 -2.9837725179546315e-31
 -2.5174180300729108e-17
 -0.026473018761482697
 -1.086989895106931e-16
 -0.01274437475681506
t after projection
65-element Vector{Float64}:
 -4.8908763828199455e-5
  1.1985186015798263e-16
  0.0032898800706265647
 -4.0212610205734727e-16
  7.142447613723516e-17
 -0.0025011217483808055
 -0.02177798974901189
 -8.981043939439806e-16
  2.9088904573905904e-16
 -1.9323822476215163e-29
 -0.0005220194687378458
 -1.1646154717653856e-18
 -0.0004001313368676271
  5.724324805499163e-18
  7.120124672283383e-18
  0.0001709889930970163
 -9.49035659929903e-5
  1.9457793976945544e-18
  8.574664724909747e-20
 -4.500392343830775e-32
 -0.00036956280934919014
  6.556269352654664e-18
 -0.000746025558793709
 -0.0002161842108610991
  3.1037970084587023e-18
 -5.996189200165295e-19
  0.00041808777709738176
 -2.757224739138702e-32
 -9.369607571043756e-20
 -0.031827790594877586
  2.2617608132992853e-18
  8.188840064416151e-16
 -0.0316263252861961
 -0.03867464462737174
 -5.249187687769967e-16
  2.4996826380516514e-17
 -1.3989890000730077e-30
 -0.019173426894463007
 -0.022195330122561717
 -3.681062184718591e-16
 -4.101151479852646e-16
  0.0033946938561740356
 -9.667219454816071e-31
  4.327509843559681e-18
 -0.0584530488443039
  1.2586894395265482e-15
  1.3400070286311774e-15
 -0.05536481233943769
 -3.8488197529837895e-30
  4.166979588578184e-17
 -0.10015725489639664
 -0.07225493632995371
 -1.41416228479023e-15
  4.873658693262376e-17
 -2.5187150628084457e-30
 -0.07981835803142069
 -1.0182129763083186e-15
  4.46698581649102e-17
 -2.4272840959626627e-30
 -0.05538001424384901
 -2.274574718728697e-30
  2.6047233630898124e-17
 -0.026473018761482697
 -1.0869898951069303e-16
 -0.01274437475681506
Omega original restricted
65-element Vector{Float64}:
  9.755417498706742e-9
 -1.6104723123454494e-20
  1.2840334275309208e-10
 -2.3472972286834277e-22
 -3.715684926061067e-24
 -1.3738594377635225e-10
  2.4611472126994643e-10
  2.758485297258294e-23
  9.087664909210008e-17
  1.5715980400435984e-30
  2.0800755119639147e-10
 -3.4574536035204027e-22
 -2.2236172677494433e-10
  6.336317546924029e-23
  1.337430463663367e-22
 -2.679588454488391e-10
 -1.3919498971515951e-10
  1.332791004632071e-22
  2.6787764879727582e-20
  1.1833768465377296e-31
  2.3955635770883493e-11
  2.9294398854700947e-22
  3.255983457884039e-11
 -9.622614249883512e-11
  4.32268645042695e-22
  3.142134745114798e-22
 -6.798532032305184e-11
  5.080827439283013e-32
 -2.927112764866311e-20
 -3.951919421844464e-10
  4.335301225195599e-24
  1.4327272298059018e-23
 -7.882855341272452e-11
 -3.338452253907301e-10
  3.8669267974472165e-23
  7.809262708180037e-18
 -3.273170791060988e-31
  1.7586217446354144e-10
 -4.672503557983725e-10
  3.662605690096795e-23
  1.7366719891722628e-24
  2.585929917922846e-10
 -6.213490052574802e-31
  1.3519591450015424e-18
  3.5258469757777677e-10
  1.5290133211440325e-23
  1.7562270036352486e-24
 -8.168325103219614e-11
 -7.471424253280714e-31
  1.3018057552638114e-17
 -5.115628789844335e-10
  2.936096408324249e-10
 -4.8066012826273484e-23
  1.522580675061017e-17
 -4.33565065535239e-31
 -7.606836279305254e-11
 -1.366513363301532e-23
  1.395531013583022e-17
 -3.040883139713408e-31
  2.8577217518592415e-10
 -3.18282829295661e-31
  8.13742173543662e-18
 -1.2256272825045303e-10
  3.152155873904704e-23
 -1.3509170545481476e-10
Omega restricted
65-element Vector{Float64}:
 -9.407113802580474e-10
  1.5447412240203894e-21
 -1.521982567759716e-10
  2.6112473358852237e-22
  7.24599249441941e-24
  2.4185482441941453e-10
 -5.384575662265776e-10
 -5.384163374939176e-23
 -2.685579700386936e-25
 -8.722617925571597e-31
 -1.0029046456289244e-11
  8.312876758095968e-24
  9.914545683788021e-12
 -2.8113496821604413e-24
 -6.1445586863018206e-24
  1.224864356232736e-11
  6.427946680478589e-12
 -6.123501641792528e-24
  1.613865594649806e-26
 -5.341785635404781e-33
 -1.1488945770516492e-12
 -1.2997580739853888e-23
 -1.4375922390622033e-12
  4.398584860565789e-12
 -1.966007324978481e-23
 -1.443652245582262e-23
  3.1078013789793427e-12
 -2.425758232897838e-33
 -2.1073910976357482e-26
  2.342132354297095e-10
 -1.2439343124083793e-24
 -5.2811643185079796e-24
  2.791953346900241e-11
  1.2832975014018874e-10
 -1.4258668309788095e-23
 -1.582977648899232e-24
  1.464875522902911e-31
 -9.781880814503627e-11
  1.6549094690110288e-10
 -1.2483580026350002e-23
 -6.403697625589596e-25
 -9.16183469299156e-11
  2.6421629835125187e-31
 -5.475584700592106e-25
 -3.4378938319379975e-10
 -7.073244296144262e-24
 -9.053974060152827e-25
  3.98406353923907e-11
  2.3023587389444564e-31
  1.5859713848706664e-24
  4.502787798935168e-10
 -1.4320677128148004e-10
  2.2244865787388364e-23
 -4.240943389885156e-24
  3.1574868184656287e-31
  8.321238421870272e-11
  7.048194318220976e-24
 -2.5287503042015264e-26
  2.547387294716514e-31
 -2.788929272848876e-10
  2.6169259209808813e-31
 -2.184783858656824e-24
  1.4165724839240569e-10
 -1.7122613477482635e-23
  1.3845259762621925e-10
Omega resricted on L2-1.3966474490412993e-24
Omega resricted on L1 (<L1|H|HF>): -3.309017918852425e-24
Omega resricted on R1 (<R1|H|HF>): -3.309017918852425e-24
<L1[D]|R1[S]H[S]|HF> additional: 9.683562396804835e-12
<L1|H|R1> with nuclear repulsion : -74.68951559124777
<HF|H|R1>: -7.661905690722452e-16
L1 * A * R1: 0.3232446224862473
Reduced matrix[-75.01276021374369 -7.661905690722452e-16; -9.47820835481022e-17 -74.68951559124777]
Matrix
2×2 Matrix{Float64}:
 -75.0128        -7.66191e-16
  -9.47821e-17  -74.6895
NEW E0 FROM MATRIX: -75.01276021374369
NEW E1 FROM MATRIX: -74.68951559124777
[1.0 -2.3703118806931272e-15; 0.0 1.0]
Evaluating remaining element <mu_tilde|H|R1>
Norm of element <mu_tilde|H|R1>: 8.747460764081269e-9
65-element Vector{Float64}:
 -1.3109463396096481e-27
 -6.242677154479379e-28
 -6.616671396033735e-27
 -4.688882980478413e-27
  3.4985891778332784e-26
 -2.763367375592201e-26
  4.548001771302369e-26
 -9.67299614754144e-26
 -9.284558010556503e-12
  2.662113765880517e-25
  1.2355923423970192e-24
  5.882138713994287e-25
  6.2584424895672035e-24
  4.4163972254338385e-24
 -3.295544040135989e-23
  2.6022350276065277e-23
 -4.2837322623717704e-23
  9.111215839210891e-23
  8.745357805076728e-9
 -2.50750474665405e-22
 -2.7465381297798595e-27
  1.0890402450409692e-26
 -5.223064681346547e-28
  1.7583837577834183e-27
 -4.2288599104348034e-27
  1.0927759063419337e-27
  1.7252848995339764e-27
 -1.4350464799853615e-20
  2.99057864765653e-15
  1.3214199119749922e-25
  8.734933269290272e-26
 -6.954220429623862e-25
  5.183186069750351e-25
 -8.788273178682278e-25
  1.9144925973174577e-24
  1.834688654007989e-10
 -5.262542871735951e-24
  1.366040903808232e-26
 -1.1222869525124152e-27
 -1.5873810814053725e-26
  8.848616728740585e-27
  4.893769937703728e-27
 -1.942063209056518e-22
 -1.3812490970338462e-13
 -1.2958697811200668e-26
  1.9933634149766205e-25
 -8.643353804024138e-26
  6.1238700759538084e-27
  1.5181643669105823e-23
 -1.3300109711244113e-12
 -1.4430284168636091e-25
  3.0747767891467623e-25
 -5.283501737530402e-25
 -5.2230681337527245e-11
  1.4854813366177423e-24
 -8.128130878432326e-26
  1.7170205214835572e-25
  1.7582077990295656e-11
 -5.115359177738722e-25
  7.869224466207939e-28
  4.888362140836068e-23
 -8.31372241241054e-13
  9.015394938579106e-17
 -1.2990577634929682e-27
 -2.5522190932429528e-27
Evaluating remaining element <HF|H|nu_tilde>
Norm of element <HF|H|nu_tilde>: 0.6310595109109386
65-element Vector{Float64}:
  0.00021215216315203985
 -4.977168037966714e-15
 -0.002536984203352178
  1.2009301703599102e-15
  2.403028380102117e-16
 -0.00643273427034342
 -0.004494612214790233
  6.333276203707193e-16
  7.545994992880836e-16
  6.119738676559449e-30
  0.05239336012754763
 -4.987329993433309e-18
  0.019651963684992408
 -2.645453300864629e-16
  4.7704895589362244e-17
 -0.029156979521037844
 -0.003541965152492765
 -1.3140530330524319e-16
  1.9242695496953927e-19
 -1.361829941946957e-31
  0.039043531449969804
 -1.5525775109992419e-16
  0.03820659895705575
  0.02369421286935847
  2.272487753529619e-16
  4.917941054394247e-16
 -0.0224954053985897
  9.615877975094214e-32
 -2.455674719428548e-19
  0.19030556275555352
 -1.9862583799934404e-16
 -2.581268532253489e-15
  0.2150135516546591
  0.1205037915945526
  2.8622937353617313e-15
  6.529429531651363e-17
  6.574865468957316e-31
  0.1356328370711587
 -0.016737182000169673
  1.797173521111972e-15
  9.992007221626409e-16
 -0.03437710461989834
 -3.5260564772016894e-31
  1.2946203127033005e-17
  0.14998000751864307
 -3.5318969970887785e-15
 -3.1988300897012327e-15
  0.01676122299106253
 -3.2921414002461125e-30
  6.541699759397555e-17
  0.31889801799346934
  0.2912998997620643
  3.899658373995863e-15
  1.6505683953790923e-16
  2.481798892814593e-30
  0.19114032976697187
  2.22738494315422e-15
  1.0886663655914126e-16
  1.5566458418400406e-30
  0.14190557721937125
  2.3064358673785607e-31
  5.698641591313514e-17
  0.06920626869936716
  8.153200337090928e-17
  0.0500826884913902
Evaluating remaining element <L1|H|nu_tilde>
Norm of element <L1|H|nu_tilde>: 2.9702857763787706e-12
65-element Vector{Float64}:
  2.3616648152739324e-20
  1.2986939467841893e-25
  8.013033290645832e-18
  2.183096333285355e-24
  5.421311454057245e-25
  2.0256079676762455e-17
  1.3360314426491625e-17
 -5.851582249219148e-25
  8.170779703625549e-13
  4.8318842530384345e-24
 -1.833439726488358e-27
 -1.4317556007527001e-28
  3.436937596161142e-27
 -2.2178757610235532e-27
 -5.934685368154844e-28
  1.133197188873822e-28
 -3.300149455835819e-29
  4.911011125269848e-28
 -2.432003864953586e-15
  1.7211599501477298e-27
  3.889709719605133e-27
 -4.786217903360418e-28
  2.855886826879665e-28
 -1.5056492029518894e-27
 -2.0398116534905585e-27
  9.541697412540438e-28
 -9.834274926923872e-28
 -1.2153106306781769e-27
  3.1036246505404755e-15
 -5.722736197841263e-27
 -4.5596732887274066e-27
 -2.3445892801843898e-27
  4.195182130937084e-27
  3.736998359542589e-27
  2.5668932441926178e-27
 -8.252273107700476e-13
 -8.309697690006714e-27
  1.97620311179672e-27
 -7.071243870675825e-28
 -1.1497880013797399e-27
  2.247482477481214e-28
 -1.429694563799079e-27
  4.4564354208882e-27
 -1.636216508565679e-13
 -9.122162927061417e-27
 -1.036309517339781e-26
  3.1720510789179512e-27
 -7.103581308498542e-27
  4.1607999308826904e-26
 -8.267780935752595e-13
 -3.464012376528423e-27
 -3.1837021399040786e-27
 -1.1180067826699568e-26
 -2.0860844145081587e-12
 -3.136641901503905e-26
 -7.901716347212172e-27
  7.319730831271876e-27
 -1.3759199220204904e-12
 -1.9673796242933767e-26
 -6.20042191904866e-27
 -2.9150079024116804e-27
 -7.202274950125144e-13
 -4.230695283003435e-27
  8.185668790713538e-27
  1.4144928166335107e-26
Building the whole matrix...
(d, V, nconv, niter, nmult, resid) = eigs(A_imp, nev = n_ev, which = :SM, tol = 1.0e-12, maxiter = 1000) = (ComplexF64[-3.0262815363394065e-16 + 0.0im, 0.32324462249592895 + 0.0im], ComplexF64[-1.0 + 0.0im 3.2393318528763503e-15 + 0.0im; 1.118073531200104e-15 + 0.0im -1.0000000000000007 + 0.0im; 1.719048975560077e-16 + 0.0im -1.0453813084969325e-16 + 0.0im; 7.279343032416465e-17 + 0.0im 9.309619903980797e-17 + 0.0im; -6.304729469785841e-16 + 0.0im -1.2178015071586514e-16 + 0.0im; 1.0523054074052208e-18 + 0.0im -1.0225717806836767e-16 + 0.0im; 1.3672223073991326e-15 + 0.0im -2.072284769776135e-15 + 0.0im; -4.906821401209235e-16 + 0.0im 2.1433034438890206e-16 + 0.0im; 2.048549308098195e-15 + 0.0im 2.501426980575175e-16 + 0.0im; 2.286731862200245e-15 + 0.0im -1.3858280887588956e-15 + 0.0im; 1.0187311049395881e-16 + 0.0im -1.3077554681034775e-11 + 0.0im; -1.2149848590867742e-15 + 0.0im 4.0043305938024324e-16 + 0.0im; -2.4727905615105946e-16 + 0.0im -1.2096435643659068e-16 + 0.0im; -2.266738326961038e-16 + 0.0im 2.8358647351044817e-16 + 0.0im; 6.266319772050168e-17 + 0.0im 5.928153811399547e-17 + 0.0im; 1.570577733924146e-16 + 0.0im -8.786324116126421e-17 + 0.0im; 1.2423293155740774e-16 + 0.0im 4.0217018388791954e-17 + 0.0im; 6.71945930458212e-17 + 0.0im 4.813632758573787e-17 + 0.0im; 9.710036366830765e-17 + 0.0im 8.484680266051421e-18 + 0.0im; -1.849571871234281e-18 + 0.0im 3.452934502480028e-17 + 0.0im; -1.2028368502508788e-16 + 0.0im 4.286481766602097e-10 + 0.0im; 4.053234546917676e-17 + 0.0im 1.3206977530050915e-17 + 0.0im; 7.764029837884299e-17 + 0.0im 4.3697372164604555e-16 + 0.0im; -1.3723585607809586e-17 + 0.0im 1.014142219602554e-16 + 0.0im; 9.421967107126212e-17 + 0.0im 7.639989446961843e-17 + 0.0im; -1.1905441469870155e-17 + 0.0im -1.116982268782257e-17 + 0.0im; -1.5791350188208383e-17 + 0.0im 3.900669046397089e-17 + 0.0im; -3.8091605893295126e-17 + 0.0im 5.3683194640474426e-17 + 0.0im; -3.798290733689568e-17 + 0.0im -1.345686122593059e-17 + 0.0im; 8.07061090284678e-17 + 0.0im 1.955208520651713e-17 + 0.0im; 2.0419511516754396e-16 + 0.0im -2.074492547990256e-12 + 0.0im; -7.857280300367402e-18 + 0.0im 1.4038885006156205e-16 + 0.0im; 4.489949265747029e-17 + 0.0im -3.9351738934811623e-17 + 0.0im; -2.350101257975026e-16 + 0.0im 1.0036088375443464e-16 + 0.0im; 3.992579196951857e-16 + 0.0im 2.2082685489074765e-16 + 0.0im; -2.6169615079758324e-16 + 0.0im 1.2880319625469523e-16 + 0.0im; -3.972409329770248e-17 + 0.0im 9.222769088305571e-17 + 0.0im; 1.5707251556474996e-16 + 0.0im 1.191280047343856e-10 + 0.0im; -1.7031108574193248e-16 + 0.0im -3.5095774021643666e-16 + 0.0im; -4.432937788849222e-17 + 0.0im -7.994620035730485e-19 + 0.0im; 2.6440151257021167e-16 + 0.0im 5.2192267418137447e-17 + 0.0im; 7.752484865806164e-17 + 0.0im 1.2730260646463272e-16 + 0.0im; 1.5223700291251465e-17 + 0.0im 9.702596529734246e-17 + 0.0im; 1.1220893836030863e-16 + 0.0im -8.891832721507824e-17 + 0.0im; -1.3900677491484212e-16 + 0.0im 4.430263819479771e-16 + 0.0im; 2.998049259768444e-16 + 0.0im -1.2135206534213029e-11 + 0.0im; 1.1350458265835481e-16 + 0.0im -1.233766916825794e-16 + 0.0im; 1.9644598363550833e-16 + 0.0im -2.3138631140475215e-16 + 0.0im; -1.3001010886745288e-16 + 0.0im 1.8964146282758568e-16 + 0.0im; -1.5091477906791008e-16 + 0.0im 2.0170293000390227e-16 + 0.0im; 3.8148367323095493e-16 + 0.0im -1.0875684166966514e-16 + 0.0im; -5.276950397292451e-17 + 0.0im 2.3873130033872566e-11 + 0.0im; -2.982024767015381e-16 + 0.0im 1.498793206766681e-16 + 0.0im; 9.401981527135017e-17 + 0.0im 2.33579172692772e-16 + 0.0im; 5.4488750210273366e-17 + 0.0im -1.484735103455192e-16 + 0.0im; -4.3617552780269474e-16 + 0.0im -5.200831298152344e-11 + 0.0im; -2.9804004361071773e-16 + 0.0im 1.5229671806032015e-17 + 0.0im; 4.764778606161555e-16 + 0.0im 4.885085381959341e-17 + 0.0im; 1.7536405031502723e-17 + 0.0im -2.2948009410192074e-17 + 0.0im; -3.0037400388927616e-16 + 0.0im 9.565623321700291e-11 + 0.0im; -3.186233248072011e-16 + 0.0im 3.4572284087326844e-16 + 0.0im; 2.6932209834344034e-16 + 0.0im 1.6012514399507222e-16 + 0.0im; -4.5883992770794546e-17 + 0.0im 2.3159124350187017e-16 + 0.0im; 4.770304077220204e-16 + 0.0im -2.6153268863652264e-11 + 0.0im; -7.633723086966663e-17 + 0.0im -3.51891858418784e-18 + 0.0im; 2.9981405773198224e-16 + 0.0im 7.430830446296524e-17 + 0.0im; -6.154127008846425e-16 + 0.0im 1.0262574839125762e-16 + 0.0im], 2, 13, 224, [-9.295641130563704e-15, 4.6549637338655596e-10, -0.35528380064512516, 0.3920311894810436, -0.36768964138502186, -0.542009026014393, -3.071236409413474, 0.6388225765044857, 0.015548711697175742, -2.08065084411948, -0.058712536287242566, -0.03372706245563751, -0.032482252449444866, -0.00302266413429636, -0.8640658276656765, 0.23191406691510008, 0.5428496765594927, 1.0223624519894086, 0.41432312814856387, -0.05257223993033734, 0.8891787952362412, -0.5090521901993121, -0.02757843169470596, -0.10655352605696383, -0.5623486436294715, 0.10772602784587287, -0.4869938709023426, 0.3264415364317124, 0.5846548368228663, -0.50492118352838, 1.1713741155577124, 2.608854150769811, -0.07385134199318902, 0.29972695798750887, 1.5925660641119845, 0.4399808985730173, -0.041279471880212325, 0.10916457718650724, -2.055222902812878, 0.10387911739299732, 0.007684966220221294, 0.5080749970910232, 0.12433789923088573, -0.5560203993458633, 2.1162164498585456, -0.04110943582880695, -0.34446102324133676, -0.3390550130979036, 0.799695213726225, 0.522039200294675, -0.557924062158706, -0.0038780736081527782, 0.7359227466130404, 0.8629297131809238, 0.020848536062191076, -0.15062702220710866, -0.5277254050590624, 0.24270912086554114, 0.5916513782784916, 0.6185386785021211, 0.893166319331595, 0.6103313304047969, 0.4033948836598519, -0.21368530864931876, 0.06901947543204985, 0.35387259842045243, 0.4936508466200178])
The first 2 eigvals are: ComplexF64[-75.01276021374369 + 0.0im, -74.68951559124775 + 0.0im]
NEW E0 FROM FULL MATRIX: -75.01276021374369 + 0.0im
NEW E1 FROM FULL MATRIX: -74.68951559124775 + 0.0im
Omega tilde, projection removed
65-element Vector{Float64}:
 -9.407113802580474e-10
  1.5447412240203894e-21
 -1.521982567759716e-10
  2.6112473358852237e-22
  7.245992494419399e-24
  2.4185482441941453e-10
 -5.384575662265776e-10
 -5.384163374939173e-23
  2.9041141899190408e-24
 -8.722618835255635e-31
 -1.0029046456289244e-11
  8.312876758095968e-24
  9.914545683788021e-12
 -2.8113496821604413e-24
 -6.14455868630182e-24
  1.224864356232736e-11
  6.427946680478589e-12
 -6.123501641792528e-24
  1.7073878526327607e-26
 -5.34178589820545e-33
 -1.1488945770516492e-12
 -1.2997580739853888e-23
 -1.4375922390622033e-12
  4.398584860565789e-12
 -1.966007324978481e-23
 -1.443652245582262e-23
  3.1078013789793427e-12
 -2.4257583976723736e-33
 -2.209583637192246e-26
  2.342132354297095e-10
 -1.2439343124083773e-24
 -5.2811643185079796e-24
  2.791953346900241e-11
  1.2832975014018874e-10
 -1.4258668309788092e-23
 -1.3103419625580772e-24
  1.4648754516821668e-31
 -9.781880814503627e-11
  1.6549094690110288e-10
 -1.2483580026350005e-23
 -6.403697625589593e-25
 -9.16183469299156e-11
  2.6421629295655923e-31
 -5.003591251777047e-25
 -3.4378938319379975e-10
 -7.073244296144265e-24
 -9.053974060152775e-25
  3.98406353923907e-11
  2.302358458920612e-31
  2.0404560006948122e-24
  4.502787798935168e-10
 -1.4320677128148004e-10
  2.2244865787388364e-23
 -3.709382567685169e-24
  3.1574867074090733e-31
  8.321238421870272e-11
  7.048194318220985e-24
  4.61918225426896e-25
  2.547387180357258e-31
 -2.788929272848876e-10
  2.6169258113738894e-31
 -1.900691545231873e-24
  1.4165724839240569e-10
 -1.7122613477482635e-23
  1.3845259762621925e-10
Omega_tilde on L1: -3.792466601483316e-40
Omega_tilde on R1: 4.4702288829809176e-24
DIIS dimension: 8
t at step 19 : 
2×5 Matrix{Float64}:
 -4.89091e-5    0.00328988    7.14245e-17  -0.021778      1.69918e-16
  1.19853e-16  -4.02126e-16  -0.00250112   -8.98104e-16  -1.52978e-29
t2 at step 19 : 
2×5×2×5 Array{Float64, 4}:
[:, :, 1, 1] =
 -0.000522019  -0.000400131  7.12012e-18  -9.49036e-5    5.00876e-20
 -1.16461e-18   5.72432e-18  0.000170989   1.94578e-18  -3.2576e-32

[:, :, 2, 1] =
 -1.16461e-18   6.55626e-18  -0.000216184  -5.99625e-19  -2.16355e-32
 -0.000369563  -0.000746026   3.10379e-18   0.000418088  -5.47311e-20

[:, :, 1, 2] =
 -0.000400131  -0.0318278     8.18884e-16  -0.0386746     1.46015e-17
  6.55626e-18   2.26176e-18  -0.0316263    -5.24919e-16  -1.04531e-30

[:, :, 2, 2] =
  5.72432e-18   2.26176e-18  -0.0221953    -4.10115e-16  -6.56067e-31
 -0.000746026  -0.0191734    -3.68106e-16   0.00339469    2.52785e-18

[:, :, 1, 3] =
  7.12012e-18   8.18884e-16  -0.058453      1.34001e-15  -2.63242e-30
 -0.000216184  -0.0221953     1.25869e-15  -0.0553648     2.43408e-17

[:, :, 2, 3] =
 0.000170989  -0.0316263     1.25869e-15  -0.0722549     2.84687e-17
 3.10379e-18  -3.68106e-16  -0.100157     -1.41416e-15  -1.93775e-30

[:, :, 1, 4] =
 -9.49036e-5   -0.0386746     1.34001e-15  -0.0798184     2.60932e-17
 -5.99625e-19  -4.10115e-16  -0.0722549    -1.01821e-15  -1.84395e-30

[:, :, 2, 4] =
 1.94578e-18  -5.24919e-16  -0.0553648    -1.01821e-15  -1.71364e-30
 0.000418088   0.00339469   -1.41416e-15  -0.05538       1.52151e-17

[:, :, 1, 5] =
  5.00876e-20   1.46015e-17  -2.63242e-30   2.60932e-17  -0.026473
 -2.16355e-32  -6.56067e-31   2.84687e-17  -1.71364e-30  -1.08699e-16

[:, :, 2, 5] =
 -3.2576e-32   -1.04531e-30   2.43408e-17  -1.84395e-30  -1.08699e-16
 -5.47311e-20   2.52785e-18  -1.93775e-30   1.52151e-17  -0.0127444
Module of t 0.022166690176765143
Module of t2 0.21841400158158328
 --------------Energy at step 19 : -75.0127602136951
 --------------E_2 at step 19 : 8.00236697416617
E1 - E0 83.01512718786127
 --------------Difference at step 19 : -9.023892744153272e-12
 --------------Module of omegas 9.86429880188995e-9
Omega_bj_0 9.760333259990511e-9
Omega_bjck_0 1.428385629614959e-9

######## END OF ITERATION 19 #########

global amplitudes = -(build_omega(F, g, L, t, t2, o, v)) = [-1.3747673409580136e-9, 1.3601700881582399e-21, -1.0773957773491155e-10, 2.143297557331082e-23, 4.887029220136323e-24, -3.4228051363825195e-11, 2.0390853226936654e-11, -9.701071876014374e-25, -5.4925206602724104e-17, 6.2408371221716e-30, -2.2682554693050378e-11, 1.7232240568604085e-18, 3.3665653434996167e-11, -4.20690980750749e-18, -1.4320544909675582e-17, 3.785431829716268e-11, 3.3825366533016105e-11, -3.374409048920705e-18, -1.619055884584698e-20, 6.113013049720805e-31, 2.834700837243394e-23, -2.05782002119942e-13, 1.2657970808799403e-18, 6.871100385232198e-12, 1.1406015985203844e-11, -2.0402095586933823e-18, -8.165838178522085e-19, 8.467989057244133e-12, 3.150006604691694e-31, 1.7691691881604087e-20, 3.366563000437078e-11, -2.5159865339971558e-23, -1.3931984038149454e-10, 4.9308753450257616e-18, 5.240569555168869e-18, -6.452342786899291e-11, -1.9768712565820776e-10, -5.734600830468791e-18, -4.719859483340045e-18, 5.574702462070666e-31, -5.5606031137321085e-24, 6.871108619664649e-12, -5.853067546364827e-24, 7.760004255158911e-11, -2.3766106267390853e-10, 3.389590051862243e-17, -1.509254439842025e-17, 1.3636966935929187e-10, -1.0620627402078462e-31, -8.171114943767065e-19, -1.1610872124858935e-23, 1.140602845861185e-11, 5.141044097844602e-24, -2.3766113531566585e-10, 8.017896849575984e-11, 3.379739640083659e-17, -3.6550231198248135e-18, -1.7070345536584448e-10, 9.218486160485994e-31, -7.86802540703283e-18, 3.7854317307826956e-11, -3.5128003573905256e-23, -6.452340358295681e-11, -6.010243526325148e-24, 7.95005659050243e-24, -2.9814968243818803e-10, 9.198063304477154e-11, 1.7833198717104786e-17, -9.202360401617081e-18, 5.318343720607373e-31, 3.382535398845485e-11, -2.6375726688446805e-23, -1.9768710570973523e-10, -6.99223362591607e-24, 3.522182445483451e-24, 9.19808915184641e-11, -4.235602402396102e-11, 1.0439982085627876e-17, -8.434491485360752e-18, 5.553917133205254e-31, -1.061802184391687e-23, 8.46798058352322e-12, -5.76942219973194e-24, 1.363696192691515e-10, -1.7070353169441845e-10, -4.3303755988114634e-24, -4.640772845221623e-24, 1.7029315088587493e-10, 5.698206139872065e-31, -4.918193749754146e-18, -1.6190558845861646e-20, 3.159753779339677e-31, -4.719859483340009e-18, -1.0535810637855874e-31, 9.166246187740952e-31, -9.202360401617132e-18, -8.434491485360753e-18, 5.661192354780862e-31, -3.9009616472641115e-11, 6.3169789990999095e-18, 6.104254351657702e-31, 1.769169188160515e-20, 5.673204695481861e-31, -8.171114943766957e-19, -7.868025407032814e-18, 5.40241012968108e-31, 5.553208779126662e-31, -4.918193749754163e-18, -1.1989804884984394e-24, -5.945168527872202e-11]
addition_t1 = reshape(amplitudes[1:n], (nv, no)) ./ pre_t[v, o] = [-1.3256831734958996e-10 -1.2770521051437304e-10 9.530241678833456e-24 4.4611753190565474e-11 -2.6615737706595104e-24; 1.3046550324132563e-22 2.3843082057772572e-23 -6.025521334476974e-11 -1.893507466659682e-24 9.564156489722554e-30]
addition_t2 = reshape(amplitudes[n + 1:end], (nv, no, nv, no)) ./ pre_t2[v, o, v, o] = [-1.0936352716788786e-12 1.5010650955668374e-12 -5.334384631275934e-25 1.562035906112947e-12 -6.267821235827626e-28; 6.815570477185356e-25 -2.4671742977852397e-25 1.7303554179081518e-12 -4.8784448537738885e-25 2.789967013296803e-32;;; 6.815570477185356e-25 -1.1163136771848002e-24 5.213799783966191e-13 -1.2118314506358316e-24 1.4418833786867545e-32; -9.869152651660684e-15 3.0337538728782775e-13 -1.5976618503037296e-24 3.8709535543249477e-13 6.873558144185512e-27;;;; 1.5010650955668374e-12 -8.25688661437105e-11 1.8950361346187315e-24 -7.599071351694649e-11 5.314614111771258e-25; -1.1163136771848002e-24 -1.6794292084561937e-24 -2.2852928892863843e-11 -2.1273812865594025e-24 1.667353722860071e-31;;; -2.4671742977852397e-25 -1.6794292084561937e-24 -8.417493071306011e-11 -2.578273269477633e-24 -7.463301369159078e-32; 3.0337538728782775e-13 4.316302637309996e-11 -2.0485240051712346e-24 4.83151496191259e-11 7.756026823915984e-25;;;; -5.334384631275934e-25 1.895036134618731e-24 7.817888386432846e-11 1.8158101844056332e-24 2.2839567738552398e-31; 5.21379978396619e-13 -8.41749307130601e-11 3.677711060672673e-24 -8.325987372552166e-11 -6.715694766665741e-25;;; 1.7303554179081516e-12 -2.285292889286384e-11 3.677711060672673e-24 4.4863262856785016e-11 2.317837017571696e-24; -1.5976618503037296e-24 -2.0485240051712346e-24 -2.624320112914056e-10 -2.0040901734028543e-24 1.6477679748833882e-31;;;; 1.562035906112947e-12 -7.599071351694649e-11 1.8158101844056336e-24 -4.633392406048143e-11 -2.809042516157252e-25; -1.2118314506358316e-24 -2.5782732694776324e-24 4.4863262856785e-11 -2.3936149171275315e-24 1.8908285297475554e-31;;; -4.8784448537738885e-25 -2.127381286559402e-24 -8.325987372552164e-11 -2.3936149171275315e-24 1.991499147908886e-31; 3.8709535543249477e-13 4.8315149619125895e-11 -2.0040901734028543e-24 1.6619377067144232e-10 1.9372433327202484e-24;;;; -6.267821235827626e-28 5.314614111771258e-25 2.2839567738552398e-31 -2.809042516157252e-25 -4.508707507771211e-11; 1.4418833786867545e-32 -7.463301369159078e-32 2.317837017571696e-24 1.991499147908886e-31 -6.512901063517867e-25;;; 2.789967013296803e-32 1.667353722860071e-31 -6.715694766665741e-25 1.8908285297475554e-31 -6.512901063517867e-25; 6.873558144185512e-27 7.756026823915984e-25 1.6477679748833882e-31 1.9372433327202484e-24 -6.093075983002297e-11]
(d, V, nconv, niter, nmult, resid) = eigs(A_imp, nev = n_ev, which = :SM, tol = 1.0e-12, maxiter = 1000) = (ComplexF64[0.32324462249395 + 0.0im, 0.39485410733058934 + 0.0im], ComplexF64[-2.632100840760168e-16 + 0.0im -1.3334765247453433e-16 + 0.0im; -4.557617491681776e-17 + 0.0im -1.3032839432161745e-16 + 0.0im; -3.081169841514829e-16 + 0.0im 1.0615931321735376e-15 + 0.0im; 1.3341606906838384e-16 + 0.0im -7.357609527261166e-16 + 0.0im; 7.794967582293042e-16 + 0.0im 1.1387606777787224e-16 + 0.0im; -1.9883696887894547e-15 + 0.0im -5.681814269592849e-15 + 0.0im; 4.6246586673998e-15 + 0.0im 7.35752566069181e-15 + 0.0im; 3.597738348033601e-17 + 0.0im 2.230329620867792e-15 + 0.0im; -0.9587957024644408 + 0.0im 2.3473157247135215e-14 + 0.0im; -2.5931050307324908e-14 + 0.0im -0.9597669029949628 + 0.0im; -1.8768713274588264e-16 + 0.0im 1.6050002834932955e-16 + 0.0im; -3.145912149167744e-16 + 0.0im -2.551759335931315e-18 + 0.0im; 2.962395298617478e-17 + 0.0im -2.359785298045492e-16 + 0.0im; -2.532168411195665e-16 + 0.0im -7.974878115406614e-17 + 0.0im; -1.8069879040757887e-16 + 0.0im -1.0168930159671742e-18 + 0.0im; -4.846781157329888e-17 + 0.0im 3.0925644089743434e-17 + 0.0im; -1.6477686271420506e-16 + 0.0im -9.819202964500983e-18 + 0.0im; 2.4933297969838264e-17 + 0.0im 3.945516513613671e-17 + 0.0im; -0.0002826284485697831 + 0.0im -5.3006745539039033e-17 + 0.0im; -5.1029878131219574e-17 + 0.0im -0.00012979535892753506 + 0.0im; -5.470376141261031e-16 + 0.0im -6.07575277888206e-16 + 0.0im; -1.822911015428859e-16 + 0.0im -9.17421552647781e-17 + 0.0im; -1.102298105475519e-16 + 0.0im -1.7336908072319643e-16 + 0.0im; -1.144622376072408e-17 + 0.0im 5.2677710381457135e-17 + 0.0im; -4.471436585346909e-17 + 0.0im -1.3513236445453858e-17 + 0.0im; -1.517606392479554e-16 + 0.0im -3.3197711327150086e-17 + 0.0im; 9.95570528914411e-17 + 0.0im -1.431784546944688e-16 + 0.0im; -4.3550656750661845e-18 + 0.0im -0.00030647603531598215 + 0.0im; 0.000308830417417794 + 0.0im -2.969705118222718e-17 + 0.0im; -3.3808996911066035e-16 + 0.0im 4.327304892183928e-16 + 0.0im; 4.4545383512932565e-17 + 0.0im 5.758020319087887e-16 + 0.0im; 3.942175797302904e-16 + 0.0im -1.7221097915829546e-16 + 0.0im; 6.150638092958863e-16 + 0.0im -1.1966102899580693e-16 + 0.0im; 2.3182840516341954e-16 + 0.0im -9.618493045489909e-17 + 0.0im; 2.8584943093988675e-16 + 0.0im 2.618811475655183e-16 + 0.0im; -0.0823917226134007 + 0.0im 2.3849131915179015e-15 + 0.0im; -1.6368745324926513e-15 + 0.0im -0.058341673311625854 + 0.0im; -3.761104091630408e-16 + 0.0im 3.587587479627648e-16 + 0.0im; 2.0889203971462075e-16 + 0.0im -4.2910675044216374e-17 + 0.0im; -4.747108336309811e-16 + 0.0im 1.2658980845106933e-16 + 0.0im; -5.99526690428085e-17 + 0.0im -3.003921296303464e-16 + 0.0im; 3.7595622089295e-16 + 0.0im 4.376227716349937e-16 + 0.0im; -1.4794032970440837e-15 + 0.0im -0.0591646424203 + 0.0im; -0.014263852914271315 + 0.0im -5.196304276145591e-16 + 0.0im; -8.134306206506772e-16 + 0.0im -1.876575723584351e-15 + 0.0im; -3.549815447925439e-16 + 0.0im 8.326082395700261e-16 + 0.0im; 1.8582073601682082e-16 + 0.0im -6.39623735091812e-16 + 0.0im; 1.6305322418797606e-16 + 0.0im -4.418943821768508e-16 + 0.0im; 1.1956699366292707e-15 + 0.0im -0.11537646190971428 + 0.0im; -0.1373472815694062 + 0.0im 3.034487508619539e-15 + 0.0im; 7.798329872739238e-17 + 0.0im 4.60654679809204e-16 + 0.0im; 4.989423591845922e-16 + 0.0im 3.088879470969683e-16 + 0.0im; 3.5381964649360593e-16 + 0.0im -7.767627025154494e-16 + 0.0im; -0.16064005549001156 + 0.0im 3.5209461542566844e-15 + 0.0im; -4.470903295742079e-15 + 0.0im -0.15443990726066148 + 0.0im; 9.09176029233071e-16 + 0.0im 4.032705844785404e-16 + 0.0im; -4.099716557914892e-18 + 0.0im 1.0026083692681148e-15 + 0.0im; -0.14723574801194758 + 0.0im 3.968166191941176e-15 + 0.0im; -4.216433644181417e-15 + 0.0im -0.1360082842046121 + 0.0im; 6.432993070022069e-16 + 0.0im 1.6016116089245687e-15 + 0.0im; -3.768208274882404e-15 + 0.0im -0.12759901682132269 + 0.0im; -0.08585396642272296 + 0.0im -2.6960401447857224e-15 + 0.0im; 4.206013290421723e-16 + 0.0im 2.162372019114734e-15 + 0.0im; -4.1992868644474904e-16 + 0.0im 5.722871056650815e-16 + 0.0im; -4.1484916021983377e-16 + 0.0im -8.449715078089198e-16 + 0.0im], 2, 10, 180, [0.01099143627270837, -0.00856592592457761, 0.07179338876783217, 0.21462483717965525, 0.1616638857376789, 0.43429054769218667, 0.13363699311687063, 0.34587562682143297, 0.03127501780144269, -0.028736092291519195, -0.0003051472441855859, -0.0004931930668768383, -0.009932498262084952, 0.04859724206507104, -0.05885043959808468, -0.1158416251164871, 0.022376953122840538, -0.10543405536161926, 0.05560163141402805, -0.00021533703683351005, 1.9480667099314875e-5, -0.09504046845548039, -0.017336499137990083, -0.05010724528905979, -0.07366952533427933, -0.06544746906910223, 0.09873086525620667, -0.0017467270257132488, -0.028854958033411572, -0.3540776988090884, 0.5185853797460038, 0.13267624566263783, -0.1477901212127946, -0.04978832122094215, -0.5833989813444357, 0.1375725996688084, 0.23422823632498768, -0.9701021281954118, 0.04217114507252985, -0.040290805342691756, 0.2896003133949882, 0.2923117528491645, -0.21898135627464396, -0.1223663845493319, -0.03971515810883767, -0.3562253798585531, 0.13439378861490062, 0.014389123277580747, -0.03500622117049471, -0.11812696875351089, -0.1383941205844334, -0.03164436217110465, 0.5322838425894869, -0.05623619027256951, 0.08377384710341988, -0.019862937035783353, -0.23634311319557172, -0.04157606634386276, 0.08052395003041292, -0.20018554040224842, 0.055017230062005054, -0.09575236025862306, -0.10389319102546918, 0.1120222684744985, 0.23427848667762605])
[2.632100840760168e-16, 4.557617491681776e-17, 3.081169841514829e-16, -1.3341606906838384e-16, -7.794967582293042e-16, 1.9883696887894547e-15, -4.6246586673998e-15, -3.597738348033601e-17, 0.9587957024644408, 2.5931050307324908e-14, 1.8768713274588264e-16, 3.145912149167744e-16, -2.962395298617478e-17, 2.532168411195665e-16, 1.8069879040757887e-16, 4.846781157329888e-17, 1.6477686271420506e-16, -2.4933297969838264e-17, 0.0002826284485697831, 5.1029878131219574e-17, 5.470376141261031e-16, 1.822911015428859e-16, 1.102298105475519e-16, 1.144622376072408e-17, 4.471436585346909e-17, 1.517606392479554e-16, -9.95570528914411e-17, 4.3550656750661845e-18, -0.000308830417417794, 3.3808996911066035e-16, -4.4545383512932565e-17, -3.942175797302904e-16, -6.150638092958863e-16, -2.3182840516341954e-16, -2.8584943093988675e-16, 0.0823917226134007, 1.6368745324926513e-15, 3.761104091630408e-16, -2.0889203971462075e-16, 4.747108336309811e-16, 5.99526690428085e-17, -3.7595622089295e-16, 1.4794032970440837e-15, 0.014263852914271315, 8.134306206506772e-16, 3.549815447925439e-16, -1.8582073601682082e-16, -1.6305322418797606e-16, -1.1956699366292707e-15, 0.1373472815694062, -7.798329872739238e-17, -4.989423591845922e-16, -3.5381964649360593e-16, 0.16064005549001156, 4.470903295742079e-15, -9.09176029233071e-16, 4.099716557914892e-18, 0.14723574801194758, 4.216433644181417e-15, -6.432993070022069e-16, 3.768208274882404e-15, 0.08585396642272296, -4.206013290421723e-16, 4.1992868644474904e-16, 4.1484916021983377e-16]
(d, V, nconv, niter, nmult, resid) = eigs(A_imp, nev = n_ev, which = :SM, tol = 1.0e-12, maxiter = 1000) = (ComplexF64[0.32324462249395397 + 0.0im, 0.39485410733058923 + 0.0im], ComplexF64[3.2762395443055194e-16 + 0.0im 4.760707788527995e-17 + 0.0im; -2.6092172734431827e-18 + 0.0im -8.366247873120345e-17 + 0.0im; 7.113677114671685e-16 + 0.0im -2.7776577776682643e-15 + 0.0im; 7.390003758196172e-18 + 0.0im -9.842034967793064e-16 + 0.0im; 1.4566188988714252e-15 + 0.0im -8.597387906594594e-15 + 0.0im; 3.879614678373927e-15 + 0.0im -6.351721572307354e-15 + 0.0im; -1.0903884947327342e-14 + 0.0im 2.2439198505856058e-14 + 0.0im; -1.3988638210204564e-15 + 0.0im 1.8795346934254434e-14 + 0.0im; -0.9557935634876346 + 0.0im 3.4783400042265625e-14 + 0.0im; -4.207186951320446e-14 + 0.0im -0.960775862550998 + 0.0im; 1.4471484107451602e-16 + 0.0im 6.350318169824181e-16 + 0.0im; -1.8511078077313925e-16 + 0.0im -9.480977144493512e-17 + 0.0im; -4.64741318814343e-17 + 0.0im 7.064711666526385e-18 + 0.0im; -2.121464846797e-16 + 0.0im -8.641649187041913e-17 + 0.0im; 8.363902258727198e-17 + 0.0im -2.0614848174523397e-18 + 0.0im; 1.3685292177733869e-16 + 0.0im -1.0380236474707141e-16 + 0.0im; 7.645725383341068e-17 + 0.0im 2.6062968008456282e-17 + 0.0im; 1.1615824788290193e-16 + 0.0im -3.0046307438848244e-17 + 0.0im; -0.0002504130969744561 + 0.0im 1.931477378493673e-17 + 0.0im; 6.807510353656119e-17 + 0.0im 6.0602863525906576e-5 + 0.0im; 6.246098289146012e-17 + 0.0im 2.0855970146240702e-16 + 0.0im; -3.3262528287484397e-17 + 0.0im 1.1815997276491693e-16 + 0.0im; 8.378910241660171e-18 + 0.0im 2.6244680996018776e-16 + 0.0im; -3.1473563021478975e-17 + 0.0im -1.7727589997510632e-17 + 0.0im; -2.3095173996076496e-17 + 0.0im -6.19734512024672e-17 + 0.0im; 4.5154535107804943e-17 + 0.0im -1.2527612294793197e-18 + 0.0im; 9.044158736506092e-17 + 0.0im 4.315119459940816e-17 + 0.0im; -2.3000810411237155e-16 + 0.0im -0.00046010146649191853 + 0.0im; 0.00031956703396552835 + 0.0im -1.089673019197398e-16 + 0.0im; -1.1754256796646225e-15 + 0.0im 1.0987413413489485e-15 + 0.0im; -4.8993015601667634e-17 + 0.0im -1.6497334998538611e-16 + 0.0im; 5.257590132924797e-17 + 0.0im 8.861775479937665e-16 + 0.0im; 1.743650241765122e-15 + 0.0im -2.1556893462436852e-15 + 0.0im; 7.027408792604372e-17 + 0.0im -5.398840134565897e-16 + 0.0im; -3.2062618038540602e-16 + 0.0im 4.2898180820035317e-16 + 0.0im; -0.08497014727736195 + 0.0im 3.550308794022302e-15 + 0.0im; -2.5579797733394484e-15 + 0.0im -0.06896895755358927 + 0.0im; 1.1316197662213536e-15 + 0.0im -3.598272960967713e-16 + 0.0im; -5.675610039416991e-16 + 0.0im 6.433014680684458e-16 + 0.0im; -7.264743185645478e-17 + 0.0im -5.604951284845535e-16 + 0.0im; -6.824815644360068e-17 + 0.0im -3.7842037575858445e-16 + 0.0im; 1.5587406378508347e-17 + 0.0im 7.33989444290471e-16 + 0.0im; -1.3185018984331813e-15 + 0.0im -0.052882718303663735 + 0.0im; -0.016847425640852808 + 0.0im -5.583679045768785e-17 + 0.0im; 2.3493689413830782e-15 + 0.0im -3.268215506786184e-15 + 0.0im; 3.0190970002639875e-16 + 0.0im -2.5239177458054173e-15 + 0.0im; -5.715697303677036e-16 + 0.0im 2.7031975906665554e-15 + 0.0im; -1.0839078233667248e-16 + 0.0im 1.1584111296180568e-15 + 0.0im; -3.29111507644547e-16 + 0.0im -0.10895778982827871 + 0.0im; -0.0851298247854978 + 0.0im 4.122055446796227e-15 + 0.0im; -4.850790639854321e-16 + 0.0im 1.8293677417302507e-16 + 0.0im; -1.9464928024114063e-15 + 0.0im 3.795256211950416e-15 + 0.0im; 2.888896386860736e-16 + 0.0im -3.4231481174860446e-17 + 0.0im; -0.21479524197511102 + 0.0im 6.824826316187668e-15 + 0.0im; -7.497207810226722e-15 + 0.0im -0.15548111109227866 + 0.0im; -1.5383325618538295e-15 + 0.0im 5.203817001714183e-15 + 0.0im; 3.168750961158137e-17 + 0.0im 4.493373975483997e-15 + 0.0im; -0.14167262388951146 + 0.0im 5.3330723390470695e-15 + 0.0im; -8.182264782987044e-15 + 0.0im -0.16065591713177957 + 0.0im; -2.168937469571798e-15 + 0.0im 3.488627083461184e-15 + 0.0im; -3.553378335586578e-15 + 0.0im -0.08660096992472004 + 0.0im; -0.0741587626909049 + 0.0im -7.743033000533951e-16 + 0.0im; -2.513741955327147e-16 + 0.0im -1.2497315305570739e-15 + 0.0im; 8.792719697358404e-16 + 0.0im 9.696893754644175e-17 + 0.0im; 5.3732864905180935e-16 + 0.0im -3.2760458651786364e-16 + 0.0im], 2, 10, 180, [-0.2734535782717876, -0.17437823676833783, 0.18342002377903535, 0.5595819352368323, 1.1190326995372892, -0.11561573368040254, -0.03112109117183423, -1.9791781743062695, 0.009476269694442619, 0.052943415174779976, -0.0005030675562339963, 0.0002743753744785789, -0.11752703077579665, 0.05697330218179942, -0.07872182281335507, 0.09003237154216542, 0.3030282373996389, 0.02044767300650685, -0.000941734543359151, -0.013684829595000173, -0.003086804780509, -0.13410267800389145, -0.14327837550318676, -0.25182631052433757, -0.03150963567460566, -0.1660317295704436, 0.2617368105664756, 0.014820645709125323, -0.003002178970784872, -0.43494068804021824, 1.2298345750243487, -0.7552734488175129, -0.07775200017905383, 0.0572759209362162, 0.514672792716549, -0.02430450998450511, -0.525479153226576, -0.6681367209713379, 0.14734005018867607, -1.497560574015678, -0.0722221484876486, 0.1157812916558874, -0.4860674446402402, 0.0075822932563452275, -0.3128518352247124, 0.3230461899553126, 0.1633465990006977, -0.003003955254327668, -0.06225741555502851, -0.1652198111150143, -0.20493237818388582, 0.09329725476063168, 0.1972547890101228, 0.059740585585603044, 0.1274110061155728, -0.26612615671410667, -0.46013060171197895, -0.06270590881853548, -0.0964126578563372, -0.05549348780053989, 0.1562869680309548, 0.04040230821253035, 0.2746689135109234, -0.25396147851708284, 0.12293201936256694])
[3.2762395443055194e-16, -2.6092172734431827e-18, 7.113677114671685e-16, 7.390003758196172e-18, 1.4566188988714252e-15, 3.879614678373927e-15, -1.0903884947327342e-14, -1.3988638210204564e-15, -0.9557935634876346, -4.207186951320446e-14, 1.4471484107451602e-16, -1.8511078077313925e-16, -4.64741318814343e-17, -2.121464846797e-16, 8.363902258727198e-17, 1.3685292177733869e-16, 7.645725383341068e-17, 1.1615824788290193e-16, -0.0002504130969744561, 6.807510353656119e-17, 6.246098289146012e-17, -3.3262528287484397e-17, 8.378910241660171e-18, -3.1473563021478975e-17, -2.3095173996076496e-17, 4.5154535107804943e-17, 9.044158736506092e-17, -2.3000810411237155e-16, 0.00031956703396552835, -1.1754256796646225e-15, -4.8993015601667634e-17, 5.257590132924797e-17, 1.743650241765122e-15, 7.027408792604372e-17, -3.2062618038540602e-16, -0.08497014727736195, -2.5579797733394484e-15, 1.1316197662213536e-15, -5.675610039416991e-16, -7.264743185645478e-17, -6.824815644360068e-17, 1.5587406378508347e-17, -1.3185018984331813e-15, -0.016847425640852808, 2.3493689413830782e-15, 3.0190970002639875e-16, -5.715697303677036e-16, -1.0839078233667248e-16, -3.29111507644547e-16, -0.0851298247854978, -4.850790639854321e-16, -1.9464928024114063e-15, 2.888896386860736e-16, -0.21479524197511102, -7.497207810226722e-15, -1.5383325618538295e-15, 3.168750961158137e-17, -0.14167262388951146, -8.182264782987044e-15, -2.168937469571798e-15, -3.553378335586578e-15, -0.0741587626909049, -2.513741955327147e-16, 8.792719697358404e-16, 5.3732864905180935e-16]
Projection L1|R2: 1.9362364047424556e-14
scalar = l1_vec' * r1_vec = -0.9970752448650682
Check <L1|R1>: 1.0
t before projection
65-element Vector{Float64}:
 -4.890928233893938e-5
  1.1985266708531744e-16
  0.003289879884012978
 -4.021259724433347e-16
  7.142446782311772e-17
 -0.0025011216990163264
 -0.021777989792477966
 -8.98104441259498e-16
  1.6991838659803163e-16
 -5.733636752062892e-30
 -0.0005220194741781039
 -1.1646111031012599e-18
 -0.0004001313317227044
  5.724323410210396e-18
  7.1201213865071e-18
  0.00017098900033167842
 -9.490356114243162e-5
  1.9457761790071967e-18
  5.008759517535096e-20
 -4.6763166855791686e-33
 -0.00036956280973069925
  6.556262614908068e-18
 -0.0007460255587446318
 -0.00021618420824284237
  3.103786801914741e-18
 -5.996265195476054e-19
  0.00041808777895612956
 -7.216679329894698e-33
 -5.47311282360237e-20
 -0.03182779067017843
  2.261758628334133e-18
  8.188840048283954e-16
 -0.031626325287222076
 -0.03867464469554828
 -5.249187789374007e-16
  1.460151411512739e-17
 -8.785719190971026e-31
 -0.019173426864004316
 -0.022195330168680978
 -3.681062270393977e-16
 -4.101151535428589e-16
  0.0033946939185917372
 -7.306995786927672e-31
  2.527848440871984e-18
 -0.058453048617699066
  1.2586894437816983e-15
  1.3400070315795376e-15
 -0.05536481233486075
 -2.4040264978484356e-30
  2.4340773909056383e-17
 -0.10015725510074262
 -0.07225493621840914
 -1.4141622771250109e-15
  2.8468732028090474e-17
 -1.7729763962885328e-30
 -0.07981835807508407
 -1.0182129740888208e-15
  2.6093214904461656e-17
 -1.654863013121058e-30
 -0.05538001404795884
 -1.5144923909568118e-30
  1.5215092692405738e-17
 -0.026473018772955485
 -1.0869899525449845e-16
 -0.01274437482262221
t after projection
65-element Vector{Float64}:
 -4.890928233893938e-5
  1.1985266708531747e-16
  0.003289879884012978
 -4.0212597244333476e-16
  7.142446782311746e-17
 -0.0025011216990163264
 -0.021777989792477966
 -8.98104441259498e-16
  4.819312197486915e-16
  2.7048871714011923e-30
 -0.0005220194741781039
 -1.1646111031011574e-18
 -0.0004001313317227044
  5.724323410210479e-18
  7.120121386507158e-18
  0.00017098900033167842
 -9.490356114243162e-5
  1.9457761790071886e-18
  1.4206099758065022e-19
  1.1929907987862384e-32
 -0.00036956280973069925
  6.556262614908127e-18
 -0.0007460255587446318
 -0.00021618420824284237
  3.103786801914756e-18
 -5.99626519547556e-19
  0.00041808777895612956
 -5.7994468826257894e-33
 -1.5523121731021365e-19
 -0.03182779067017843
  2.2617586283341184e-18
  8.188840048283953e-16
 -0.031626325287222076
 -0.03867464469554828
 -5.249187789374008e-16
  4.141356045064365e-17
 -3.458975870340263e-31
 -0.019173426864004316
 -0.022195330168680978
 -3.6810622703939755e-16
 -4.101151535428589e-16
  0.0033946939185917372
 -2.492697882830933e-31
  7.169614301927403e-18
 -0.058453048617699066
  1.2586894437816985e-15
  1.3400070315795376e-15
 -0.05536481233486075
 -2.7931233236705192e-30
  6.903654625958087e-17
 -0.10015725510074262
 -0.07225493621840914
 -1.414162277125011e-15
  8.074447617471865e-17
 -3.180478849680047e-31
 -0.07981835807508407
 -1.0182129740888208e-15
  7.400690784257553e-17
 -2.827444233825969e-31
 -0.05538001404795884
 -2.882360187955858e-31
  4.31538279536528e-17
 -0.026473018772955485
 -1.0869899525449832e-16
 -0.01274437482262221
Omega original restricted
65-element Vector{Float64}:
 -1.3747673409580136e-9
  1.3601700881582399e-21
 -1.0773957773491155e-10
  2.143297557331082e-23
  4.887029220136323e-24
 -3.4228051363825195e-11
  2.0390853226936654e-11
 -9.701071876014374e-25
 -5.4925206602724104e-17
  6.2408371221716e-30
 -2.2682554693050378e-11
  2.834700837243394e-23
  3.366563000437078e-11
 -5.5606031137321085e-24
 -1.1610872124858935e-23
  3.7854317307826956e-11
  3.382535398845485e-11
 -1.061802184391687e-23
 -1.6190558845861646e-20
  6.104254351657702e-31
 -2.05782002119942e-13
 -2.5159865339971558e-23
  6.871108619664649e-12
  1.140602845861185e-11
 -3.5128003573905256e-23
 -2.6375726688446805e-23
  8.46798058352322e-12
  3.159753779339677e-31
  1.769169188160515e-20
 -1.3931984038149454e-10
 -5.853067546364827e-24
  5.141044097844602e-24
 -6.452340358295681e-11
 -1.9768710570973523e-10
 -5.76942219973194e-24
 -4.719859483340009e-18
  5.673204695481861e-31
  7.760004255158911e-11
 -2.3766113531566585e-10
 -6.010243526325148e-24
 -6.99223362591607e-24
  1.363696192691515e-10
 -1.0535810637855874e-31
 -8.171114943766957e-19
  8.017896849575984e-11
  7.95005659050243e-24
  3.522182445483451e-24
 -1.7070353169441845e-10
  9.166246187740952e-31
 -7.868025407032814e-18
 -2.9814968243818803e-10
  9.19808915184641e-11
 -4.3303755988114634e-24
 -9.202360401617132e-18
  5.40241012968108e-31
 -4.235602402396102e-11
 -4.640772845221623e-24
 -8.434491485360753e-18
  5.553208779126662e-31
  1.7029315088587493e-10
  5.661192354780862e-31
 -4.918193749754163e-18
 -3.9009616472641115e-11
 -1.1989804884984394e-24
 -5.945168527872202e-11
Omega restricted
65-element Vector{Float64}:
  1.3256831734958996e-10
 -1.3046550324132563e-22
  1.2770521051437304e-10
 -2.3843082057772572e-23
 -9.530241678833456e-24
  6.025521334476974e-11
 -4.4611753190565474e-11
  1.893507466659682e-24
  2.6615737706595104e-24
 -9.564156489722554e-30
  1.0936352716788786e-12
 -6.815570477185356e-25
 -1.5010650955668374e-12
  2.4671742977852397e-25
  5.334384631275934e-25
 -1.7303554179081516e-12
 -1.562035906112947e-12
  4.8784448537738885e-25
  6.267821235827626e-28
 -2.789967013296803e-32
  9.869152651660684e-15
  1.1163136771848002e-24
 -3.0337538728782775e-13
 -5.21379978396619e-13
  1.5976618503037296e-24
  1.2118314506358316e-24
 -3.8709535543249477e-13
 -1.4418833786867545e-32
 -6.873558144185512e-27
  8.25688661437105e-11
  1.6794292084561937e-24
 -1.895036134618731e-24
  2.285292889286384e-11
  7.599071351694649e-11
  2.127381286559402e-24
 -5.314614111771258e-25
 -1.667353722860071e-31
 -4.316302637309996e-11
  8.41749307130601e-11
  2.0485240051712346e-24
  2.5782732694776324e-24
 -4.8315149619125895e-11
  7.463301369159078e-32
 -7.756026823915984e-25
 -7.817888386432846e-11
 -3.677711060672673e-24
 -1.8158101844056336e-24
  8.325987372552164e-11
 -2.2839567738552398e-31
  6.715694766665741e-25
  2.624320112914056e-10
 -4.4863262856785e-11
  2.0040901734028543e-24
 -2.317837017571696e-24
 -1.6477679748833882e-31
  4.633392406048143e-11
  2.3936149171275315e-24
  2.809042516157252e-25
 -1.8908285297475554e-31
 -1.6619377067144232e-10
 -1.991499147908886e-31
 -1.9372433327202484e-24
  4.508707507771211e-11
  6.512901063517867e-25
  6.093075983002297e-11
Omega resricted on L2-1.8820765886254734e-24
Omega resricted on L1 (<L1|H|HF>): 1.1615091756255659e-24
Omega resricted on R1 (<R1|H|HF>): 1.1615091756255659e-24
<L1[D]|R1[S]H[S]|HF> additional: -1.0030763101564277e-11
<L1|H|R1> with nuclear repulsion : -74.68951559125001
<HF|H|R1>: -2.78170965728692e-16
L1 * A * R1: 0.32324462249395386
Reduced matrix[-75.01276021373394 -2.78170965728692e-16; 5.728561822483004e-17 -74.68951559125001]
Matrix
2×2 Matrix{Float64}:
 -75.0128        -2.78171e-16
   5.72856e-17  -74.6895
NEW E0 FROM MATRIX: -75.01276021373394
NEW E1 FROM MATRIX: -74.68951559125001
[1.0 -8.605586802686074e-16; 0.0 1.0]
Evaluating remaining element <mu_tilde|H|R1>
Norm of element <mu_tilde|H|R1>: 1.234592755918643e-9
65-element Vector{Float64}:
  2.6401979993093407e-27
  4.571638136660549e-28
  3.0906484755919597e-27
 -1.3382649827668957e-27
 -7.818947320235475e-27
  1.9944865306578106e-26
 -4.6388855518283334e-26
 -3.608806107053826e-28
  9.617452554218714e-12
  2.601082226075217e-25
 -3.368000960082812e-25
 -5.548906231315728e-26
 -4.0770185992429254e-25
  1.7421164826201122e-25
  1.004821606006281e-24
 -2.5625910087506782e-24
  5.947081283502285e-24
  4.604341074741765e-26
 -1.2337172098912604e-9
 -3.336598786271771e-23
  5.4872047150014795e-27
 -6.553809907285054e-29
  1.1056891161649817e-27
  1.1481435796607174e-28
 -3.4174235159439516e-28
  6.043292282760886e-28
 -9.986332126896016e-28
  1.2118975715443137e-21
 -3.097804755675102e-15
 -9.413440636319467e-27
  5.0976874756519204e-27
  2.8440062075962027e-26
 -9.414487661581406e-26
  1.8366062271849568e-25
 -1.3721380240676368e-27
 -3.901922786145094e-11
 -1.0612247837427922e-24
  3.772674414344494e-27
 -2.095346564193872e-27
  7.075060758148542e-27
  3.2884924967290095e-27
 -3.7711277883366764e-27
  1.7108184973782316e-23
  1.430773294986128e-13
  8.159329855305003e-27
  1.707670831221624e-26
  1.3835852821769098e-26
 -1.6355482647728355e-27
  4.0432347229147817e-25
  1.3776980440665591e-12
 -3.5259283774496766e-26
  3.513625333508451e-26
 -2.925256360433164e-27
 -1.501355858427645e-11
 -4.0478116551322057e-25
  8.402511977066559e-26
  7.657406460623498e-28
 -1.783413418151265e-11
 -4.799809883004824e-25
 -6.452782951939468e-27
 -3.6748424605240894e-24
  8.611807985159878e-13
  1.4936280085670089e-16
  4.217368379231886e-27
  4.161253649048036e-27
Evaluating remaining element <HF|H|nu_tilde>
Norm of element <HF|H|nu_tilde>: 0.6310595109114173
65-element Vector{Float64}:
  0.00021215213103283273
 -4.977168000639077e-15
 -0.002536984243679331
  1.2009302206729231e-15
  2.403028533494901e-16
 -0.006432734292269093
 -0.0044946122293695835
  6.333275905544913e-16
  3.000065774912435e-16
  1.1904738574264227e-29
  0.05239336012754763
 -4.987329993433269e-18
  0.019651963684992408
 -2.6454533008646303e-16
  4.770489558936217e-17
 -0.029156979521037844
 -0.003541965152492765
 -1.3140530330524316e-16
  6.986198220769553e-20
 -1.89920644308129e-32
  0.039043531449969804
 -1.5525775109992423e-16
  0.03820659895705575
  0.02369421286935847
  2.2724877535296173e-16
  4.917941054394248e-16
 -0.0224954053985897
  6.416925580678958e-32
 -8.915502707649169e-20
  0.19030556275555352
 -1.9862583799934439e-16
 -2.581268532253489e-15
  0.2150135516546591
  0.1205037915945526
  2.8622937353617317e-15
  2.3705560887184192e-17
  7.136429347020727e-31
  0.1356328370711587
 -0.016737182000169673
  1.797173521111972e-15
  9.992007221626409e-16
 -0.03437710461989834
  3.6784480237688156e-31
  4.7002116286545265e-18
  0.14998000751864307
 -3.5318969970887792e-15
 -3.1988300897012323e-15
  0.01676122299106253
  9.181781052672567e-32
  2.375010882563924e-17
  0.31889801799346934
  0.2912998997620643
  3.899658373995862e-15
  5.992506603875268e-17
  2.091623022013435e-30
  0.19114032976697187
  2.2273849431542203e-15
  3.95248109985885e-17
  2.2827449665941584e-30
  0.14190557721937125
  9.913461278875644e-31
  2.0689325846983152e-17
  0.06920626869936716
  8.153200337090969e-17
  0.0500826884913902
Evaluating remaining element <L1|H|nu_tilde>
Norm of element <L1|H|nu_tilde>: 3.0767843224132194e-12
65-element Vector{Float64}:
  3.912438593365303e-20
 -2.397375972755975e-25
  1.327561975162598e-17
 -2.7853605067721694e-25
  8.917952743691377e-26
  3.35593155975656e-17
  2.2134737535813797e-17
  1.5627753726387417e-25
 -8.463740119250489e-13
 -2.4597544562612387e-25
 -1.4558583171879225e-27
  1.8622490118408625e-27
  4.675384427146309e-28
  2.134233240280358e-27
 -8.414241813142638e-28
 -1.376765941361989e-27
 -7.691742469274682e-28
 -1.1685736586147492e-27
  2.5192025037385538e-15
 -6.848482501259107e-28
 -6.283691483684191e-28
  3.346272441614859e-28
 -8.429340124148577e-29
  3.1662991961387293e-28
  2.323417619052424e-28
 -4.542630528240154e-28
 -9.0985925291037e-28
  2.3139244662556566e-27
 -3.2149040198180357e-15
  1.182500177086091e-26
  4.928788831760393e-28
 -5.289233824637511e-28
 -1.754144694415527e-26
 -7.069704435998066e-28
  3.225559230527936e-27
  8.548155441965529e-13
  2.57337540542724e-26
 -1.138430610374852e-26
  5.709769654340985e-27
  7.308467266056197e-28
  6.865891946769762e-28
 -1.5681221809071005e-28
  1.3264375241745966e-26
  1.6948824709561773e-13
 -2.3635090140439334e-26
 -3.0372679440446485e-27
  5.750098190552586e-27
  1.0904315051563769e-27
  3.310923206831657e-27
  8.564219297376718e-13
  4.879985940303708e-27
  1.9582080971763594e-26
 -2.906283696320886e-27
  2.1608802331534023e-12
  7.542331018132812e-26
  1.5475912754675233e-26
 -3.187822622507569e-28
  1.425253044372812e-12
  8.231511121662859e-26
  2.1819915850307954e-26
  3.574764941569001e-26
  7.460509969418172e-13
  2.528871334656577e-27
 -8.84564016175085e-27
 -5.4056265202448804e-27
Building the whole matrix...
(d, V, nconv, niter, nmult, resid) = eigs(A_imp, nev = n_ev, which = :SM, tol = 1.0e-12, maxiter = 1000) = (ComplexF64[2.453483160394948e-15 + 0.0im, 0.32324462248392266 + 0.0im], ComplexF64[-0.9999999999999997 + 0.0im 2.5455428636308083e-14 + 0.0im; -7.237148797020638e-17 + 0.0im 1.0000000000000013 + 0.0im; 5.109577740536203e-17 + 0.0im 2.796564185840449e-16 + 0.0im; -5.981353119028257e-17 + 0.0im 3.555673672812814e-16 + 0.0im; 6.214268039139253e-19 + 0.0im 1.0442454434117706e-14 + 0.0im; 2.1475399123328262e-17 + 0.0im -2.251630265476495e-15 + 0.0im; 1.4842522347820157e-16 + 0.0im 5.5679622724735e-15 + 0.0im; -1.1061740886241984e-16 + 0.0im -1.379031718755638e-14 + 0.0im; 4.626139375419944e-16 + 0.0im -2.2004428806511276e-15 + 0.0im; -3.705046876170314e-17 + 0.0im 8.151820294750917e-16 + 0.0im; -9.149191967497179e-18 + 0.0im -1.0166271678519094e-11 + 0.0im; 2.4846796100821763e-16 + 0.0im 2.802007393124316e-15 + 0.0im; 2.3432567882999157e-16 + 0.0im -9.227756780386776e-16 + 0.0im; 1.2221903785170182e-16 + 0.0im 3.1393586981792108e-16 + 0.0im; 4.680691741760102e-17 + 0.0im -3.2871001076689086e-17 + 0.0im; 7.590685597725725e-17 + 0.0im 1.9164621471857815e-16 + 0.0im; 4.96948218131469e-17 + 0.0im 4.611158761904919e-17 + 0.0im; -5.1135849398432706e-17 + 0.0im 4.3483038167683515e-17 + 0.0im; 1.149283588781116e-16 + 0.0im -2.187575172701375e-16 + 0.0im; -2.857651839536728e-17 + 0.0im 6.702730945478229e-17 + 0.0im; 1.8006302076838354e-17 + 0.0im 6.051000748938991e-11 + 0.0im; 4.097880556184955e-17 + 0.0im 1.7918427763142273e-17 + 0.0im; -8.075875324485836e-17 + 0.0im -4.1075480642592485e-16 + 0.0im; -1.236034950856967e-16 + 0.0im -1.2065813361703268e-16 + 0.0im; 1.3161288802849525e-16 + 0.0im -3.812279225405644e-16 + 0.0im; -1.6707723020125577e-16 + 0.0im 1.8304858346227124e-16 + 0.0im; 1.3241796021647895e-16 + 0.0im -2.3984117017581628e-17 + 0.0im; 8.295275183791864e-18 + 0.0im 1.1756154936416662e-16 + 0.0im; 4.358787538408118e-17 + 0.0im -1.3124827294056321e-16 + 0.0im; -3.978455333116523e-17 + 0.0im 6.217891712291261e-17 + 0.0im; -3.1727277564601105e-17 + 0.0im -2.8042471499506306e-13 + 0.0im; 1.0238536812330042e-16 + 0.0im 1.7424184495279384e-14 + 0.0im; -1.535397436594e-17 + 0.0im -3.0480245377071035e-16 + 0.0im; 1.4751178623410537e-16 + 0.0im 5.144031009481263e-15 + 0.0im; -6.205006454345792e-17 + 0.0im -4.675705797364169e-15 + 0.0im; 2.9536933574848777e-16 + 0.0im 2.3303016844087662e-15 + 0.0im; -6.373024453393925e-17 + 0.0im -1.0148336497805237e-14 + 0.0im; -6.497208935010147e-17 + 0.0im 2.592241560015058e-11 + 0.0im; 1.134250972057227e-17 + 0.0im -2.409025648235166e-16 + 0.0im; 1.9548902736700495e-16 + 0.0im 3.770351599180586e-15 + 0.0im; 1.1056179421869805e-16 + 0.0im -5.24334768922061e-16 + 0.0im; -1.1397533211457115e-16 + 0.0im 6.1522022924368535e-16 + 0.0im; 7.99843263620518e-17 + 0.0im -1.0711474542629329e-14 + 0.0im; -6.336034389027618e-17 + 0.0im 6.811598757343246e-16 + 0.0im; -1.7956826652310238e-17 + 0.0im -2.224973618394811e-16 + 0.0im; -1.2445299698733148e-17 + 0.0im -8.295054021873447e-13 + 0.0im; -4.610479837390292e-17 + 0.0im -3.896630964582751e-15 + 0.0im; 1.992001536314234e-18 + 0.0im -3.761127369086034e-16 + 0.0im; -2.4910518735054586e-17 + 0.0im 5.147348717924869e-15 + 0.0im; 5.715273624344161e-17 + 0.0im -1.501963995186166e-14 + 0.0im; 1.879946248941008e-16 + 0.0im -4.731652043511143e-15 + 0.0im; -1.082806552045388e-16 + 0.0im 2.601376636359158e-12 + 0.0im; -1.5197145726165792e-17 + 0.0im 1.413736614103964e-14 + 0.0im; 1.3273695942244426e-16 + 0.0im 5.500150752175828e-15 + 0.0im; -6.761186458992174e-17 + 0.0im 7.304622643099156e-15 + 0.0im; 2.8546943819707495e-16 + 0.0im 1.444922938785691e-11 + 0.0im; -7.596934351851948e-17 + 0.0im 5.540227251211793e-15 + 0.0im; 1.5763893431252187e-16 + 0.0im 1.2307711025462088e-15 + 0.0im; -5.680825000668452e-17 + 0.0im 9.399829338368347e-15 + 0.0im; -3.836407307362795e-16 + 0.0im 3.176381970145202e-11 + 0.0im; -2.746904920978375e-19 + 0.0im -1.125767829212859e-14 + 0.0im; -2.9646157695227544e-17 + 0.0im -9.52496089160806e-16 + 0.0im; 2.842853786479057e-16 + 0.0im -1.518793152940116e-15 + 0.0im; 1.4396350032591052e-16 + 0.0im -4.213392655521402e-12 + 0.0im; -4.1557928831997125e-17 + 0.0im 7.0504491747418194e-15 + 0.0im; -2.4129363571322106e-17 + 0.0im 5.305921977631772e-15 + 0.0im; 1.3326307996215694e-16 + 0.0im -9.13483519900864e-15 + 0.0im], 2, 13, 226, [-2.1831525822899224e-16, -9.845629234256682e-12, -0.371236111344173, -0.2804951004634088, -0.35536594816653166, -0.004696369732076562, -0.061836403475360756, 0.30708852794783764, 0.20143135831522416, 0.09080621904474731, -0.06143048576572436, -0.07261873343122027, 0.007284096081826504, 0.012230846390753627, 0.026585349779645547, -0.18087883598106835, -0.047057619073229105, -0.04302854692447301, 0.20751137703744157, -0.021393358475498114, -0.056861897216264785, -0.04543017438082691, 0.011996703257530855, 0.08875126449731167, 0.3466385178417426, -0.19354593395704103, -0.014085146148699268, -0.047822898444273176, 0.09849599675334025, -0.07561382524747128, -0.11441675676236643, -1.9249670086185326, -0.04037043871608833, -0.4967024772892589, 0.5125594511988496, -0.0663720789394043, 0.9103073266693547, 0.11325536810966903, 0.013907922092712749, -0.6013907292922218, 0.37083849989774886, -0.14134440748772384, 1.0253365120928544, -0.06765905536969802, 0.01258397384818299, 0.2005162397391661, -0.04992886102622395, 0.11283701086072578, -0.307073705371158, 0.7279201851987486, 0.07920337265340471, -0.5168403143540714, -0.9735813727358054, -0.5188003284478072, -0.40800449504709124, -0.1533024549208421, -0.13763933266852735, -0.345540495874544, -0.5242735028947687, 0.5263879607371209, 0.43463098300270575, 0.06314663898503246, 0.10858287751720506, 0.7547535279590157, -0.2932933927605249, -0.2722891073416126, 0.25334872875213876])
The first 2 eigvals are: ComplexF64[-75.01276021373394 + 0.0im, -74.68951559125001 + 0.0im]
NEW E0 FROM FULL MATRIX: -75.01276021373394 + 0.0im
NEW E1 FROM FULL MATRIX: -74.68951559125001 + 0.0im
Omega tilde, projection removed
65-element Vector{Float64}:
  1.3256831734958996e-10
 -1.3046550324132563e-22
  1.2770521051437304e-10
 -2.3843082057772572e-23
 -9.530241678833454e-24
  6.025521334476974e-11
 -4.4611753190565474e-11
  1.893507466659682e-24
  1.5479237646967026e-24
 -9.564156519841707e-30
  1.0936352716788786e-12
 -6.815570477185359e-25
 -1.5010650955668374e-12
  2.467174297785237e-25
  5.334384631275932e-25
 -1.7303554179081516e-12
 -1.562035906112947e-12
  4.8784448537738885e-25
  2.985065872761412e-28
 -2.78996701922397e-32
  9.869152651660684e-15
  1.1163136771848e-24
 -3.0337538728782775e-13
 -5.21379978396619e-13
  1.5976618503037296e-24
  1.2118314506358315e-24
 -3.8709535543249477e-13
 -1.4418833791925994e-32
 -6.514848780642471e-27
  8.25688661437105e-11
  1.6794292084561937e-24
 -1.8950361346187308e-24
  2.285292889286384e-11
  7.599071351694649e-11
  2.1273812865594025e-24
 -6.271601529881871e-25
 -1.667353741872519e-31
 -4.316302637309996e-11
  8.41749307130601e-11
  2.048524005171234e-24
  2.5782732694776324e-24
 -4.8315149619125895e-11
  7.463301197325028e-32
 -7.92170278431298e-25
 -7.817888386432846e-11
 -3.6777110606726736e-24
 -1.8158101844056332e-24
  8.325987372552164e-11
 -2.283956759967424e-31
  5.120393488764806e-25
  2.624320112914056e-10
 -4.4863262856785e-11
  2.0040901734028546e-24
 -2.5044219159963443e-24
 -1.64776802681334e-31
  4.633392406048143e-11
  2.3936149171275315e-24
  1.0988857931975443e-25
 -1.890828578721819e-31
 -1.6619377067144232e-10
 -1.9914991916769707e-31
 -2.0369635024840906e-24
  4.508707507771211e-11
  6.5129010635178625e-25
  6.093075983002297e-11
Omega_tilde on L1: 8.270202712455249e-40
Omega_tilde on R1: 1.3072053973106144e-24
DIIS dimension: 8
t at step 20 : 
2×5 Matrix{Float64}:
 -4.89092e-5    0.00328988    7.14245e-17  -0.021778     5.73133e-16
  1.19853e-16  -4.02126e-16  -0.00250112   -8.98104e-16  7.62771e-30
t2 at step 20 : 
2×5×2×5 Array{Float64, 4}:
[:, :, 1, 1] =
 -0.000522019  -0.000400131  7.12012e-18  -9.49036e-5   1.68945e-19
 -1.16461e-18   5.72432e-18  0.000170989   1.94578e-18  2.30813e-32

[:, :, 2, 1] =
 -1.16461e-18   6.55626e-18  -0.000216184  -5.99625e-19  -1.19428e-33
 -0.000369563  -0.000746026   3.10379e-18   0.000418088  -1.84608e-19

[:, :, 1, 2] =
 -0.000400131  -0.0318278     8.18884e-16  -0.0386746     4.92508e-17
  6.55626e-18   2.26176e-18  -0.0316263    -5.24919e-16  -1.71019e-31

[:, :, 2, 2] =
  5.72432e-18   2.26176e-18  -0.0221953    -4.10115e-16  -1.61967e-31
 -0.000746026  -0.0191734    -3.68106e-16   0.00339469    8.52641e-18

[:, :, 1, 3] =
  7.12012e-18   8.18884e-16  -0.058453      1.34001e-15  -2.8938e-30
 -0.000216184  -0.0221953     1.25869e-15  -0.0553648     8.21012e-17

[:, :, 2, 3] =
 0.000170989  -0.0316263     1.25869e-15  -0.0722549    9.60248e-17
 3.10379e-18  -3.68106e-16  -0.100157     -1.41416e-15  8.76263e-32

[:, :, 1, 4] =
 -9.49036e-5   -0.0386746     1.34001e-15  -0.0798184    8.80122e-17
 -5.99625e-19  -4.10115e-16  -0.0722549    -1.01821e-15  1.18153e-31

[:, :, 2, 4] =
 1.94578e-18  -5.24919e-16  -0.0553648    -1.01821e-15  7.04645e-32
 0.000418088   0.00339469   -1.41416e-15  -0.05538      5.13204e-17

[:, :, 1, 5] =
  1.68945e-19   4.92508e-17  -2.8938e-30   8.80122e-17  -0.026473
 -1.19428e-33  -1.61967e-31   9.60248e-17  7.04645e-32  -1.08699e-16

[:, :, 2, 5] =
  2.30813e-32  -1.71019e-31  8.21012e-17  1.18153e-31  -1.08699e-16
 -1.84608e-19   8.52641e-18  8.76263e-32  5.13204e-17  -0.0127444
Module of t 0.022166690163305306
Module of t2 0.21841400179381523
 --------------Energy at step 20 : -75.01276021374301
 --------------E_2 at step 20 : 8.00236697416617
E1 - E0 83.01512718790917
 --------------Difference at step 20 : 4.7904791244945955e-11
 --------------Module of omegas 1.5427455793122955e-9
Omega_bj_0 1.3795580469015255e-9
Omega_bjck_0 6.905675330602207e-10

######## END OF ITERATION 20 #########

global amplitudes = -(build_omega(F, g, L, t, t2, o, v)) = [4.8522153979966713e-11, 1.9593361956562244e-21, -1.0829830422738014e-11, -3.7769279877267626e-24, -1.7258127647898035e-23, 3.986398367812379e-11, 4.7437376135168476e-11, -2.0651233958579483e-23, -1.8526228114096237e-16, -3.209923359899898e-30, 1.1183505648716652e-12, 1.72324286597778e-18, -6.234942171074564e-12, -4.206908677113612e-18, -1.4320549679214804e-17, -2.277297539850248e-12, 7.0651504282809496e-12, -3.374415300797875e-18, -5.461052683729307e-20, -6.040105645935689e-31, 4.715677270636008e-23, -1.2821417936134779e-12, 1.2657890618878261e-18, -1.9740950309669774e-12, 6.391281720930037e-13, -2.0402267407701334e-18, -8.165973828036803e-19, 2.078318901091481e-12, -8.871461205863452e-32, 5.967349086825969e-20, -6.234966030297794e-12, -3.3175027766740404e-23, -3.138302144538866e-11, 4.930888904031706e-18, 5.2405641690870714e-18, -1.547972300406928e-11, -2.659873942630523e-11, -5.734600867978354e-18, -1.592005345321382e-17, 7.701730761157469e-31, -4.4290319217345534e-24, -1.9740868031002724e-12, 7.69982470569926e-24, 1.2292276775226115e-11, -6.290400024760797e-11, 3.389590035603847e-17, -1.5092541509114058e-17, 3.11685303756472e-11, 5.266206652974019e-31, -2.7561170776622977e-18, -1.6382486763388738e-23, 6.391402152051728e-13, -2.4336487068892054e-25, -6.29040726726704e-11, -5.2199954003937636e-12, 3.379739279074745e-17, -3.655024246331173e-18, -5.077916230204518e-11, 1.529190293962032e-30, -2.6538783278124015e-17, -2.277297768973902e-12, -5.2307181983461107e-23, -1.5479692429223824e-11, -6.181539179952992e-24, 4.3251381106831626e-24, -7.41433435035605e-11, 1.6566106386668927e-12, 1.7833204404102044e-17, -3.1039503592564014e-17, 1.3021630705176293e-30, 7.065137228129432e-12, -3.9941732701170116e-23, -2.659874354542645e-11, -4.099875609219253e-24, 2.4207547892550383e-24, 1.6568699783448122e-12, -1.4106919334981525e-12, 1.0439992594261482e-17, -2.844947175172026e-17, 7.818900930678836e-31, -1.68702195325609e-23, 2.0783117436663855e-12, -5.809660120467496e-24, 3.1168475352810463e-11, -5.077923255908698e-11, 1.3419914163994836e-24, 5.876531640840266e-24, 2.7429780092558956e-11, 6.92915567408162e-31, -1.658904043991073e-17, -5.461052683734377e-20, -8.542689780555452e-32, -1.5920053453213682e-17, 5.294815275144953e-31, 1.5115697941161895e-30, -3.103950359256414e-17, -2.844947175172027e-17, 6.804308462154894e-31, -1.2031626868352136e-11, 6.31698152627872e-18, -6.069648664769932e-31, 5.967349086826396e-20, 8.033978014531647e-31, -2.756117077662257e-18, -2.6538783278123904e-17, 1.3305186035069794e-30, 7.816511665685879e-31, -1.6589040439910773e-17, 1.320442397793137e-24, -1.6352238100595515e-11]
addition_t1 = reshape(amplitudes[1:n], (nv, no)) ./ pre_t[v, o] = [4.6789737548023044e-12 -1.283674767478292e-11 -3.365523887844058e-23 1.0378499087789698e-10 -7.367668343667682e-25; 1.8793663014000172e-22 -4.201637991316244e-24 7.017673357345716e-11 -4.0308214674468934e-23 3.690744189753651e-30]
addition_t2 = reshape(amplitudes[n + 1:end], (nv, no, nv, no)) ./ pre_t2[v, o, v, o] = [5.3921070196752665e-14 -2.7800132891943093e-13 -7.526608212237931e-25 3.262640809530106e-13 2.537539619193683e-27; 1.1338067991579764e-24 -1.9651094277479393e-25 -1.0409736096123895e-13 -7.751013974652246e-25 -2.7495771174123104e-32;;; 1.1338067991579764e-24 -1.4719370199448784e-24 2.921568298775218e-14 -1.8351209207761784e-24 -3.895030082808557e-33; -6.149057231385153e-14 -8.716051245593091e-14 -2.3789905672780343e-24 9.500551107538584e-14 2.822970857727761e-27;;;; -2.7800132891943093e-13 -1.8599364525640687e-11 -8.970655743375209e-26 -1.0224528774471773e-11 -1.559704323783088e-25; -1.4719370199448784e-24 2.2093219441718097e-24 -5.482604616689748e-12 -2.1422184021073062e-24 4.204518985601046e-31;;; -1.9651094277479393e-25 2.2093219441718097e-24 -2.2279393522876535e-11 -1.5117629406861813e-24 3.0616775859915073e-31; -8.716051245593091e-14 6.8372625734296555e-12 -2.1069081534795587e-24 1.1042852199351494e-11 2.687418080370894e-25;;;; -7.526608212237931e-25 -8.970655743375208e-26 -5.089781295967835e-12 1.2479850472793338e-24 6.7725024598474215e-31; 2.921568298775217e-14 -2.227939352287653e-11 2.0008170305460837e-24 -2.476734048078702e-11 -3.686686653771337e-25;;; -1.0409736096123894e-13 -5.482604616689747e-12 2.0008170305460837e-24 8.081308207702857e-13 2.1904299323567805e-25; -2.3789905672780343e-24 -2.1069081534795587e-24 -6.526113528074233e-11 6.210712243033811e-25 1.0391017896151725e-30;;;; 3.262640809530106e-13 -1.0224528774471773e-11 1.247985047279334e-24 -1.5431782001648925e-12 -4.441122784028079e-25; -1.8351209207761784e-24 -1.511762940686181e-24 8.081308207702855e-13 3.03099391838513e-24 8.44695666798043e-31;;; -7.751013974652246e-25 -2.142218402107306e-24 -2.4767340480787013e-11 3.03099391838513e-24 7.453089647292074e-31; 9.500551107538584e-14 1.1042852199351492e-11 6.210712243033811e-25 2.676947697870659e-11 4.980867860808336e-25;;;; 2.537539619193683e-27 -1.559704323783088e-25 6.7725024598474215e-31 -4.441122784028079e-25 -1.3906080422525195e-11; -3.895030082808557e-33 3.0616775859915073e-31 2.1904299323567805e-25 7.453089647292074e-31 7.1726865971116915e-25;;; -2.7495771174123104e-32 4.204518985601046e-31 -3.686686653771337e-25 8.44695666798043e-31 7.1726865971116915e-25; 2.822970857727761e-27 2.687418080370894e-25 1.0391017896151725e-30 4.980867860808336e-25 -1.6759058851227135e-11]
(d, V, nconv, niter, nmult, resid) = eigs(A_imp, nev = n_ev, which = :SM, tol = 1.0e-12, maxiter = 1000) = (ComplexF64[0.32324462248151115 + 0.0im, 0.3948541073287729 + 0.0im], ComplexF64[1.6688282537087102e-16 + 0.0im 9.914029500628281e-17 + 0.0im; 1.2102537505872422e-16 + 0.0im -9.038606686694442e-17 + 0.0im; 1.565468809947195e-15 + 0.0im 1.298177665735356e-16 + 0.0im; -2.277990014386571e-16 + 0.0im 8.583787895500726e-16 + 0.0im; -3.9347189874508275e-16 + 0.0im -9.97049353564182e-16 + 0.0im; 3.0397542195638177e-15 + 0.0im -1.1187423201164724e-14 + 0.0im; -1.3649941184314003e-14 + 0.0im 1.1443089570704576e-14 + 0.0im; 5.055952426613425e-15 + 0.0im -5.40613965865391e-15 + 0.0im; 0.9587957024549825 + 0.0im 1.6299201886918735e-14 + 0.0im; -2.509672715315349e-14 + 0.0im 0.9597669029925602 + 0.0im; 2.4472265178326176e-16 + 0.0im 3.165270244759968e-17 + 0.0im; 1.9642568958091424e-17 + 0.0im -1.7225164805049237e-16 + 0.0im; -1.0669914857774461e-17 + 0.0im -5.539189647607773e-17 + 0.0im; 3.5325251115726e-18 + 0.0im 2.1340734717499817e-16 + 0.0im; -1.8631215332541376e-16 + 0.0im 8.235786662914026e-17 + 0.0im; -1.0278720090031588e-16 + 0.0im -1.0439165405798855e-16 + 0.0im; -1.2389137399723012e-16 + 0.0im -1.1679595350264367e-16 + 0.0im; 3.3631249020639584e-17 + 0.0im -3.9212122865748715e-17 + 0.0im; 0.0002826284479527029 + 0.0im -7.913717027181872e-17 + 0.0im; 5.7753548933046e-17 + 0.0im 0.00012979535825197205 + 0.0im; 4.201631323955422e-16 + 0.0im -1.9180289307415594e-16 + 0.0im; -1.585020583056504e-16 + 0.0im 9.082880668944866e-18 + 0.0im; -2.576745014667917e-16 + 0.0im -2.509801396296141e-16 + 0.0im; -8.186178572491161e-17 + 0.0im -7.738223074814148e-18 + 0.0im; -1.2082384264120242e-17 + 0.0im 1.1908537427983081e-17 + 0.0im; 1.0476894860418461e-16 + 0.0im 8.526841222729878e-17 + 0.0im; -7.628325598479625e-17 + 0.0im 1.6930494934162022e-16 + 0.0im; -6.335242023151595e-17 + 0.0im 0.00030647603493942757 + 0.0im; -0.0003088304178706442 + 0.0im 2.0684672699582873e-17 + 0.0im; -1.822215143206717e-16 + 0.0im -2.5348521115783894e-16 + 0.0im; 2.4048022683521895e-16 + 0.0im 1.1637867253134798e-15 + 0.0im; 3.433263362736799e-16 + 0.0im -1.384055235150424e-16 + 0.0im; 1.2001245080734443e-15 + 0.0im -1.0176195094580057e-15 + 0.0im; 7.658252542253227e-16 + 0.0im -4.818306289069816e-16 + 0.0im; 8.009914443604338e-17 + 0.0im -6.439081173879302e-16 + 0.0im; 0.08239172264323359 + 0.0im 1.1365804915866635e-15 + 0.0im; -1.7525633186343757e-15 + 0.0im 0.058341673313988394 + 0.0im; 2.6821284769940945e-16 + 0.0im -9.60940590164375e-16 + 0.0im; 5.790089153239857e-16 + 0.0im -1.0699656964675163e-15 + 0.0im; -7.156924743460312e-16 + 0.0im 2.480445217629856e-15 + 0.0im; -7.113675425081849e-17 + 0.0im 3.258584292074258e-16 + 0.0im; -5.170842688846252e-16 + 0.0im 1.5748126883377953e-15 + 0.0im; -1.7802691468638284e-15 + 0.0im 0.05916464243001694 + 0.0im; 0.014263852905438374 + 0.0im 1.3552863829715549e-15 + 0.0im; 8.912690559717541e-16 + 0.0im -2.6961915247549158e-15 + 0.0im; -5.740826935916909e-16 + 0.0im -1.4759742297006705e-15 + 0.0im; 4.956764754791787e-16 + 0.0im 1.2831510121754226e-15 + 0.0im; -1.375126437378504e-15 + 0.0im 1.923748439333753e-15 + 0.0im; -8.257832651959699e-15 + 0.0im 0.11537646185476698 + 0.0im; 0.13734728159411733 + 0.0im 5.134547312811864e-15 + 0.0im; -3.4395383119983397e-16 + 0.0im -2.7559020231411354e-15 + 0.0im; -1.1953498000142672e-15 + 0.0im 1.8684410623080242e-15 + 0.0im; 2.2285728653596724e-16 + 0.0im 7.346477517326879e-16 + 0.0im; 0.16064005547544477 + 0.0im 3.8766856997299274e-15 + 0.0im; -2.9498867600864774e-15 + 0.0im 0.15443990731871454 + 0.0im; -1.483688816153722e-15 + 0.0im -4.650281630153123e-16 + 0.0im; 1.09415488278014e-15 + 0.0im -2.0943295335811117e-15 + 0.0im; 0.14723574808483303 + 0.0im 3.0812134364526266e-16 + 0.0im; -3.417956146067797e-15 + 0.0im 0.13600828418223407 + 0.0im; -1.3397009571202373e-15 + 0.0im 1.6540430542128894e-15 + 0.0im; -2.9897920189681834e-15 + 0.0im 0.1275990168370853 + 0.0im; 0.08585396636389461 + 0.0im 3.1056894891312033e-15 + 0.0im; -5.178858395625426e-16 + 0.0im 1.8134303182213647e-15 + 0.0im; -1.3167047191096128e-16 + 0.0im -1.1448246376230756e-15 + 0.0im; 4.08380780709549e-16 + 0.0im -7.27643273370323e-15 + 0.0im], 2, 10, 180, [0.7523793429712974, 0.8767047754062042, -1.5367159423838324, 0.21333482230455417, 0.9360363304199817, 1.0232366822254675, 0.012547738602887205, -1.068842788405707, -0.0923487559568213, 0.013134683840712922, 0.03189060538535073, -0.02744581401059543, 1.3192097926977087, -1.4748743436200256, 0.1394737787011884, -0.7769858961758025, -0.25208451781861363, 0.4834291862020377, 0.060857291489140874, -0.08769692315091228, -0.014947104121381938, 0.6542314194579161, 0.002213259271230484, -0.287578512281355, 0.34135681972781057, 0.06965173664714196, 0.7177741095872795, 0.08182486055919846, 0.026334647806557702, 1.300030473635446, 1.240058832407949, -2.596613516769152, -0.5323768407734328, -0.1284755695688675, -1.243565432580577, 0.19435532970996688, -0.042990587912451264, 2.279147718400189, -0.26781324216023394, -1.4892837643065155, -0.21882664322771336, -0.7147402938972724, 0.23507264966520572, 0.34332116112365313, 1.296148475695227, 1.615012936703521, -0.22271303961900507, -0.5523591984277818, -0.1250863534011252, -0.10595082193643354, 2.246976650465562, 0.4218950874002735, -1.0376776768156541, 0.006404428909048036, 0.01084868856278326, 1.2590670969407287, 0.21536866881044894, 0.2336701570478648, -0.08403055219519269, 0.78008875226697, 0.0012980169349784507, 0.54444566136709, -1.031895316751611, 0.10110428233447712, -0.23707369554854005])
[1.6688282537087102e-16, 1.2102537505872422e-16, 1.565468809947195e-15, -2.277990014386571e-16, -3.9347189874508275e-16, 3.0397542195638177e-15, -1.3649941184314003e-14, 5.055952426613425e-15, 0.9587957024549825, -2.509672715315349e-14, 2.4472265178326176e-16, 1.9642568958091424e-17, -1.0669914857774461e-17, 3.5325251115726e-18, -1.8631215332541376e-16, -1.0278720090031588e-16, -1.2389137399723012e-16, 3.3631249020639584e-17, 0.0002826284479527029, 5.7753548933046e-17, 4.201631323955422e-16, -1.585020583056504e-16, -2.576745014667917e-16, -8.186178572491161e-17, -1.2082384264120242e-17, 1.0476894860418461e-16, -7.628325598479625e-17, -6.335242023151595e-17, -0.0003088304178706442, -1.822215143206717e-16, 2.4048022683521895e-16, 3.433263362736799e-16, 1.2001245080734443e-15, 7.658252542253227e-16, 8.009914443604338e-17, 0.08239172264323359, -1.7525633186343757e-15, 2.6821284769940945e-16, 5.790089153239857e-16, -7.156924743460312e-16, -7.113675425081849e-17, -5.170842688846252e-16, -1.7802691468638284e-15, 0.014263852905438374, 8.912690559717541e-16, -5.740826935916909e-16, 4.956764754791787e-16, -1.375126437378504e-15, -8.257832651959699e-15, 0.13734728159411733, -3.4395383119983397e-16, -1.1953498000142672e-15, 2.2285728653596724e-16, 0.16064005547544477, -2.9498867600864774e-15, -1.483688816153722e-15, 1.09415488278014e-15, 0.14723574808483303, -3.417956146067797e-15, -1.3397009571202373e-15, -2.9897920189681834e-15, 0.08585396636389461, -5.178858395625426e-16, -1.3167047191096128e-16, 4.08380780709549e-16]
(d, V, nconv, niter, nmult, resid) = eigs(A_imp, nev = n_ev, which = :SM, tol = 1.0e-12, maxiter = 1000) = (ComplexF64[0.32324462248150904 + 0.0im, 0.39485410732879356 + 0.0im], ComplexF64[-2.0253746680816366e-16 + 0.0im -5.42220400298789e-17 + 0.0im; -1.6893502900185523e-16 + 0.0im 1.0829538179378258e-16 + 0.0im; 7.707567786411504e-16 + 0.0im -1.9922147414503733e-15 + 0.0im; -3.688196667657333e-16 + 0.0im 8.228814255238176e-16 + 0.0im; 4.643886186928052e-15 + 0.0im 2.2292517435622795e-15 + 0.0im; 5.244038164966437e-15 + 0.0im 3.449267501299168e-15 + 0.0im; -1.3431528998346062e-14 + 0.0im 4.540085088253738e-15 + 0.0im; 1.4950313416769732e-15 + 0.0im -1.0978996722593657e-15 + 0.0im; 0.9557935634958884 + 0.0im -1.555719010071196e-14 + 0.0im; -2.6784918507510062e-14 + 0.0im -0.9607758625587994 + 0.0im; -6.120887584727085e-17 + 0.0im -2.3451895062226517e-16 + 0.0im; 7.216536829243229e-17 + 0.0im 6.054992300080006e-17 + 0.0im; 1.7298449682457087e-16 + 0.0im 1.6655207002465076e-16 + 0.0im; 1.5657548321588678e-16 + 0.0im 9.390506349440032e-19 + 0.0im; -3.1325563168973405e-17 + 0.0im -1.1896790216026776e-17 + 0.0im; 2.2894159219060307e-16 + 0.0im -7.043218376311725e-17 + 0.0im; 1.3299545645699584e-16 + 0.0im -9.443264461284022e-17 + 0.0im; 1.4824874615709125e-17 + 0.0im 1.85930548351445e-17 + 0.0im; 0.00025041309699009093 + 0.0im -1.3746406048954218e-16 + 0.0im; -1.255402578409974e-16 + 0.0im 6.06028636866143e-5 + 0.0im; 2.0898114504299895e-16 + 0.0im 1.1477768674658532e-18 + 0.0im; -2.6594521305473747e-17 + 0.0im -1.5017385740260475e-16 + 0.0im; 1.000503280669844e-16 + 0.0im 9.910265150375614e-17 + 0.0im; 9.455884253402309e-17 + 0.0im -4.807029543820633e-17 + 0.0im; -4.82206152916155e-17 + 0.0im 3.7834164795621854e-17 + 0.0im; 5.698060418612375e-17 + 0.0im 7.949143868850128e-17 + 0.0im; -1.0441810677706623e-17 + 0.0im 2.5409717397833914e-17 + 0.0im; 1.9171288035202172e-16 + 0.0im -0.0004601014666074852 + 0.0im; -0.0003195670339348797 + 0.0im -1.3661922390166352e-16 + 0.0im; -1.1869844035546781e-17 + 0.0im 2.913736703388487e-16 + 0.0im; 1.98065106439171e-16 + 0.0im 4.1795005181074413e-16 + 0.0im; -2.50493889375861e-16 + 0.0im -2.0062557299653312e-16 + 0.0im; 1.7255514277961468e-15 + 0.0im 1.0645413823086035e-15 + 0.0im; 4.0034723675355564e-16 + 0.0im -1.493202367868328e-16 + 0.0im; -2.680490418236265e-16 + 0.0im 9.567464586915761e-17 + 0.0im; 0.08497014727841933 + 0.0im -1.0979127416448452e-15 + 0.0im; -1.571976447279455e-15 + 0.0im -0.06896895753479972 + 0.0im; 4.9690189392831945e-17 + 0.0im -1.618179934829786e-15 + 0.0im; -6.750775012207164e-16 + 0.0im -6.790270502255151e-16 + 0.0im; -6.683625254872553e-16 + 0.0im -8.93942798296103e-16 + 0.0im; 1.841226426671825e-16 + 0.0im 3.265948726206498e-16 + 0.0im; -8.124737843975034e-16 + 0.0im -5.358520492583327e-16 + 0.0im; -2.7665374825366105e-15 + 0.0im -0.052882718316297296 + 0.0im; 0.016847425635776576 + 0.0im -8.937618929983802e-16 + 0.0im; 2.18639270009291e-15 + 0.0im 7.211228717695899e-16 + 0.0im; 2.0393128200279254e-16 + 0.0im -9.180772917257064e-16 + 0.0im; -7.662913410846351e-16 + 0.0im 1.5231210140564151e-16 + 0.0im; -6.105298361577749e-16 + 0.0im 1.8165853786344603e-15 + 0.0im; -7.72935296809543e-15 + 0.0im -0.10895778980783427 + 0.0im; 0.08512982481941539 + 0.0im -9.751569460978493e-16 + 0.0im; -1.4144210768514065e-16 + 0.0im -8.904055816189236e-16 + 0.0im; -2.1683091807461386e-15 + 0.0im 5.872867973053482e-16 + 0.0im; 3.8560495704702e-16 + 0.0im 1.4117549928175412e-15 + 0.0im; 0.21479524192535823 + 0.0im -4.215283844337014e-15 + 0.0im; -3.1326549644566673e-15 + 0.0im -0.15548111109522647 + 0.0im; -2.276092812805826e-15 + 0.0im 3.2238218318617217e-15 + 0.0im; 7.776077532540554e-16 + 0.0im -1.1016036381196222e-15 + 0.0im; 0.14167262389556604 + 0.0im -2.5524913862995682e-15 + 0.0im; -4.389681759610643e-15 + 0.0im -0.16065591708116525 + 0.0im; -2.690188737644427e-15 + 0.0im -1.0985478477173125e-15 + 0.0im; -3.3779346077830788e-15 + 0.0im -0.08660096995973696 + 0.0im; 0.07415876267807014 + 0.0im -4.223506128709811e-15 + 0.0im; 2.9289196598666793e-16 + 0.0im -5.0152552804003306e-15 + 0.0im; -6.701680076576359e-16 + 0.0im -2.063065665369619e-16 + 0.0im; 1.0583206936227558e-15 + 0.0im 3.1056182380984718e-15 + 0.0im], 2, 10, 180, [0.032539384712112165, -0.37246156537112785, 0.3299525360364777, -0.7915698201378519, 0.3863962722206491, -0.8953354099831267, -0.2767653209862783, -0.3422751552171499, -0.010460366809302285, 0.16956872055403804, -0.008684383287645812, 0.002788174534365005, -0.36058819558827654, -0.9480113163796839, 0.12302599152926033, -0.20007569025279495, 0.05049517532355421, -0.16420912569388402, 0.0694108763917552, -0.09318429600059634, 0.010453153898496284, 0.814193664985698, 0.818485646932254, 0.06027357090516872, 0.2020246181714403, 0.39350125949497494, -0.12597297943934702, -0.16682007344013347, -0.05290175983036336, 0.9846176498766086, -1.790185422708379, 1.8181138746727428, -1.590025190556817, -0.14863274695503256, 0.5575287809904085, 0.009943594849443214, 0.042041434218666233, 2.6922219975897645, -0.0516122996348257, 1.9805177008163322, -0.630395519369162, 0.43527802268945304, -0.28172027661503274, 0.003743922423010518, 0.27194424299922654, 0.03345357254674447, -0.4717519357887914, -0.374786543550208, 0.40123584175681465, 0.035489633397064346, 0.5401764903421429, -0.2218649254435064, -0.7627612180480295, 0.0022186748390430333, -0.06295583916535646, -0.3091693642081568, 0.061027498295115896, 0.0170988309350745, -1.1730449478065663, 0.48517153067871055, 0.042487266547879064, 0.04228032687638667, 0.23444692460569894, -0.16873043274242056, 0.5295160758539019])
[2.0253746680816366e-16, 1.6893502900185523e-16, -7.707567786411504e-16, 3.688196667657333e-16, -4.643886186928052e-15, -5.244038164966437e-15, 1.3431528998346062e-14, -1.4950313416769732e-15, -0.9557935634958884, 2.6784918507510062e-14, 6.120887584727085e-17, -7.216536829243229e-17, -1.7298449682457087e-16, -1.5657548321588678e-16, 3.1325563168973405e-17, -2.2894159219060307e-16, -1.3299545645699584e-16, -1.4824874615709125e-17, -0.00025041309699009093, 1.255402578409974e-16, -2.0898114504299895e-16, 2.6594521305473747e-17, -1.000503280669844e-16, -9.455884253402309e-17, 4.82206152916155e-17, -5.698060418612375e-17, 1.0441810677706623e-17, -1.9171288035202172e-16, 0.0003195670339348797, 1.1869844035546781e-17, -1.98065106439171e-16, 2.50493889375861e-16, -1.7255514277961468e-15, -4.0034723675355564e-16, 2.680490418236265e-16, -0.08497014727841933, 1.571976447279455e-15, -4.9690189392831945e-17, 6.750775012207164e-16, 6.683625254872553e-16, -1.841226426671825e-16, 8.124737843975034e-16, 2.7665374825366105e-15, -0.016847425635776576, -2.18639270009291e-15, -2.0393128200279254e-16, 7.662913410846351e-16, 6.105298361577749e-16, 7.72935296809543e-15, -0.08512982481941539, 1.4144210768514065e-16, 2.1683091807461386e-15, -3.8560495704702e-16, -0.21479524192535823, 3.1326549644566673e-15, 2.276092812805826e-15, -7.776077532540554e-16, -0.14167262389556604, 4.389681759610643e-15, 2.690188737644427e-15, 3.3779346077830788e-15, -0.07415876267807014, -2.9289196598666793e-16, 6.701680076576359e-16, -1.0583206936227558e-15]
Projection L1|R2: 1.1124457788802862e-14
scalar = l1_vec' * r1_vec = -0.9970752448677364
Check <L1|R1>: 0.9999999999999998
t before projection
65-element Vector{Float64}:
 -4.890921608020586e-5
  1.1985269475256562e-16
  0.0032898799038956887
 -4.0212598035210503e-16
  7.142445516935309e-17
 -0.0025011216448676513
 -0.021777989725033347
 -8.981044527816314e-16
  5.73133373279513e-16
  1.1318458381247143e-29
 -0.0005220194734811734
 -1.1646109083300695e-18
 -0.0004001313322479636
  5.724323413515755e-18
  7.120121273434058e-18
  0.00017098899941918818
 -9.490356192946465e-5
  1.945776059567711e-18
  1.6894505937783845e-19
 -4.414495021184641e-33
 -0.00036956280976583906
  6.556262421546017e-18
 -0.000746025558729468
 -0.00021618420870988506
  3.1037864755393297e-18
 -5.996268154770489e-19
  0.00041808777892068206
 -5.089308919811984e-33
 -1.846076482571888e-19
 -0.031827790714573805
  2.2617591082718562e-18
  8.188840055533275e-16
 -0.0316263252935735
 -0.038674644768588194
 -5.249187801028043e-16
  4.92507904141778e-17
  2.494324447496645e-31
 -0.019173426845593547
 -0.02219533022231008
 -3.6810622755412855e-16
 -4.101151554969734e-16
  0.0033946939604822686
  1.442004796390544e-31
  8.526414885351019e-18
 -0.058453048487910546
  1.2586894477074825e-15
  1.3400070339129264e-15
 -0.05536481240147243
 -2.216550639640694e-30
  8.210123493841614e-17
 -0.10015725529832528
 -0.0722549361659329
 -1.414162279931505e-15
  9.602481168323524e-17
  1.1267281022244019e-30
 -0.07981835819859126
 -1.0182129762273265e-15
  8.801220262928291e-17
  9.62848598399873e-31
 -0.055380013885353796
  8.15773448697082e-31
  5.132039358863512e-17
 -0.026473018791391523
 -1.0869899409766937e-16
 -0.012744374860539164
t after projection
65-element Vector{Float64}:
 -4.890921608020586e-5
  1.1985269475256547e-16
  0.0032898799038956887
 -4.0212598035210473e-16
  7.142445516935357e-17
 -0.0025011216448676513
 -0.021777989725033347
 -8.981044527816375e-16
 -5.861979318277999e-16
  4.1664257147229473e-29
 -0.0005220194734811734
 -1.1646109083300932e-18
 -0.0004001313322479636
  5.7243234135157504e-18
  7.120121273434283e-18
  0.00017098899941918818
 -9.490356192946465e-5
  1.9457760595676703e-18
 -1.7279615471656418e-19
 -7.424740842253666e-32
 -0.00036956280976583906
  6.5562624215462085e-18
 -0.000746025558729468
 -0.00021618420870988506
  3.1037864755393443e-18
 -5.996268154771757e-19
  0.00041808777892068206
  7.151350004215121e-32
  1.888157729054872e-19
 -0.031827790714573805
  2.2617591082715654e-18
  8.188840055533271e-16
 -0.0316263252935735
 -0.038674644768588194
 -5.249187801028044e-16
 -5.037346019254056e-17
  2.3685507452105407e-30
 -0.019173426845593547
 -0.02219533022231008
 -3.6810622755412766e-16
 -4.101151554969733e-16
  0.0033946939604822686
  2.296819382906229e-30
 -8.720774648747913e-18
 -0.058453048487910546
  1.2586894477074833e-15
  1.3400070339129258e-15
 -0.05536481240147243
  7.768437696499372e-30
 -8.397272932293899e-17
 -0.10015725529832528
 -0.0722549361659329
 -1.4141622799315053e-15
 -9.821369469513755e-17
  4.693594389519229e-30
 -0.07981835819859126
 -1.0182129762273278e-15
 -9.001843679534e-17
  5.095682683361148e-30
 -0.055380013885353796
  4.430891324668742e-30
 -5.249024158467656e-17
 -0.026473018791391523
 -1.0869899409766921e-16
 -0.012744374860539164
Omega original restricted
65-element Vector{Float64}:
  4.8522153979966713e-11
  1.9593361956562244e-21
 -1.0829830422738014e-11
 -3.7769279877267626e-24
 -1.7258127647898035e-23
  3.986398367812379e-11
  4.7437376135168476e-11
 -2.0651233958579483e-23
 -1.8526228114096237e-16
 -3.209923359899898e-30
  1.1183505648716652e-12
  4.715677270636008e-23
 -6.234966030297794e-12
 -4.4290319217345534e-24
 -1.6382486763388738e-23
 -2.277297768973902e-12
  7.065137228129432e-12
 -1.68702195325609e-23
 -5.461052683734377e-20
 -6.069648664769932e-31
 -1.2821417936134779e-12
 -3.3175027766740404e-23
 -1.9740868031002724e-12
  6.391402152051728e-13
 -5.2307181983461107e-23
 -3.9941732701170116e-23
  2.0783117436663855e-12
 -8.542689780555452e-32
  5.967349086826396e-20
 -3.138302144538866e-11
  7.69982470569926e-24
 -2.4336487068892054e-25
 -1.5479692429223824e-11
 -2.659874354542645e-11
 -5.809660120467496e-24
 -1.5920053453213682e-17
  8.033978014531647e-31
  1.2292276775226115e-11
 -6.29040726726704e-11
 -6.181539179952992e-24
 -4.099875609219253e-24
  3.1168475352810463e-11
  5.294815275144953e-31
 -2.756117077662257e-18
 -5.2199954003937636e-12
  4.3251381106831626e-24
  2.4207547892550383e-24
 -5.077923255908698e-11
  1.5115697941161895e-30
 -2.6538783278123904e-17
 -7.41433435035605e-11
  1.6568699783448122e-12
  1.3419914163994836e-24
 -3.103950359256414e-17
  1.3305186035069794e-30
 -1.4106919334981525e-12
  5.876531640840266e-24
 -2.844947175172027e-17
  7.816511665685879e-31
  2.7429780092558956e-11
  6.804308462154894e-31
 -1.6589040439910773e-17
 -1.2031626868352136e-11
  1.320442397793137e-24
 -1.6352238100595515e-11
Omega restricted
65-element Vector{Float64}:
 -4.6789737548023044e-12
 -1.8793663014000172e-22
  1.283674767478292e-11
  4.201637991316244e-24
  3.365523887844058e-23
 -7.017673357345716e-11
 -1.0378499087789698e-10
  4.0308214674468934e-23
  7.367668343667682e-25
 -3.690744189753651e-30
 -5.3921070196752665e-14
 -1.1338067991579764e-24
  2.7800132891943093e-13
  1.9651094277479393e-25
  7.526608212237931e-25
  1.0409736096123894e-13
 -3.262640809530106e-13
  7.751013974652246e-25
 -2.537539619193683e-27
  2.7495771174123104e-32
  6.149057231385153e-14
  1.4719370199448784e-24
  8.716051245593091e-14
 -2.921568298775217e-14
  2.3789905672780343e-24
  1.8351209207761784e-24
 -9.500551107538584e-14
  3.895030082808557e-33
 -2.822970857727761e-27
  1.8599364525640687e-11
 -2.2093219441718097e-24
  8.970655743375208e-26
  5.482604616689747e-12
  1.0224528774471773e-11
  2.142218402107306e-24
  1.559704323783088e-25
 -4.204518985601046e-31
 -6.8372625734296555e-12
  2.227939352287653e-11
  2.1069081534795587e-24
  1.511762940686181e-24
 -1.1042852199351492e-11
 -3.0616775859915073e-31
 -2.687418080370894e-25
  5.089781295967835e-12
 -2.0008170305460837e-24
 -1.247985047279334e-24
  2.4767340480787013e-11
 -6.7725024598474215e-31
  3.686686653771337e-25
  6.526113528074233e-11
 -8.081308207702855e-13
 -6.210712243033811e-25
 -2.1904299323567805e-25
 -1.0391017896151725e-30
  1.5431782001648925e-12
 -3.03099391838513e-24
  4.441122784028079e-25
 -8.44695666798043e-31
 -2.676947697870659e-11
 -7.453089647292074e-31
 -4.980867860808336e-25
  1.3906080422525195e-11
 -7.1726865971116915e-25
  1.6759058851227135e-11
Omega resricted on L27.201286376411289e-25
Omega resricted on L1 (<L1|H|HF>): 1.8512940864577462e-24
Omega resricted on R1 (<R1|H|HF>): 1.8512940864577462e-24
<L1[D]|R1[S]H[S]|HF> additional: 1.0762626206168799e-11
<L1|H|R1> with nuclear repulsion : -74.68951559126549
<HF|H|R1>: -4.548979929974188e-16
L1 * A * R1: 0.32324462248150926
Reduced matrix[-75.01276021375776 -4.548979929974188e-16; 1.932239382982365e-16 -74.68951559126549]
Matrix
2×2 Matrix{Float64}:
 -75.0128        -4.54898e-16
   1.93224e-16  -74.6895
NEW E0 FROM MATRIX: -75.01276021375776
NEW E1 FROM MATRIX: -74.68951559126549
[1.0 -1.407287117385223e-15; 0.0 1.0]
Evaluating remaining element <mu_tilde|H|R1>
Norm of element <mu_tilde|H|R1>: 5.6191110305617545e-11
65-element Vector{Float64}:
 -1.7960974696960276e-27
 -1.302550873218433e-27
 -1.6848555638877564e-26
  2.4517155026227747e-27
  4.234790968824824e-27
 -3.271573842378973e-26
  1.4690921470296067e-25
 -5.441532608381237e-26
 -1.0319159753604017e-11
  2.701066933475978e-25
  4.363183883803195e-27
  4.862931218999302e-27
  6.685621249920136e-26
 -9.589147396693086e-27
 -1.4492232681444072e-26
  1.3463373884015895e-25
 -5.676841771118069e-25
  2.1162338282685943e-25
  4.0197224925574045e-11
 -1.052874028971537e-24
 -4.522058739365934e-27
  2.506963598257516e-27
  2.7732543417343856e-27
  8.810477996094055e-28
  4.5371803836794804e-27
  1.262316739850656e-27
  8.21008179155533e-28
  1.7452680120267366e-21
  3.323826348636656e-15
  1.2322997222018603e-26
 -4.095997053057563e-27
 -6.299477772004176e-27
  6.421018486503158e-26
 -6.767751044363286e-26
  3.260319807751629e-26
  5.459503430265257e-12
 -1.4725268638423348e-25
 -2.8866746234828363e-27
 -6.2316565256727444e-27
 -5.925760050442123e-28
 -3.732761930394586e-27
  5.5651847031427966e-27
  8.48440726342481e-24
 -1.5351651708100801e-13
 -9.592395698545422e-27
 -8.149652023485485e-27
 -1.3104727804151878e-26
  1.479997183168533e-26
 -8.44988861063196e-24
 -1.4782174522308927e-12
  1.1439457578817796e-25
 -4.241713900100337e-25
  1.8171410994936774e-25
  3.3185661667412e-11
 -8.82149445986789e-25
 -2.535789984606928e-25
  8.806465262535566e-26
  1.7348835760571977e-11
 -4.588025602714558e-25
  1.441870062946828e-26
 -1.1992464187687644e-23
 -9.240141482915867e-13
 -1.8167771933029239e-16
  1.4383329626586018e-27
 -4.395249692560266e-27
Evaluating remaining element <HF|H|nu_tilde>
Norm of element <HF|H|nu_tilde>: 0.6310595109106983
65-element Vector{Float64}:
  0.00021215213307738642
 -4.977167999857215e-15
 -0.002536984218823395
  1.2009302214178685e-15
  2.403028515903951e-16
 -0.006432734253011429
 -0.004494612198543437
  6.333275887627582e-16
  3.9549538246062126e-16
 -1.0172130466173756e-29
  0.05239336012754763
 -4.987329993433287e-18
  0.019651963684992408
 -2.6454533008646303e-16
  4.770489558936218e-17
 -0.029156979521037844
 -0.003541965152492765
 -1.3140530330524314e-16
  1.1424655844922817e-19
 -5.727552822738434e-32
  0.039043531449969804
 -1.5525775109992423e-16
  0.03820659895705575
  0.02369421286935847
  2.2724877535296173e-16
  4.917941054394248e-16
 -0.0224954053985897
  8.746562002495357e-32
 -1.4579682236960804e-19
  0.19030556275555352
 -1.9862583799934431e-16
 -2.581268532253489e-15
  0.2150135516546591
  0.1205037915945526
  2.8622937353617317e-15
  3.876613090196156e-17
 -7.171865258789918e-31
  0.1356328370711587
 -0.016737182000169673
  1.7971735211119718e-15
  9.992007221626409e-16
 -0.03437710461989834
 -1.2621839272772005e-30
  7.68634077351369e-18
  0.14998000751864307
 -3.5318969970887792e-15
 -3.1988300897012327e-15
  0.01676122299106253
 -3.5263809531462844e-30
  3.883898096347874e-17
  0.31889801799346934
  0.2912998997620643
  3.899658373995862e-15
  9.799654034154853e-17
 -1.429218570433741e-30
  0.19114032976697187
  2.2273849431542207e-15
  6.463563567995321e-17
 -2.0027148729473732e-30
  0.14190557721937125
 -1.5411230811982302e-30
  3.383362738075094e-17
  0.06920626869936716
  8.153200337090963e-17
  0.0500826884913902
Evaluating remaining element <L1|H|nu_tilde>
Norm of element <L1|H|nu_tilde>: 3.3012722204679233e-12
65-element Vector{Float64}:
 -4.758878193710432e-20
  4.048946123515684e-27
 -1.6147824694582518e-17
 -8.882371795692385e-27
 -6.083274024056212e-26
 -4.081993553077376e-17
 -2.692362877308267e-17
  1.2191819080104619e-26
  9.081270317348242e-13
 -2.0553118052906496e-24
  6.607006388282724e-28
 -7.7896717219670185e-28
 -1.8672286654073095e-27
 -1.6901065466993774e-27
  3.3813428707691184e-28
 -2.47124055328387e-27
 -1.4355791023127042e-27
 -1.6002261099498346e-28
 -2.70300819713055e-15
  1.3551062228487458e-27
 -2.255783562787482e-27
  2.870664911360573e-28
 -1.0799629098527583e-27
 -1.0206867354496054e-27
  5.205028010538648e-28
 -6.150598432902193e-28
  1.1271095719024301e-28
 -2.0693865189787927e-27
  3.4494693873494066e-15
  1.2812542998904615e-28
 -2.1379536961351474e-27
  2.703880286025369e-27
 -1.862594133440183e-26
 -4.321426776995803e-27
  2.893374052679532e-27
 -9.171844738378279e-13
  1.6968222803700503e-26
 -5.363656728030848e-28
  7.286919260338096e-27
  7.21443649218721e-27
 -1.9874560012587013e-27
  8.770001751414117e-27
  2.9862549454676824e-26
 -1.8185442431492896e-13
 -2.3600352623454793e-26
 -2.201274348388825e-27
  8.271499379379082e-27
  6.590179074349852e-27
  8.343215543595959e-26
 -9.18908064606034e-13
  1.5267539161798949e-27
  2.3405155560622147e-26
 -4.162295711687608e-27
 -2.318542067517569e-12
  3.381449352883949e-26
  2.4568593274047205e-26
 -8.393650957007074e-27
 -1.529242153471956e-12
  4.738308787216328e-26
  2.9038426093060605e-26
  3.6462090217948695e-26
 -8.004842630727687e-13
 -3.1615334599171287e-27
  7.233925221670496e-27
 -1.1423721620153106e-26
Building the whole matrix...
(d, V, nconv, niter, nmult, resid) = eigs(A_imp, nev = n_ev, which = :SM, tol = 1.0e-12, maxiter = 1000) = (ComplexF64[-4.4299222210166086e-15 + 0.0im, 0.32324462249227376 + 0.0im], ComplexF64[-1.0000000000000002 + 0.0im -2.528165747833782e-15 + 0.0im; -9.151636892656744e-15 + 0.0im -0.9999999999999991 + 0.0im; -8.625603852325743e-17 + 0.0im 1.184936854590398e-15 + 0.0im; 1.483904427199918e-17 + 0.0im -6.092533820458579e-17 + 0.0im; 6.964101385942852e-17 + 0.0im -3.4199751482697615e-15 + 0.0im; 2.0420463548167926e-17 + 0.0im 5.226294359739457e-16 + 0.0im; -8.049826077440724e-17 + 0.0im 1.763810812687829e-14 + 0.0im; -9.129590335047259e-17 + 0.0im -1.5557809411530309e-15 + 0.0im; -7.46796451232839e-17 + 0.0im -2.5977335228575713e-16 + 0.0im; -1.859062511616582e-16 + 0.0im -3.812727167435931e-14 + 0.0im; 1.1102230246251565e-16 + 0.0im -1.0108618197532005e-11 + 0.0im; 2.0790518640827806e-15 + 0.0im 2.1855877385682925e-13 + 0.0im; -4.4098893982481163e-16 + 0.0im 2.686245668646549e-16 + 0.0im; -1.6106604452077266e-16 + 0.0im -4.747521500595425e-17 + 0.0im; 6.887015232275291e-17 + 0.0im -4.95266162759846e-16 + 0.0im; 1.3556411262254974e-16 + 0.0im 1.1172929827369284e-15 + 0.0im; 2.019593914541826e-17 + 0.0im 2.4350078102661586e-16 + 0.0im; -3.4139934455830002e-18 + 0.0im -3.0432973735143107e-16 + 0.0im; -5.237956711666614e-17 + 0.0im 1.1314394977555073e-15 + 0.0im; -1.6418544313484057e-17 + 0.0im -7.471174753738259e-16 + 0.0im; 1.485356976305141e-16 + 0.0im 2.030885831024623e-12 + 0.0im; 2.8633030748064205e-17 + 0.0im 9.370877858725036e-18 + 0.0im; -7.025391383649282e-17 + 0.0im -1.3013888591591737e-16 + 0.0im; -3.150833949779724e-17 + 0.0im -9.989545209959964e-16 + 0.0im; -1.3169190648228727e-16 + 0.0im 1.2776724367193202e-15 + 0.0im; -1.034120241923486e-17 + 0.0im 4.3821529235174065e-16 + 0.0im; -8.937006503837345e-17 + 0.0im -1.6137334412865066e-16 + 0.0im; -8.148852659070748e-17 + 0.0im -6.664372278073703e-16 + 0.0im; 1.9088146764665668e-17 + 0.0im -8.37732440916043e-16 + 0.0im; -5.583223496899521e-18 + 0.0im 3.854773295356942e-17 + 0.0im; -6.7220534694101275e-18 + 0.0im 7.825130846731383e-15 + 0.0im; 2.7022466027549057e-16 + 0.0im -1.8202857975285933e-15 + 0.0im; 5.4813664747450276e-17 + 0.0im 3.2856905678201805e-16 + 0.0im; 1.8571940524398676e-16 + 0.0im -1.1765215009701563e-15 + 0.0im; -9.776816080397444e-17 + 0.0im 9.108857395277215e-16 + 0.0im; -1.5872821454421248e-16 + 0.0im 2.7360325538037575e-15 + 0.0im; -2.2747218632625546e-16 + 0.0im -7.901057873831548e-16 + 0.0im; 9.71445146547012e-17 + 0.0im 3.3237669880793612e-12 + 0.0im; 1.7540091641036643e-17 + 0.0im 9.31784448352598e-15 + 0.0im; -4.313840455013133e-16 + 0.0im -7.140447399165333e-16 + 0.0im; -4.91367255242062e-17 + 0.0im -1.7670063597738404e-15 + 0.0im; 3.50693461289232e-16 + 0.0im 3.5161512380032553e-15 + 0.0im; 4.055549040950885e-17 + 0.0im 1.7309528180733026e-17 + 0.0im; 2.0618072568850882e-16 + 0.0im 2.707229329022612e-15 + 0.0im; 1.2125001138837917e-16 + 0.0im 1.7036854098939696e-14 + 0.0im; -1.0581813203458523e-16 + 0.0im 2.0847410356492614e-12 + 0.0im; 2.3800124170667443e-16 + 0.0im 8.546376213700698e-16 + 0.0im; -5.975355297279716e-17 + 0.0im 4.5511723594141624e-15 + 0.0im; -2.338073459700264e-16 + 0.0im -6.2810317389655145e-15 + 0.0im; -1.1819333339666688e-17 + 0.0im 4.076941124847492e-15 + 0.0im; 2.3261904488714437e-16 + 0.0im 2.968280148294483e-14 + 0.0im; -8.326672684688674e-17 + 0.0im -2.4719799647517267e-12 + 0.0im; -3.4789038554773285e-16 + 0.0im -2.8454322186286207e-15 + 0.0im; 4.1721678315254327e-17 + 0.0im -2.4086144755092893e-15 + 0.0im; 2.1909398436002722e-17 + 0.0im 3.734873703513103e-16 + 0.0im; 2.7755575615628914e-17 + 0.0im 3.283466945004377e-11 + 0.0im; 3.0719367783841965e-16 + 0.0im 3.2646649990348276e-14 + 0.0im; -2.7138808721195258e-16 + 0.0im 1.0313793510026368e-15 + 0.0im; -1.2229883462433265e-16 + 0.0im -9.469982303348257e-15 + 0.0im; -2.7755575615628914e-17 + 0.0im 1.698192303090792e-11 + 0.0im; 2.1146722646619065e-16 + 0.0im 2.76082043364522e-14 + 0.0im; 6.111570107282843e-17 + 0.0im -1.3433632778574556e-15 + 0.0im; 1.8501817547614927e-16 + 0.0im 2.6052358478706563e-14 + 0.0im; 1.1102230246251565e-16 + 0.0im 1.2864999055078017e-12 + 0.0im; -2.498508676132084e-17 + 0.0im -1.1160260431606396e-16 + 0.0im; 6.109178810791697e-17 + 0.0im 8.845813260370993e-16 + 0.0im; 3.5135224944307546e-16 + 0.0im 1.6316382680050044e-15 + 0.0im], 2, 11, 193, [-3.969630911738152e-15, 8.451303382690328e-12, -2.9982057532152826, 0.04803626571088548, 0.365231843847447, 0.03005720425843992, -0.38570690720200757, 0.15052731918037357, -0.042237605825258276, 0.9710830103981969, -0.08330354129388479, -1.7574570335389494, 0.11832877487316186, -0.022954718017081224, 1.111308622531528, -2.824168302769517, -0.24029976604854145, 0.4050161385225823, -2.1398891748575224, 1.4454162642476838, 0.2608665208458843, 0.014977659692561875, -0.11414121186914603, 2.407292178250138, -2.7311538975353287, -0.818870770310559, 0.6444512783567152, 1.224658763381186, 1.3956269063192923, 0.026728247517431254, 0.3923434232981782, 0.39898143578950734, -0.049952104056298054, 0.08973411321513675, -0.19414120971526033, -0.5202248769176874, -0.062347379999471104, 0.10819997619588774, 0.5012352618871597, 0.22852773175248706, 0.24604283273335265, -0.16876816152775218, -0.08347140571890825, -0.5289836153176994, -0.6711142837632236, -0.022570152730978902, -0.07938097378534788, -0.11022671853881937, 0.16204216451930933, -0.3769306469664047, -0.49155638557198944, 0.0049396416821905565, 0.4327987758970214, 0.39873029216104844, -0.0028067299736758058, -0.12571286858654718, -0.0020102059426736307, 0.11412594893561628, 0.2329911019989231, 0.6781186866678317, 0.13717385092580195, 0.10612359410282315, 0.07265069446458121, -0.1048473948417867, -0.004495618439269431, -0.03112987214978371, -0.10118896518876336])
The first 2 eigvals are: ComplexF64[-75.01276021375776 + 0.0im, -74.68951559126549 + 0.0im]
NEW E0 FROM FULL MATRIX: -75.01276021375776 + 0.0im
NEW E1 FROM FULL MATRIX: -74.68951559126549 + 0.0im
Omega tilde, projection removed
65-element Vector{Float64}:
 -4.6789737548023044e-12
 -1.8793663014000172e-22
  1.283674767478292e-11
  4.201637991316245e-24
  3.365523887844058e-23
 -7.017673357345716e-11
 -1.0378499087789698e-10
  4.030821467446892e-23
 -1.0382459797092416e-24
 -3.690744143292229e-30
 -5.3921070196752665e-14
 -1.1338067991579764e-24
  2.7800132891943093e-13
  1.9651094277479393e-25
  7.5266082122379345e-25
  1.0409736096123894e-13
 -3.262640809530106e-13
  7.751013974652245e-25
 -3.0607679935532528e-27
  2.74957710672043e-32
  6.149057231385153e-14
  1.4719370199448787e-24
  8.716051245593091e-14
 -2.921568298775217e-14
  2.3789905672780343e-24
  1.835120920776178e-24
 -9.500551107538584e-14
  3.895030200092518e-33
 -2.251234931405563e-27
  1.8599364525640687e-11
 -2.20932194417181e-24
  8.970655743375145e-26
  5.482604616689747e-12
  1.0224528774471773e-11
  2.142218402107306e-24
  3.439123475823662e-27
 -4.204518953155945e-31
 -6.8372625734296555e-12
  2.227939352287653e-11
  2.10690815347956e-24
  1.5117629406861813e-24
 -1.1042852199351492e-11
 -3.06167755303349e-31
 -2.951483945710306e-25
  5.089781295967835e-12
 -2.0008170305460826e-24
 -1.2479850472793349e-24
  2.4767340480787013e-11
 -6.772502306970654e-31
  1.1439845517089741e-25
  6.526113528074233e-11
 -8.081308207702855e-13
 -6.210712243033814e-25
 -5.164349779856133e-25
 -1.0391017841540646e-30
  1.5431782001648925e-12
 -3.0309939183851324e-24
  1.7153560865817407e-25
 -8.44695660470401e-31
 -2.676947697870659e-11
 -7.453089591942231e-31
 -6.57027726309254e-25
  1.3906080422525195e-11
 -7.172686597111689e-25
  1.6759058851227135e-11
Omega_tilde on L1: 1.7522577623729755e-40
Omega_tilde on R1: 1.348977735861146e-25
DIIS dimension: 8
t at step 21 : 
2×5 Matrix{Float64}:
 -4.89092e-5    0.00328988    7.14245e-17  -0.021778     -4.70623e-16
  1.19853e-16  -4.02126e-16  -0.00250112   -8.98104e-16   4.11549e-29
t2 at step 21 : 
2×5×2×5 Array{Float64, 4}:
[:, :, 1, 1] =
 -0.000522019  -0.000400131  7.12012e-18  -9.49036e-5   -1.38728e-19
 -1.16461e-18   5.72432e-18  0.000170989   1.94578e-18  -6.23554e-32

[:, :, 2, 1] =
 -1.16461e-18   6.55626e-18  -0.000216184  -5.99627e-19  6.80738e-32
 -0.000369563  -0.000746026   3.10379e-18   0.000418088  1.51589e-19

[:, :, 1, 2] =
 -0.000400131  -0.0318278     8.18884e-16  -0.0386746    -4.04418e-17
  6.55626e-18   2.26176e-18  -0.0316263    -5.24919e-16   2.26133e-30

[:, :, 2, 2] =
  5.72432e-18   2.26176e-18  -0.0221953    -4.10115e-16   2.16185e-30
 -0.000746026  -0.0191734    -3.68106e-16   0.00339469   -7.00139e-18

[:, :, 1, 3] =
  7.12012e-18   8.18884e-16  -0.058453      1.34001e-15   6.98988e-30
 -0.000216184  -0.0221953     1.25869e-15  -0.0553648    -6.74167e-17

[:, :, 2, 3] =
 0.000170989  -0.0316263     1.25869e-15  -0.0722549    -7.88499e-17
 3.10379e-18  -3.68106e-16  -0.100157     -1.41416e-15   4.53322e-30

[:, :, 1, 4] =
 -9.49036e-5   -0.0386746     1.34001e-15  -0.0798184    -7.22704e-17
 -5.99627e-19  -4.10115e-16  -0.0722549    -1.01821e-15   4.90368e-30

[:, :, 2, 4] =
 1.94578e-18  -5.24919e-16  -0.0553648    -1.01821e-15   4.26856e-30
 0.000418088   0.00339469   -1.41416e-15  -0.05538      -4.21413e-17

[:, :, 1, 5] =
 -1.38728e-19  -4.04418e-17   6.98988e-30  -7.22704e-17  -0.026473
  6.80738e-32   2.16185e-30  -7.88499e-17   4.26856e-30  -1.08699e-16

[:, :, 2, 5] =
 -6.23554e-32   2.26133e-30  -6.74167e-17   4.90368e-30  -1.08699e-16
  1.51589e-19  -7.00139e-18   4.53322e-30  -4.21413e-17  -0.0127444
Module of t 0.022166690061552793
Module of t2 0.2184140018337106
 --------------Energy at step 21 : -75.01276021375476
 --------------E_2 at step 21 : 8.00236697416617
E1 - E0 83.01512718792092
 --------------Difference at step 21 : 1.1752376849472057e-11
 --------------Module of omegas 1.7680444937234745e-10
Omega_bj_0 7.944259879384632e-11
Omega_bjck_0 1.5795153311930515e-10

######## END OF ITERATION 21 #########

global amplitudes = -(build_omega(F, g, L, t, t2, o, v)) = [-3.471619866415469e-11, -1.2022157312753854e-21, -1.3228540092818841e-11, -1.2515277608245499e-23, 3.018608378898551e-24, -2.332610355586681e-11, -7.8741635931661e-12, 5.2921970175433076e-24, 1.5212646150931627e-16, -1.69608843627393e-29, -2.6566067849839842e-14, 1.7231689580895815e-18, 8.480426201124975e-13, -4.2069000544992864e-18, -1.4320523486964413e-17, 2.215060231158982e-13, 7.662384045717053e-13, -3.3743881519205295e-18, 4.484299514171681e-20, 1.4575634671552882e-30, -2.675121041243712e-23, 9.10984859480987e-13, 1.2658436412839914e-18, 2.0917373720729316e-12, -6.694280836010886e-13, -2.040142143875497e-18, -8.165336251214231e-19, -5.813669036618848e-13, -1.0663467477078446e-30, -4.9000292658867075e-20, 8.48018321279166e-13, 2.140428021532893e-23, 3.4305251414057703e-12, 4.9308806292226454e-18, 5.2405656931422115e-18, -3.65109636989634e-12, -7.301971358812542e-12, -5.7345915209561945e-18, 1.3072608454614076e-17, -5.7495575289480144e-31, 4.1935626280189975e-24, 2.0917469075459217e-12, -5.7624808173833485e-25, 4.638345987881806e-12, -1.3981600499391699e-11, 3.3895909976604706e-17, -1.5092535963380494e-17, -4.85877962866744e-12, -4.751565458059487e-31, 2.263161847674001e-18, 9.809185002345334e-24, -6.694153950502275e-13, 1.2801972588539869e-24, -1.3981669238060875e-11, -7.798698197360408e-12, 3.3797388521240757e-17, -3.655027009342792e-18, -2.8347683463131883e-11, -2.3160749113013003e-30, 2.179208319464309e-17, 2.2150573511931815e-13, 3.228987750235655e-23, -3.6510662291420285e-12, 3.4369990621066296e-24, 4.7633048588882485e-26, -1.7947444093090077e-11, -1.132353680254727e-11, 1.783319975271791e-17, 2.548781046215567e-17, -5.792997151450361e-31, 7.66225441586098e-13, 2.3816454087278097e-23, -7.301949675192609e-12, 1.4471087560255352e-24, -3.4434599628856033e-25, -1.1323306956450694e-11, -6.3377539393727114e-12, 1.0439984518064703e-17, 2.3361027497016527e-17, -1.3736451056892828e-30, 1.027825309835166e-23, -5.813740644751121e-13, 3.542614767669782e-24, -4.858827495981597e-12, -2.8347759790541154e-11, -3.305836893088041e-24, -2.1968308351250326e-24, 3.808995023497919e-12, -1.1652607150405321e-30, 1.3621943246825004e-17, 4.4842995141757746e-20, -1.0690464247951663e-30, 1.3072608454613975e-17, -4.775057171451902e-31, -2.301605995887977e-30, 2.5487810462155763e-17, 2.3361027497016552e-17, -1.1550089981010605e-30, -1.2193407713881885e-13, 6.316981385258583e-18, 1.459989365664239e-30, -4.900029265886989e-20, -6.0223793830001744e-31, 2.2631618476739653e-18, 2.1792083194643016e-17, -6.025836068946649e-31, -1.3734489133835241e-30, 1.3621943246825028e-17, 1.1765986332995259e-24, 1.437612905820817e-12]
addition_t1 = reshape(amplitudes[1:n], (nv, no)) ./ pre_t[v, o] = [-3.34767047817266e-12 -1.5679971398327115e-11 5.8866169818329846e-24 -1.722734399051116e-11 2.1569446153905313e-25; -1.1531475493623224e-22 -1.3922602054043377e-23 -4.1063376098190806e-11 1.032959974709469e-23 -2.6603664634290206e-29]
addition_t2 = reshape(amplitudes[n + 1:end], (nv, no, nv, no)) ./ pre_t2[v, o, v, o] = [-1.2808781560791625e-15 3.7810987119744287e-14 4.506635277060151e-25 3.538386183166762e-14 2.5799968096239985e-28; -6.4318871871553025e-25 1.8606344889198876e-25 1.012522946179749e-14 4.722338270848347e-25 6.680835067470895e-32;;; -6.4318871871553025e-25 9.496827772445837e-25 -3.059958910992658e-14 1.0942457975682926e-24 -4.876511013226905e-32; 4.369016021298711e-14 9.235547905162231e-14 1.4685806250890584e-24 -2.657625367789798e-14 4.1227896952120475e-28;;;; 3.7810987119744287e-14 2.0331244310052374e-12 4.718924624209865e-25 -2.806861701427584e-12 -1.6733361429818513e-25; 9.496827772445837e-25 -1.6534371451991484e-25 -1.2931363239455408e-12 1.3062820010361745e-24 -1.2172884473633918e-31;;; 1.8606344889198876e-25 -1.6534371451991484e-25 -4.952034070709584e-12 5.335979966872422e-25 -7.32398864387218e-32; 9.235547905162231e-14 2.5799605724366313e-12 1.1714625570344509e-24 -1.7214609727591883e-12 1.447186114203867e-25;;;; 4.506635277060151e-25 4.718924624209864e-25 -7.604157699991236e-12 -1.7752263091212985e-25 -5.243229384237396e-31; -3.0599589109926576e-14 -4.952034070709583e-12 2.2035179716850987e-26 -1.382649132759009e-11 -1.1436854671674936e-25;;; 1.0125229461797488e-14 -1.2931363239455406e-12 2.2035179716850987e-26 -5.522891635523391e-12 -3.3899670733863604e-26; 1.4685806250890584e-24 1.1714625570344509e-24 -1.579738006887246e-11 -1.5299354884124307e-24 -6.370901083825581e-32;;;; 3.538386183166762e-14 -2.806861701427584e-12 -1.7752263091212988e-25 -6.9329691940582345e-12 -3.4056250973292596e-25; 1.0942457975682926e-24 5.335979966872421e-25 -5.5228916355233896e-12 -1.133080162455346e-24 -4.397873298465304e-31;;; 4.722338270848347e-25 1.3062820010361743e-24 -1.3826491327590087e-11 -1.133080162455346e-24 -3.60149343281493e-31; -2.657625367789798e-14 -1.721460972759188e-12 -1.5299354884124307e-24 3.71730302793044e-12 2.829420114139232e-25;;;; 2.5799968096239985e-28 -1.6733361429818513e-25 -5.243229384237396e-31 -3.4056250973292596e-25 -1.4093065729946797e-13; -4.876511013226905e-32 -7.32398864387218e-32 -3.3899670733863604e-26 -3.60149343281493e-31 6.391322251243886e-25;;; 6.680835067470895e-32 -1.2172884473633918e-31 -1.1436854671674936e-25 -4.397873298465304e-31 6.391322251243886e-25; 4.1227896952120475e-28 1.447186114203867e-25 -6.370901083825581e-32 2.829420114139232e-25 1.4733786987273204e-12]
(d, V, nconv, niter, nmult, resid) = eigs(A_imp, nev = n_ev, which = :SM, tol = 1.0e-12, maxiter = 1000) = (ComplexF64[0.3232446224942337 + 0.0im, 0.3948541073433246 + 0.0im], ComplexF64[-1.0169670629440517e-16 + 0.0im 7.664834420393972e-16 + 0.0im; -1.5698031616482026e-16 + 0.0im -8.712132333253556e-17 + 0.0im; 3.4055203542018426e-16 + 0.0im 7.63732770583766e-15 + 0.0im; 4.276591212666258e-17 + 0.0im -8.554703796181728e-15 + 0.0im; 4.158639127898759e-15 + 0.0im -2.080177814439656e-14 + 0.0im; 1.1068862763152447e-15 + 0.0im 1.4281453684271892e-15 + 0.0im; -2.5397426686440038e-15 + 0.0im -1.0308013175751456e-14 + 0.0im; -7.189712957641181e-15 + 0.0im 1.3868167253197934e-14 + 0.0im; -0.9587957024541027 + 0.0im -9.637607205321937e-15 + 0.0im; 1.8115941885659523e-14 + 0.0im -0.9597669029939556 + 0.0im; 2.330118743326591e-16 + 0.0im -1.7749436958406441e-16 + 0.0im; -1.0967674315079243e-16 + 0.0im -1.769182344415574e-16 + 0.0im; -4.13534576701735e-17 + 0.0im -8.468532051053459e-16 + 0.0im; 4.1886931187727054e-18 + 0.0im 2.991539545363439e-15 + 0.0im; 1.967835412616768e-16 + 0.0im 2.3804393485685533e-15 + 0.0im; 7.155541156443666e-17 + 0.0im 1.1235222895697692e-16 + 0.0im; -3.4053647706226936e-17 + 0.0im 5.631611260179851e-16 + 0.0im; -1.0682598162323484e-16 + 0.0im -2.362229117256507e-15 + 0.0im; -0.00028262844800321216 + 0.0im 2.620366613997961e-15 + 0.0im; -1.3902250323068413e-17 + 0.0im -0.00012979535830742473 + 0.0im; -7.990171148920631e-17 + 0.0im -6.462875480196083e-16 + 0.0im; 6.541334086014377e-17 + 0.0im -2.785648052941637e-15 + 0.0im; 1.506404599395241e-17 + 0.0im 3.817336188357798e-15 + 0.0im; -5.235386037383149e-17 + 0.0im 1.2216522586080807e-16 + 0.0im; 5.398437672738706e-17 + 0.0im 4.833927885887719e-17 + 0.0im; 1.7890860190407444e-16 + 0.0im 1.9351678622875545e-15 + 0.0im; 5.737932419760966e-17 + 0.0im -6.038529955506956e-16 + 0.0im; -6.683783933909795e-17 + 0.0im -0.00030647603495033546 + 0.0im; 0.0003088304178810864 + 0.0im -2.1607529884442157e-15 + 0.0im; 1.295380336268818e-18 + 0.0im 1.548124946231439e-14 + 0.0im; -6.047170787084118e-16 + 0.0im -5.7596126621099734e-15 + 0.0im; -3.153407384611464e-16 + 0.0im 9.926439497831925e-15 + 0.0im; 4.2103280162576383e-16 + 0.0im -6.827845052123329e-16 + 0.0im; 2.807677393690232e-16 + 0.0im -1.3383863631192812e-14 + 0.0im; -3.0933416484525954e-16 + 0.0im -3.123645588731596e-15 + 0.0im; -0.08239172264767697 + 0.0im -6.034023904429664e-15 + 0.0im; 1.5104876124361e-15 + 0.0im -0.0583416733138027 + 0.0im; 4.779145310722638e-16 + 0.0im 1.6522346287909623e-14 + 0.0im; 3.11928746310448e-16 + 0.0im -1.3376747510252024e-14 + 0.0im; 7.824341917617108e-16 + 0.0im -2.777524089606861e-15 + 0.0im; -6.533370661348403e-16 + 0.0im 2.1881307976561516e-15 + 0.0im; -3.4900487936469685e-16 + 0.0im 5.5011748721442534e-15 + 0.0im; 1.517909057809341e-15 + 0.0im -0.05916464243088691 + 0.0im; -0.014263852900979835 + 0.0im 1.822033008614236e-15 + 0.0im; 2.004461467951711e-16 + 0.0im 7.535830586673044e-15 + 0.0im; 1.090941925414935e-15 + 0.0im 8.74226440998498e-15 + 0.0im; -1.855544377757542e-15 + 0.0im -2.4000055501065078e-15 + 0.0im; -5.117656736166568e-16 + 0.0im 4.036404558387577e-15 + 0.0im; 7.19857895810418e-15 + 0.0im -0.11537646184964273 + 0.0im; -0.13734728160073212 + 0.0im 1.1007555701162898e-14 + 0.0im; 5.308605247540436e-16 + 0.0im -1.0383348504775846e-14 + 0.0im; 1.8388042797930618e-16 + 0.0im -8.969225014618307e-15 + 0.0im; 1.0548455565130328e-16 + 0.0im -1.0571977450309262e-14 + 0.0im; -0.1606400554716686 + 0.0im -6.354399245953517e-15 + 0.0im; 2.0938109009786907e-15 + 0.0im -0.1544399073204341 + 0.0im; -2.3630676882768483e-16 + 0.0im -1.834500585003267e-15 + 0.0im; -1.85854511803418e-15 + 0.0im 4.6700073257128826e-15 + 0.0im; -0.14723574809479956 + 0.0im -6.6211136185699145e-15 + 0.0im; 2.5602227359832634e-15 + 0.0im -0.13600828417612928 + 0.0im; -3.396838413483749e-16 + 0.0im -1.7920196072861567e-15 + 0.0im; 2.1226010687678387e-15 + 0.0im -0.12759901683534364 + 0.0im; -0.08585396634959024 + 0.0im -7.750858490154054e-15 + 0.0im; -3.202467239938941e-17 + 0.0im -3.3173746528512466e-16 + 0.0im; 2.559913475056311e-16 + 0.0im 8.850792393077413e-15 + 0.0im; -3.806428329823731e-16 + 0.0im -3.68412364022715e-15 + 0.0im], 2, 9, 163, [-0.782717886082994, 0.0005990705283958654, -0.32052578289445, 0.3477103656857888, 0.13180783889764744, 0.15034450456923576, 0.07488230429868233, 0.00518347576534619, -0.04832562758661261, 0.08157242897481574, 0.04605220845789982, -0.007322836538197496, 0.6981279618566646, -2.597376684296359, -1.746123125674831, -0.06897408819621685, -0.3235376564972365, 1.9184531247953425, -2.0332501453405425, 0.9884967806029636, -0.11313700487181272, 2.32303653981944, -3.1180308164876287, 0.1456226767470922, 0.10557981943482797, -1.36312151086525, 0.39819981605743315, -1.195860676365016, 1.7097966020062436, -1.522150170369116, 0.34079921338269303, -0.5656126192613234, 0.34392041115779765, 0.8359052942807303, 0.21940510059998752, 0.38704124685186525, 0.035707078353861436, -1.5141223722540422, 1.0580755574265424, 0.0536316718479661, -0.12420928877150358, -0.2693220404165961, 0.010441100055489738, -0.15180985486844215, -0.3179779664173704, -0.46132070646332934, 0.2086972737603362, -0.29681766075574406, -0.12148672229595968, -0.3710387731169548, 0.3137577579273843, 0.3631577634614366, 0.45636443999104837, 0.19072385791429622, -0.23790332927455163, -0.06730604901783277, -0.022791229018171273, 0.22434528086880987, -0.06047464247231305, -0.051010270661476696, -0.17061058706078774, 0.058298115380787725, -0.082596584149107, -0.2827801198577366, 0.02778422716228608])
[1.0169670629440517e-16, 1.5698031616482026e-16, -3.4055203542018426e-16, -4.276591212666258e-17, -4.158639127898759e-15, -1.1068862763152447e-15, 2.5397426686440038e-15, 7.189712957641181e-15, 0.9587957024541027, -1.8115941885659523e-14, -2.330118743326591e-16, 1.0967674315079243e-16, 4.13534576701735e-17, -4.1886931187727054e-18, -1.967835412616768e-16, -7.155541156443666e-17, 3.4053647706226936e-17, 1.0682598162323484e-16, 0.00028262844800321216, 1.3902250323068413e-17, 7.990171148920631e-17, -6.541334086014377e-17, -1.506404599395241e-17, 5.235386037383149e-17, -5.398437672738706e-17, -1.7890860190407444e-16, -5.737932419760966e-17, 6.683783933909795e-17, -0.0003088304178810864, -1.295380336268818e-18, 6.047170787084118e-16, 3.153407384611464e-16, -4.2103280162576383e-16, -2.807677393690232e-16, 3.0933416484525954e-16, 0.08239172264767697, -1.5104876124361e-15, -4.779145310722638e-16, -3.11928746310448e-16, -7.824341917617108e-16, 6.533370661348403e-16, 3.4900487936469685e-16, -1.517909057809341e-15, 0.014263852900979835, -2.004461467951711e-16, -1.090941925414935e-15, 1.855544377757542e-15, 5.117656736166568e-16, -7.19857895810418e-15, 0.13734728160073212, -5.308605247540436e-16, -1.8388042797930618e-16, -1.0548455565130328e-16, 0.1606400554716686, -2.0938109009786907e-15, 2.3630676882768483e-16, 1.85854511803418e-15, 0.14723574809479956, -2.5602227359832634e-15, 3.396838413483749e-16, -2.1226010687678387e-15, 0.08585396634959024, 3.202467239938941e-17, -2.559913475056311e-16, 3.806428329823731e-16]
(d, V, nconv, niter, nmult, resid) = eigs(A_imp, nev = n_ev, which = :SM, tol = 1.0e-12, maxiter = 1000) = (ComplexF64[0.32324462249422486 + 0.0im, 0.39485410734333243 + 0.0im], ComplexF64[6.03974944949083e-17 + 0.0im -1.151853114251509e-16 + 0.0im; 5.100277409644072e-17 + 0.0im -1.844050596566546e-17 + 0.0im; -1.2480620983235207e-15 + 0.0im 3.5585654340924485e-15 + 0.0im; 7.234377343780727e-16 + 0.0im 1.8467557618460253e-15 + 0.0im; 3.813238566792987e-16 + 0.0im 3.5755030567038005e-14 + 0.0im; -3.5725939478904495e-15 + 0.0im 2.711969512722144e-15 + 0.0im; 1.2255989191624425e-14 + 0.0im -1.2084755016777727e-14 + 0.0im; -4.694279462410708e-16 + 0.0im -6.782888536146901e-14 + 0.0im; -0.9557935634895658 + 0.0im 1.1830148685584219e-14 + 0.0im; -1.0358701625660489e-14 + 0.0im -0.9607758625556705 + 0.0im; -2.9948613788155103e-16 + 0.0im -1.5316416451808019e-16 + 0.0im; 2.424804792771196e-16 + 0.0im 4.2871967450377987e-16 + 0.0im; 2.2284500337120036e-16 + 0.0im -3.698168879603238e-16 + 0.0im; -1.9384234340262057e-16 + 0.0im 1.2395821705496833e-16 + 0.0im; -9.125493227905477e-17 + 0.0im 4.5559327316159626e-17 + 0.0im; 1.2864081541582923e-17 + 0.0im -1.0396729037926352e-16 + 0.0im; 8.996875824119427e-17 + 0.0im 4.4059702188996824e-18 + 0.0im; 4.227186905958536e-17 + 0.0im 4.5499064666631106e-17 + 0.0im; -0.00025041309697594307 + 0.0im -2.0613365180057124e-17 + 0.0im; 1.929200789314885e-16 + 0.0im 6.060286369029734e-5 + 0.0im; 9.809528041267898e-17 + 0.0im -2.9617286335039385e-16 + 0.0im; 2.3781283187744263e-17 + 0.0im 1.6305877455911366e-16 + 0.0im; -8.979554383349472e-17 + 0.0im 5.433667625699793e-16 + 0.0im; 6.074702868888825e-18 + 0.0im 7.364013322295052e-17 + 0.0im; 1.7703990464069484e-17 + 0.0im -7.964374143335364e-17 + 0.0im; 1.153996533789683e-16 + 0.0im 8.289821948030715e-17 + 0.0im; -6.113262399638095e-17 + 0.0im -9.469418061004817e-17 + 0.0im; -1.973755945663492e-16 + 0.0im -0.000460101466597626 + 0.0im; 0.000319567033937913 + 0.0im -1.0612211886172042e-16 + 0.0im; 2.303840664429585e-16 + 0.0im 1.7129144531265684e-15 + 0.0im; 4.321828939134492e-16 + 0.0im -4.149979034847222e-15 + 0.0im; -4.0074825828265407e-16 + 0.0im -3.680160783148402e-15 + 0.0im; -9.324284208061663e-16 + 0.0im -3.9692309337409344e-15 + 0.0im; -5.107546116303226e-16 + 0.0im -2.3755032015424393e-16 + 0.0im; 5.783390059532731e-17 + 0.0im -8.907307415591257e-15 + 0.0im; -0.08497014728403293 + 0.0im 1.4117612579956396e-15 + 0.0im; -1.596981249250019e-15 + 0.0im -0.06896895754177919 + 0.0im; 2.442273029768779e-16 + 0.0im 1.976739047487806e-15 + 0.0im; -1.4267659382182406e-16 + 0.0im -3.137201087026722e-16 + 0.0im; 1.7217827141398588e-16 + 0.0im 6.368250554754708e-15 + 0.0im; 7.629757039285906e-16 + 0.0im 2.9271226786397826e-15 + 0.0im; 3.500812446654877e-16 + 0.0im 1.585477825796e-15 + 0.0im; 8.087492169814441e-16 + 0.0im -0.052882718312979284 + 0.0im; -0.016847425635629843 + 0.0im -5.264642523673228e-16 + 0.0im; -2.6409372091201235e-15 + 0.0im 1.7108221077642746e-15 + 0.0im; -4.0064088266267705e-16 + 0.0im 1.1079026443886907e-14 + 0.0im; 6.303161617357872e-16 + 0.0im -1.0941161393185909e-14 + 0.0im; -5.905574908082982e-16 + 0.0im -3.2040659205834297e-15 + 0.0im; 3.0439559134429864e-15 + 0.0im -0.10895778980180344 + 0.0im; -0.08512982481384272 + 0.0im -2.576851760522073e-16 + 0.0im; 2.9467916247814923e-16 + 0.0im -2.00899449044048e-15 + 0.0im; 1.698216011772164e-15 + 0.0im 5.977234822545548e-16 + 0.0im; -6.257395153648798e-17 + 0.0im -2.8435911252943933e-15 + 0.0im; -0.2147952419451692 + 0.0im 1.6321359470578161e-15 + 0.0im; -2.5103941555075336e-15 + 0.0im -0.15548111110473836 + 0.0im; 2.3818532520472992e-15 + 0.0im -5.777449962491465e-15 + 0.0im; 2.9648260452092646e-16 + 0.0im -1.422812418973949e-14 + 0.0im; -0.14167262390906948 + 0.0im 1.943151897488755e-15 + 0.0im; -2.1959994444840415e-15 + 0.0im -0.16065591709743413 + 0.0im; 2.263220484018138e-15 + 0.0im -1.6685929564669484e-15 + 0.0im; -1.3262130871825929e-15 + 0.0im -0.08660096995124275 + 0.0im; -0.0741587626763534 + 0.0im -2.347046340586559e-15 + 0.0im; 2.9069903000557005e-16 + 0.0im 7.180382884769801e-15 + 0.0im; 8.930063484074009e-17 + 0.0im 7.888260185378894e-16 + 0.0im; -1.21727396687577e-16 + 0.0im -1.5120464947854324e-15 + 0.0im], 2, 9, 162, [-0.09383125560924624, -0.17600934580539984, -0.23356539750021352, -0.025775716941401447, -0.7069854295749355, -0.01659721815716015, 0.04736256686131749, 1.4177612448585843, -0.002857668998633776, -0.00028040403156610855, 0.0027743971490836058, -0.010271052140003366, 0.051205000367287805, -0.36991239778334933, 0.02638182995299573, 0.06885564807967423, -0.007036464096677803, 0.03584309509243106, 0.06850398686664966, 0.02000002829466501, -0.008675058417930245, -0.17844578501751365, -0.5126452542971461, -0.04671493579179933, 0.1005589466848365, 0.07299702524092894, 0.04598682779304875, -0.0014759535245170972, -0.05109927221743513, -0.5827213723002143, 1.1963875857030453, 0.5482444346969532, 1.3103641077281165, 0.08249189689206321, 0.8498735561650188, -8.394355920239525e-5, 0.1497852960513892, -0.6839492833615282, -0.0066769276588018065, -0.3041379877958182, -0.27094390760246995, -0.44859826385416984, 0.16281918962830455, 0.004384562520927463, -0.19643282559527814, -0.5398197471112245, 0.27169323209237545, 0.11754338824776196, -0.14305163754462685, 0.13378814119877466, 0.25544401467703753, -0.19831230944538433, 0.4979954449180165, -0.0035258057528152406, 0.06916049232227035, 0.20073535386330393, 0.21728665797978555, -0.051890112596378817, -0.13285750886121386, 0.07246923867251831, 0.08669908090938415, -0.008758297605070646, -0.43765140373828054, 0.10149880312590359, 0.07330440564503793])
[6.03974944949083e-17, 5.100277409644072e-17, -1.2480620983235207e-15, 7.234377343780727e-16, 3.813238566792987e-16, -3.5725939478904495e-15, 1.2255989191624425e-14, -4.694279462410708e-16, -0.9557935634895658, -1.0358701625660489e-14, -2.9948613788155103e-16, 2.424804792771196e-16, 2.2284500337120036e-16, -1.9384234340262057e-16, -9.125493227905477e-17, 1.2864081541582923e-17, 8.996875824119427e-17, 4.227186905958536e-17, -0.00025041309697594307, 1.929200789314885e-16, 9.809528041267898e-17, 2.3781283187744263e-17, -8.979554383349472e-17, 6.074702868888825e-18, 1.7703990464069484e-17, 1.153996533789683e-16, -6.113262399638095e-17, -1.973755945663492e-16, 0.000319567033937913, 2.303840664429585e-16, 4.321828939134492e-16, -4.0074825828265407e-16, -9.324284208061663e-16, -5.107546116303226e-16, 5.783390059532731e-17, -0.08497014728403293, -1.596981249250019e-15, 2.442273029768779e-16, -1.4267659382182406e-16, 1.7217827141398588e-16, 7.629757039285906e-16, 3.500812446654877e-16, 8.087492169814441e-16, -0.016847425635629843, -2.6409372091201235e-15, -4.0064088266267705e-16, 6.303161617357872e-16, -5.905574908082982e-16, 3.0439559134429864e-15, -0.08512982481384272, 2.9467916247814923e-16, 1.698216011772164e-15, -6.257395153648798e-17, -0.2147952419451692, -2.5103941555075336e-15, 2.3818532520472992e-15, 2.9648260452092646e-16, -0.14167262390906948, -2.1959994444840415e-15, 2.263220484018138e-15, -1.3262130871825929e-15, -0.0741587626763534, 2.9069903000557005e-16, 8.930063484074009e-17, -1.21727396687577e-16]
Projection L1|R2: 2.212457704791559e-14
scalar = l1_vec' * r1_vec = -0.9970752448659573
Check <L1|R1>: 0.9999999999999999
t before projection
65-element Vector{Float64}:
 -4.8909219824234e-5
  1.198525487017886e-16
  0.0032898798888917336
 -4.021259903074943e-16
  7.142446880719698e-17
 -0.0025011216982383055
 -0.021777989750969822
 -8.981044332073315e-16
 -4.706233322426253e-16
  1.4551247337483464e-29
 -0.0005220194735053493
 -1.1646117466544232e-18
 -0.0004001313320404521
  5.72432362323615e-18
  7.120121845809866e-18
  0.00017098899947576063
 -9.490356193212079e-5
  1.945776659004572e-18
 -1.3872771938226383e-19
  4.452918643818362e-33
 -0.0003695628097154698
  6.556263605996037e-18
 -0.0007460255585867579
 -0.00021618420872873817
  3.103788339189217e-18
 -5.996254175411251e-19
  0.00041808777887923757
  1.9308707033757973e-32
  1.5158891510820823e-19
 -0.03182779072442038
  2.261758190345934e-18
  8.188840062472577e-16
 -0.031626325298951194
 -0.03867464478253728
 -5.249187787382967e-16
 -4.044184473002845e-17
  2.1395969705241376e-30
 -0.01917342683890467
 -0.022195330238354623
 -3.6810622620840255e-16
 -4.101151551069625e-16
  0.003394693967270414
  2.088610349592081e-30
 -7.00138941540218e-18
 -0.05845304847003618
  1.2586894478688631e-15
  1.3400070333814686e-15
 -0.05536481240750083
  6.465556244062082e-30
 -6.741669269246069e-17
 -0.10015725534127685
 -0.0722549361513581
 -1.4141622817309283e-15
 -7.884991355699434e-17
  4.4695156928469535e-30
 -0.07981835819792353
 -1.0182129782586908e-15
 -7.227043036072043e-17
  4.4638959287380614e-30
 -0.055380013849898185
  3.9084142389369584e-30
 -4.214128198284936e-17
 -0.02647301879730444
 -1.0869899355936098e-16
 -0.012744374870704666
t after projection
65-element Vector{Float64}:
 -4.8909219824234e-5
  1.198525487017886e-16
  0.0032898798888917336
 -4.021259903074943e-16
  7.142446880719706e-17
 -0.0025011216982383055
 -0.021777989750969822
 -8.981044332073317e-16
 -4.877142741092195e-16
  1.487417171942835e-29
 -0.0005220194735053493
 -1.1646117466544251e-18
 -0.0004001313320404521
  5.72432362323615e-18
  7.12012184580987e-18
  0.00017098899947576063
 -9.490356193212079e-5
  1.94577665900457e-18
 -1.4376569187453193e-19
  4.20510510911202e-33
 -0.0003695628097154698
  6.5562636059960386e-18
 -0.0007460255585867579
 -0.00021618420872873817
  3.103788339189218e-18
 -5.996254175411219e-19
  0.00041808777887923757
  1.8117294072989132e-32
  1.5709394887622753e-19
 -0.03182779072442038
  2.2617581903459233e-18
  8.188840062472577e-16
 -0.031626325298951194
 -0.03867464478253728
 -5.249187787382967e-16
 -4.1910512287106286e-17
  2.1665220557203678e-30
 -0.01917342683890467
 -0.022195330238354623
 -3.6810622620840255e-16
 -4.101151551069625e-16
  0.003394693967270414
  2.1156677252138058e-30
 -7.255648670111311e-18
 -0.05845304847003618
  1.2586894478688631e-15
  1.3400070333814686e-15
 -0.05536481240750083
  6.593873980760465e-30
 -6.986496650028495e-17
 -0.10015725534127685
 -0.0722549361513581
 -1.4141622817309283e-15
 -8.171339098235772e-17
  4.5068387641714005e-30
 -0.07981835819792353
 -1.0182129782586908e-15
 -7.48949702965293e-17
  4.50953298972428e-30
 -0.055380013849898185
  3.946250507267561e-30
 -4.3671665508914044e-17
 -0.02647301879730444
 -1.0869899355936098e-16
 -0.012744374870704666
Omega original restricted
65-element Vector{Float64}:
 -3.471619866415469e-11
 -1.2022157312753854e-21
 -1.3228540092818841e-11
 -1.2515277608245499e-23
  3.018608378898551e-24
 -2.332610355586681e-11
 -7.8741635931661e-12
  5.2921970175433076e-24
  1.5212646150931627e-16
 -1.69608843627393e-29
 -2.6566067849839842e-14
 -2.675121041243712e-23
  8.48018321279166e-13
  4.1935626280189975e-24
  9.809185002345334e-24
  2.2150573511931815e-13
  7.66225441586098e-13
  1.027825309835166e-23
  4.4842995141757746e-20
  1.459989365664239e-30
  9.10984859480987e-13
  2.140428021532893e-23
  2.0917469075459217e-12
 -6.694153950502275e-13
  3.228987750235655e-23
  2.3816454087278097e-23
 -5.813740644751121e-13
 -1.0690464247951663e-30
 -4.900029265886989e-20
  3.4305251414057703e-12
 -5.7624808173833485e-25
  1.2801972588539869e-24
 -3.6510662291420285e-12
 -7.301949675192609e-12
  3.542614767669782e-24
  1.3072608454613975e-17
 -6.0223793830001744e-31
  4.638345987881806e-12
 -1.3981669238060875e-11
  3.4369990621066296e-24
  1.4471087560255352e-24
 -4.858827495981597e-12
 -4.775057171451902e-31
  2.2631618476739653e-18
 -7.798698197360408e-12
  4.7633048588882485e-26
 -3.4434599628856033e-25
 -2.8347759790541154e-11
 -2.301605995887977e-30
  2.1792083194643016e-17
 -1.7947444093090077e-11
 -1.1323306956450694e-11
 -3.305836893088041e-24
  2.5487810462155763e-17
 -6.025836068946649e-31
 -6.3377539393727114e-12
 -2.1968308351250326e-24
  2.3361027497016552e-17
 -1.3734489133835241e-30
  3.808995023497919e-12
 -1.1550089981010605e-30
  1.3621943246825028e-17
 -1.2193407713881885e-13
  1.1765986332995259e-24
  1.437612905820817e-12
Omega restricted
65-element Vector{Float64}:
  3.34767047817266e-12
  1.1531475493623224e-22
  1.5679971398327115e-11
  1.3922602054043377e-23
 -5.8866169818329846e-24
  4.1063376098190806e-11
  1.722734399051116e-11
 -1.032959974709469e-23
 -2.1569446153905313e-25
  2.6603664634290206e-29
  1.2808781560791625e-15
  6.4318871871553025e-25
 -3.7810987119744287e-14
 -1.8606344889198876e-25
 -4.506635277060151e-25
 -1.0125229461797488e-14
 -3.538386183166762e-14
 -4.722338270848347e-25
 -2.5799968096239985e-28
 -6.680835067470895e-32
 -4.369016021298711e-14
 -9.496827772445837e-25
 -9.235547905162231e-14
  3.0599589109926576e-14
 -1.4685806250890584e-24
 -1.0942457975682926e-24
  2.657625367789798e-14
  4.876511013226905e-32
 -4.1227896952120475e-28
 -2.0331244310052374e-12
  1.6534371451991484e-25
 -4.718924624209864e-25
  1.2931363239455406e-12
  2.806861701427584e-12
 -1.3062820010361743e-24
  1.6733361429818513e-25
  1.2172884473633918e-31
 -2.5799605724366313e-12
  4.952034070709583e-12
 -1.1714625570344509e-24
 -5.335979966872421e-25
  1.721460972759188e-12
  7.32398864387218e-32
 -1.447186114203867e-25
  7.604157699991236e-12
 -2.2035179716850987e-26
  1.7752263091212988e-25
  1.3826491327590087e-11
  5.243229384237396e-31
  1.1436854671674936e-25
  1.579738006887246e-11
  5.5228916355233896e-12
  1.5299354884124307e-24
  3.3899670733863604e-26
  6.370901083825581e-32
  6.9329691940582345e-12
  1.133080162455346e-24
  3.4056250973292596e-25
  4.397873298465304e-31
 -3.71730302793044e-12
  3.60149343281493e-31
 -2.829420114139232e-25
  1.4093065729946797e-13
 -6.391322251243886e-25
 -1.4733786987273204e-12
Omega resricted on L21.4500756872102496e-25
Omega resricted on L1 (<L1|H|HF>): -1.859635761975393e-25
Omega resricted on R1 (<R1|H|HF>): -1.859635761975393e-25
<L1[D]|R1[S]H[S]|HF> additional: -5.239931795610808e-12
<L1|H|R1> with nuclear repulsion : -74.6895155912708
<HF|H|R1>: -3.6602077755862e-16
L1 * A * R1: 0.323244622494216
Reduced matrix[-75.01276021375978 -3.6602077755862e-16; -1.5866410434746091e-16 -74.6895155912708]
Matrix
2×2 Matrix{Float64}:
 -75.0128        -3.66021e-16
  -1.58664e-16  -74.6895
NEW E0 FROM MATRIX: -75.01276021375978
NEW E1 FROM MATRIX: -74.6895155912708
[1.0 -1.1323336943404467e-15; 0.0 1.0]
Evaluating remaining element <mu_tilde|H|R1>
Norm of element <mu_tilde|H|R1>: 3.610026872313871e-11
65-element Vector{Float64}:
  5.328838048209475e-28
  8.225661499570789e-28
 -1.7844694384582016e-27
 -2.2409046272079708e-28
 -2.179098539274791e-26
 -5.8000085933895015e-27
  1.330807836209716e-26
  3.767360552805905e-26
  5.024024086784252e-12
 -9.492629989410495e-26
 -4.44210965583417e-27
 -4.39749873878801e-27
  9.878646510802788e-27
  1.3326198130835854e-27
  1.3068967911880771e-25
  3.3057543881808074e-26
 -8.10298907902353e-26
 -2.271673382659145e-25
 -3.036743158255882e-11
  5.738775199673091e-25
  4.1867951838062855e-28
 -2.0788535049031726e-27
 -7.893457352848214e-29
  2.743306622423981e-28
 -2.7944042380976765e-27
 -2.1175206484152156e-27
 -3.0066375330558713e-28
 -1.0712066578430493e-21
 -1.6182503261068773e-15
  3.7594786616226695e-27
  3.6416372047348944e-27
  4.7643992399503335e-26
  1.5483697486212567e-26
 -2.6998977907331924e-26
 -7.789228656077633e-26
 -1.0171880167804342e-11
  1.9243474364847337e-25
 -2.504239546949438e-27
 -1.634485355704065e-27
 -3.4156895056944665e-27
  3.7449214012424825e-27
  1.8287617641142484e-27
 -1.2267262361905966e-23
  7.47416163437597e-14
 -1.0503241379098256e-27
  6.081765139725617e-26
  4.098423058491438e-26
  2.681617225082993e-27
  2.2994216352706932e-24
  7.196903879003876e-13
  1.4927412641959694e-26
 -3.327621063357803e-26
 -1.1558102775571307e-25
 -1.4498039946976963e-11
  2.7886572513003624e-25
 -1.7853511579946283e-26
 -4.4307830418078684e-26
 -6.435949753290178e-12
  1.2276568980651166e-25
  1.7799201607722428e-27
  4.746513326441715e-24
  4.4986892805451826e-13
 -1.5115511704790704e-16
 -1.333626998840796e-27
  1.9945424833157112e-27
Evaluating remaining element <HF|H|nu_tilde>
Norm of element <HF|H|nu_tilde>: 0.6310595109112103
65-element Vector{Float64}:
  0.0002121521342343602
 -4.9771680060797785e-15
 -0.0025369842363531666
  1.200930213464277e-15
  2.403028509801186e-16
 -0.006432734280703407
 -0.0044946122208425815
  6.33327595090057e-16
  3.1711361679424177e-16
  4.515410392599076e-30
  0.05239336012754763
 -4.98732999343341e-18
  0.019651963684992408
 -2.6454533008646303e-16
  4.7704895589362226e-17
 -0.029156979521037844
 -0.003541965152492765
 -1.3140530330524316e-16
  9.192525532846692e-20
 -7.081988812857012e-32
  0.039043531449969804
 -1.5525775109992423e-16
  0.03820659895705575
  0.02369421286935847
  2.2724877535296173e-16
  4.917941054394248e-16
 -0.0224954053985897
  7.2455483140575e-32
 -1.1731128101548798e-19
  0.19030556275555352
 -1.9862583799934456e-16
 -2.581268532253489e-15
  0.2150135516546591
  0.1205037915945526
  2.8622937353617317e-15
  3.119206854077825e-17
  5.8624293563281666e-31
  0.1356328370711587
 -0.016737182000169673
  1.797173521111972e-15
  9.992007221626407e-16
 -0.03437710461989834
 -2.968873400214332e-31
  6.184596260679667e-18
  0.14998000751864307
 -3.5318969970887792e-15
 -3.1988300897012327e-15
  0.01676122299106253
 -1.1174192880922874e-30
  3.125068527398927e-17
  0.31889801799346934
  0.2912998997620643
  3.899658373995862e-15
  7.885013882099943e-17
  9.215517339426172e-31
  0.19114032976697187
  2.2273849431542203e-15
  5.200723238188381e-17
  8.061391839052262e-31
  0.14190557721937125
  4.868454491057479e-31
  2.72232693744524e-17
  0.06920626869936716
  8.15320033709099e-17
  0.0500826884913902
Evaluating remaining element <L1|H|nu_tilde>
Norm of element <L1|H|nu_tilde>: 1.6072695407144752e-12
65-element Vector{Float64}:
 -3.9593687564345515e-20
  8.852671625465791e-27
 -1.343492395161085e-17
  3.3492380126623484e-27
 -1.102349012268557e-26
 -3.3962018781153733e-17
 -2.2400348717534435e-17
  5.682679070039513e-27
 -4.4213406813558654e-13
  7.052327019066984e-25
  1.5738901796134654e-27
 -1.2743082126664755e-27
 -1.1711178516068065e-27
  1.0187001068988026e-27
  4.795722525631587e-28
 -6.760463689992861e-29
 -4.728130192250765e-28
 -2.2215144933720207e-28
  1.3159965164494847e-15
 -1.0138533283320588e-27
 -5.155203496230181e-28
 -1.2497783147011966e-28
  4.719027251554601e-28
 -3.1924399763688826e-29
 -9.303982123670068e-29
 -6.064600601173423e-28
  3.2127041753084616e-28
  1.0372684097526053e-27
 -1.6794213581999247e-15
 -1.2107379068656568e-27
 -2.271251742530846e-27
  2.1060532306097245e-27
  4.900193194516869e-27
  2.6841698688411127e-27
 -3.039346289601149e-28
  4.465438077255578e-13
  8.392619180977071e-27
 -1.2834882992174366e-27
  7.498086270880497e-28
 -9.048488602449863e-28
 -4.009667947208364e-27
 -1.8397827590397203e-27
 -4.250221594164766e-27
  8.853831415119864e-14
  1.3878923304469938e-26
  2.105488939270542e-27
 -3.312501954263976e-27
  3.1035581207700615e-27
 -1.5996908415303917e-26
  4.4738296141009983e-13
 -1.5486280708742295e-27
 -8.924638458049996e-27
  3.288450294211571e-28
  1.1288139221285327e-12
  1.3192880098761128e-26
 -1.2517358797288671e-26
 -1.5581057039316625e-27
  7.445324617286474e-13
  1.1540640860903672e-26
 -1.189390774241779e-26
  6.969650644789067e-27
  3.8972671367768266e-13
 -1.5277112716645426e-27
 -4.693018288034328e-28
  6.397142638777613e-28
Building the whole matrix...
(d, V, nconv, niter, nmult, resid) = eigs(A_imp, nev = n_ev, which = :SM, tol = 1.0e-12, maxiter = 1000) = (ComplexF64[1.4145821131267926e-15 + 0.0im, 0.3232446224889541 + 0.0im], ComplexF64[0.9999999999999987 + 0.0im 1.341989458877269e-15 + 0.0im; 1.103889630206512e-15 + 0.0im -1.0000000000000009 + 0.0im; -6.355421766301998e-18 + 0.0im -5.79046972569937e-17 + 0.0im; 1.2921719198846405e-17 + 0.0im 3.1745706905301085e-17 + 0.0im; -4.118828616021461e-17 + 0.0im -2.3862085334096937e-16 + 0.0im; -2.50455594092929e-17 + 0.0im -2.8842991172494897e-18 + 0.0im; -2.5128284167451967e-17 + 0.0im -6.832299638109146e-17 + 0.0im; -9.523297723888332e-17 + 0.0im -6.22708254797071e-16 + 0.0im; 8.184977536040647e-18 + 0.0im 2.0544959938300456e-15 + 0.0im; 6.143079271398577e-17 + 0.0im 9.958792719868717e-17 + 0.0im; -4.440892098500626e-16 + 0.0im 4.839002176720432e-12 + 0.0im; 1.3684135908936136e-15 + 0.0im 1.2195066746227134e-15 + 0.0im; -2.060813731698848e-16 + 0.0im -2.805507772805311e-16 + 0.0im; 3.122500477302838e-17 + 0.0im -4.474247309792923e-17 + 0.0im; -6.850620942957514e-18 + 0.0im -6.661090646763496e-17 + 0.0im; 1.179305827547416e-16 + 0.0im 2.537992854912606e-17 + 0.0im; 7.820216192772616e-17 + 0.0im -2.1338131797331664e-17 + 0.0im; 3.3828488981484996e-17 + 0.0im 4.266000755406407e-17 + 0.0im; 7.826630676145109e-17 + 0.0im -2.292127702021253e-17 + 0.0im; -4.604535683818182e-17 + 0.0im -8.676399457095254e-19 + 0.0im; -3.08455518072126e-17 + 0.0im -1.5032326915683972e-12 + 0.0im; -4.054245545013026e-17 + 0.0im 2.9517041403941565e-17 + 0.0im; -5.99231163383753e-17 + 0.0im 1.2005725941192924e-16 + 0.0im; -6.471665172964999e-17 + 0.0im 3.2953872570769646e-17 + 0.0im; -1.0506520255273344e-16 + 0.0im -5.973699578454609e-17 + 0.0im; 8.786498830429209e-17 + 0.0im 3.0434392026481083e-17 + 0.0im; 6.666999830712524e-18 + 0.0im 3.5106717667250614e-17 + 0.0im; 1.3681219618039895e-18 + 0.0im -1.0922193175583163e-17 + 0.0im; 4.711641963980768e-17 + 0.0im -5.1832661880518215e-17 + 0.0im; -1.367753885773405e-17 + 0.0im 3.0871885741137227e-17 + 0.0im; -1.7509865085640897e-17 + 0.0im -1.5266563453770533e-15 + 0.0im; -6.28630074518098e-17 + 0.0im 8.249294223913463e-17 + 0.0im; -8.339915754009799e-17 + 0.0im 2.3432542193078896e-17 + 0.0im; 5.69812986830306e-17 + 0.0im 1.3288479331154728e-17 + 0.0im; 1.132106490153624e-16 + 0.0im -1.1564334988645787e-16 + 0.0im; -8.184516790586694e-17 + 0.0im -1.0325871112949446e-16 + 0.0im; -5.530805978578715e-18 + 0.0im -1.5470063531040124e-17 + 0.0im; -9.71445146547012e-17 + 0.0im -6.438095733599113e-12 + 0.0im; 8.193975920707109e-17 + 0.0im 6.34264502057519e-17 + 0.0im; -2.17864084333047e-16 + 0.0im -8.32312164389752e-17 + 0.0im; 1.08356064479916e-16 + 0.0im -7.606025466838849e-17 + 0.0im; -6.972054601920196e-18 + 0.0im 2.376681907308646e-17 + 0.0im; 1.6196857130081646e-17 + 0.0im -1.2907961378758074e-17 + 0.0im; 1.509884456051355e-16 + 0.0im 6.109850169986677e-17 + 0.0im; 2.906318136040142e-17 + 0.0im 9.234166888349811e-17 + 0.0im; 3.2959746043559335e-17 + 0.0im -6.122922366839551e-13 + 0.0im; 1.331313754974975e-17 + 0.0im -1.6308633856421209e-16 + 0.0im; 2.1972398774672613e-17 + 0.0im -2.0100776114375136e-17 + 0.0im; -3.091191252267659e-17 + 0.0im 2.196837286170544e-17 + 0.0im; 1.5452330718587558e-17 + 0.0im 1.8842465513362137e-16 + 0.0im; 1.519166518145001e-16 + 0.0im 1.3099477184269295e-16 + 0.0im; 2.7755575615628914e-17 + 0.0im 7.056734379535397e-13 + 0.0im; -3.558391527774773e-17 + 0.0im 9.811271004071292e-18 + 0.0im; 2.4152990592568633e-17 + 0.0im 2.1825765911217496e-16 + 0.0im; -9.996093462181895e-18 + 0.0im -1.1756621862110362e-18 + 0.0im; 8.326672684688674e-17 + 0.0im -1.4415080595562432e-11 + 0.0im; 1.8816942320806554e-16 + 0.0im 1.9618660997103567e-16 + 0.0im; 8.83177532736693e-17 + 0.0im 2.4281889964830606e-16 + 0.0im; 2.6810349398038063e-17 + 0.0im 2.998092601012894e-17 + 0.0im; -2.7755575615628914e-16 + 0.0im -7.04329022537073e-12 + 0.0im; 1.4127015039032759e-16 + 0.0im 2.071882255734498e-16 + 0.0im; -1.1833380945360614e-16 + 0.0im 1.9416725250535852e-16 + 0.0im; 1.4559699436576608e-16 + 0.0im 1.7941045504925619e-16 + 0.0im; 4.163336342344337e-17 + 0.0im -4.4735883934007565e-13 + 0.0im; -5.3803495844969136e-17 + 0.0im -2.4621027296082213e-16 + 0.0im; -3.615832415118082e-18 + 0.0im -9.889631799832576e-19 + 0.0im; -3.5452262231931704e-17 + 0.0im -1.0812158392102468e-17 + 0.0im], 2, 13, 225, [1.870520096445886e-16, -7.473878168410074e-13, -1.2089866860341532, 0.5641520846189062, 0.0745172445629179, 0.5332896199456447, -1.3366001783002783, 1.6155223991435748, 0.6037754320984561, 0.6827530871709123, -0.008316572537910514, -0.32158014428058906, 0.02084652652701808, -0.001161291879411721, -0.022854433250185543, 0.39365697373111713, 0.24425076828410142, 0.7818252798494425, -0.006736593494423515, -0.07686858268096544, -0.07040280495624922, -0.1846645678572124, 0.0225938879323718, -0.22622089028542897, 0.7326819549646479, -0.2747458101541902, -0.17034267995513996, 0.12670027744348905, 0.538247198373447, -0.19221042210695147, -0.060028327634691264, 0.7386202871577743, -0.36196590897159253, 0.06882729962381479, 0.30414394818832663, -0.7227609493521275, -0.3201651844284225, 0.02133588455951979, -0.5721957644280906, -0.7784535319786439, -0.8148913434449935, -1.4834482596411855, -1.0702173384411442, 0.20718975704597237, 0.7223898697101213, -0.013590975039415818, -0.7138001400209065, -0.09679424170375553, 0.39622958411032533, 1.136727059033858, -0.9001381228005031, -0.2035018155339368, -1.7742703998159042, -2.202934505214617, -0.11231560349399027, -0.11125602600068861, 0.05938490971449222, -1.0388462256249376, 0.423626716396452, 0.2983722286971563, 1.9670106277222557, 0.39241151196736684, 0.981821925027469, 0.09670781745950655, -0.8507686303731004, -0.2149096922525541, 0.020435736441691697])
The first 2 eigvals are: ComplexF64[-75.01276021375978 + 0.0im, -74.68951559127082 + 0.0im]
NEW E0 FROM FULL MATRIX: -75.01276021375978 + 0.0im
NEW E1 FROM FULL MATRIX: -74.68951559127082 + 0.0im
Omega tilde, projection removed
65-element Vector{Float64}:
  3.34767047817266e-12
  1.1531475493623224e-22
  1.5679971398327115e-11
  1.3922602054043377e-23
 -5.886616981832985e-24
  4.1063376098190806e-11
  1.722734399051116e-11
 -1.0329599747094689e-23
 -3.739338386785638e-26
  2.66036646309213e-29
  1.2808781560791625e-15
  6.4318871871553025e-25
 -3.7810987119744287e-14
 -1.8606344889198876e-25
 -4.506635277060151e-25
 -1.0125229461797488e-14
 -3.538386183166762e-14
 -4.722338270848347e-25
 -2.054410840365622e-28
 -6.680835067212364e-32
 -4.369016021298711e-14
 -9.496827772445837e-25
 -9.235547905162231e-14
  3.0599589109926576e-14
 -1.4685806250890584e-24
 -1.0942457975682926e-24
  2.657625367789798e-14
  4.8765110144698455e-32
 -4.69710178468952e-28
 -2.0331244310052374e-12
  1.6534371451991496e-25
 -4.718924624209863e-25
  1.2931363239455406e-12
  2.806861701427584e-12
 -1.3062820010361743e-24
  1.8265547369082293e-25
  1.217288444554435e-31
 -2.5799605724366313e-12
  4.952034070709583e-12
 -1.171462557034451e-24
 -5.33597996687242e-25
  1.721460972759188e-12
  7.3239886156446e-32
 -1.4206605432456483e-25
  7.604157699991236e-12
 -2.203517971685119e-26
  1.7752263091213022e-25
  1.3826491327590087e-11
  5.243229370850661e-31
  1.39910138384232e-25
  1.579738006887246e-11
  5.5228916355233896e-12
  1.5299354884124307e-24
  6.37728699299462e-26
  6.370901044888324e-32
  6.9329691940582345e-12
  1.1330801624553464e-24
  3.679429959927549e-25
  4.397873293704223e-31
 -3.71730302793044e-12
  3.6014934288676652e-31
 -2.6697630080081017e-25
  1.4093065729946797e-13
 -6.3913222512438865e-25
 -1.4733786987273204e-12
Omega_tilde on L1: -8.838163413494021e-41
Omega_tilde on R1: 2.6109718630964595e-26
DIIS dimension: 8
t at step 22 : 
2×5 Matrix{Float64}:
 -4.89092e-5    0.00328988    7.14245e-17  -0.021778     -6.40708e-16
  1.19853e-16  -4.02126e-16  -0.00250112   -8.98104e-16   2.28673e-29
t2 at step 22 : 
2×5×2×5 Array{Float64, 4}:
[:, :, 1, 1] =
 -0.000522019  -0.000400131  7.12012e-18  -9.49036e-5   -1.88864e-19
 -1.16461e-18   5.72432e-18  0.000170989   1.94578e-18  -1.65314e-32

[:, :, 2, 1] =
 -1.16461e-18   6.55626e-18  -0.000216184  -5.99626e-19  3.42252e-32
 -0.000369563  -0.000746026   3.10379e-18   0.000418088  2.06374e-19

[:, :, 1, 2] =
 -0.000400131  -0.0318278     8.18884e-16  -0.0386746    -5.50577e-17
  6.55626e-18   2.26176e-18  -0.0316263    -5.24919e-16   2.53156e-30

[:, :, 2, 2] =
  5.72432e-18   2.26176e-18  -0.0221953    -4.10115e-16   2.4602e-30
 -0.000746026  -0.0191734    -3.68106e-16   0.00339469   -9.53172e-18

[:, :, 1, 3] =
  7.12012e-18   8.18884e-16  -0.058453      1.34001e-15   8.09436e-30
 -0.000216184  -0.0221953     1.25869e-15  -0.0553648    -9.17814e-17

[:, :, 2, 3] =
 0.000170989  -0.0316263     1.25869e-15  -0.0722549    -1.07347e-16
 3.10379e-18  -3.68106e-16  -0.100157     -1.41416e-15   5.15409e-30

[:, :, 1, 4] =
 -9.49036e-5   -0.0386746     1.34001e-15  -0.0798184    -9.83893e-17
 -5.99626e-19  -4.10115e-16  -0.0722549    -1.01821e-15   5.25125e-30

[:, :, 2, 4] =
 1.94578e-18  -5.24919e-16  -0.0553648    -1.01821e-15   4.59394e-30
 0.000418088   0.00339469   -1.41416e-15  -0.05538      -5.73713e-17

[:, :, 1, 5] =
 -1.88864e-19  -5.50577e-17   8.09436e-30  -9.83893e-17  -0.026473
  3.42252e-32   2.4602e-30   -1.07347e-16   4.59394e-30  -1.08699e-16

[:, :, 2, 5] =
 -1.65314e-32   2.53156e-30  -9.17814e-17   5.25125e-30  -1.08699e-16
  2.06374e-19  -9.53172e-18   5.15409e-30  -5.73713e-17  -0.0127444
Module of t 0.022166690066049113
Module of t2 0.21841400186724064
 --------------Energy at step 22 : -75.01276021376246
 --------------E_2 at step 22 : 8.00236697416617
E1 - E0 83.01512718792863
 --------------Difference at step 22 : 7.702283255639486e-12
 --------------Module of omegas 7.005902142411812e-11
Omega_bj_0 4.456813078947036e-11
Omega_bjck_0 5.4055047875639724e-11

######## END OF ITERATION 22 #########

global amplitudes = -(build_omega(F, g, L, t, t2, o, v)) = [-3.022320645162136e-11, 4.415846798953462e-22, 7.052845832474619e-12, 9.478034756216927e-24, 9.987010281846748e-25, 1.2158591645602843e-12, -1.9246507197122353e-12, -2.8755939721709673e-25, 2.0710556737930143e-16, -8.512597601603017e-30, -1.00980569347374e-12, 1.7232048771259042e-18, 1.1685850273283486e-12, -4.206906130933564e-18, -1.4320536802353448e-17, 5.818108768037204e-13, -4.594178440208308e-13, -3.3744021799117135e-18, 6.104940900606293e-20, 5.8462394894642205e-31, 9.167824018982924e-24, -1.2703574188475245e-13, 1.2658141464308726e-18, -5.871379342938853e-15, -3.0958642017774807e-13, -2.0401863031597128e-18, -8.165660113130527e-19, 1.7606974697633864e-13, -3.7297340835330704e-31, -6.670921257726235e-20, 1.1685598611320383e-12, -8.090619439505807e-24, 3.051788914365142e-12, 4.930880380152314e-18, 5.240564189031306e-18, -9.200334791148318e-13, -1.7375025354215553e-12, -5.73459643641066e-18, 1.779710132744485e-17, -2.3297245220177168e-30, -1.882819012197986e-24, -5.861843446018664e-15, -8.25828623220028e-25, -4.403683747305418e-13, -9.839884344459797e-13, 3.3895905087370034e-17, -1.509253791777979e-17, -3.2932593981634297e-12, -1.8790051417828877e-30, 3.0810770553792406e-18, -3.505926909602236e-24, -3.095744905667531e-13, -2.249412409431612e-25, -9.840647622789066e-13, -2.9136015294882595e-12, 3.379738844126278e-17, -3.655026473393749e-18, -6.794361696212964e-12, -4.1785357232235625e-30, 2.9667828637222035e-17, 5.818105443437009e-13, -1.1869591451917793e-23, -9.200031211495222e-13, -1.4526829059100529e-24, -3.316584926521815e-26, -9.045957173016348e-13, -4.078166326122097e-12, 1.7833204380564468e-17, 3.469920619118023e-17, -3.803239633393469e-30, -4.594295076545883e-13, -8.569807917436201e-24, -1.7374782492928916e-12, -5.071657554657403e-25, 1.9349494172371855e-25, -4.077892891921918e-12, -2.21861832895834e-12, 1.0439986843923352e-17, 3.1803795928389416e-17, -3.596631718350289e-30, -3.7497424220299054e-24, 1.7606149772577406e-13, -1.3736244278840368e-24, -3.2933126324900988e-12, -6.794438457091398e-12, 1.32001751179216e-24, 1.2895642142492647e-25, -1.4508171030021119e-12, -2.9291573499672346e-30, 1.8544966973816554e-17, 6.104940900611824e-20, -3.7664875943644753e-31, 1.7797101327444696e-17, -1.882203312960505e-30, -4.158837684437571e-30, 3.4699206191180395e-17, 3.1803795928389434e-17, -2.9152006219203673e-30, 4.975669177780881e-13, 6.31697910631638e-18, 5.879265767881078e-31, -6.670921257726632e-20, -2.3668665973146984e-30, 3.081077055379197e-18, 2.966782863722204e-17, -3.834938415867837e-30, -3.5963646213538076e-30, 1.8544966973816588e-17, -1.1024953406873092e-24, 1.3431867636772164e-12]
addition_t1 = reshape(amplitudes[1:n], (nv, no)) ./ pre_t[v, o] = [-2.914412864513255e-12 8.359835639765412e-12 1.94757810906816e-24 -4.2108116776801315e-12 4.685207149417487e-26; 4.2356149413369e-23 1.0543825778819715e-23 2.140403862873775e-12 -5.6127728413354405e-25 -9.427748635455745e-30]
addition_t2 = reshape(amplitudes[n + 1:end], (nv, no, nv, no)) ./ pre_t2[v, o, v, o] = [-4.868759885602271e-14 5.2103121771314013e-14 -1.610728480159614e-25 -2.1216197398235782e-14 -6.798339548957233e-28; 2.2042520234946044e-25 -8.353846836262218e-26 2.659509137133627e-14 -1.7228173011595167e-25 2.6934851499820963e-32;;; 2.2042520234946044e-25 -3.5897128234145994e-25 -1.4150932709796317e-14 -3.9373939670090677e-25 -1.8008927461146074e-32; -6.09254024142906e-15 -2.58813988264869e-16 -5.3984261831210315e-25 8.048269285447519e-15 -3.5456820228643477e-28;;;; 5.2103121771314013e-14 1.8086637888694077e-12 -8.291543511317974e-26 -6.678847940533122e-13 -7.99808771789281e-26; -3.5897128234145994e-25 -2.369562502742924e-25 -3.2584713051926336e-13 -5.065018574483682e-25 -7.6626360245718645e-31;;; -8.353846836262218e-26 -2.369562502742924e-25 -3.4853651217297205e-13 -1.8700923698454964e-25 -5.836655336342335e-31; -2.58813988264869e-16 -2.449435740932374e-13 -4.95130591121188e-25 -1.166806019068433e-12 3.453729690564335e-26;;;; -1.610728480159614e-25 -8.291543511317973e-26 -2.840921003028847e-12 9.975330770622712e-26 -1.3771504918546085e-30; -1.4150932709796314e-14 -3.48536512172972e-13 -1.5342475037665444e-26 -3.3139565558956448e-12 -4.3060905123380106e-26;;; 2.6595091371336267e-14 -3.258471305192633e-13 -1.5342475037665444e-26 -1.9889737715293136e-12 -2.833677255495483e-26; -5.3984261831210315e-25 -4.95130591121188e-25 -7.962271552855875e-13 6.1090178226823595e-25 -1.6017701232268015e-30;;;; -2.1216197398235782e-14 -6.678847940533122e-13 9.975330770622713e-26 -2.4269816523617743e-12 -1.681312701268429e-25; -3.9373939670090677e-25 -1.8700923698454962e-25 -1.9889737715293132e-12 6.651285760013498e-26 -1.6103421617577063e-30;;; -1.7228173011595167e-25 -5.065018574483682e-25 -3.313956555895644e-12 6.651285760013498e-26 -1.2999322625260938e-30; 8.048269285447519e-15 -1.1668060190684327e-12 6.1090178226823595e-25 -1.4158923224347884e-12 1.1772538697981453e-25;;;; -6.798339548957233e-28 -7.99808771789281e-26 -1.3771504918546085e-30 -1.681312701268429e-25 5.750847869468326e-13; -1.8008927461146074e-32 -5.836655336342335e-31 -2.833677255495483e-26 -1.2999322625260938e-30 -5.988790335869191e-25;;; 2.6934851499820963e-32 -7.6626360245718645e-31 -4.3060905123380106e-26 -1.6103421617577063e-30 -5.988790335869191e-25; -3.5456820228643477e-28 3.453729690564335e-26 -1.6017701232268015e-30 1.1772538697981453e-25 1.3766033665957932e-12]
(d, V, nconv, niter, nmult, resid) = eigs(A_imp, nev = n_ev, which = :SM, tol = 1.0e-12, maxiter = 1000) = (ComplexF64[0.32324462249090863 + 0.0im, 0.3948541073409254 + 0.0im], ComplexF64[-1.1746393116217204e-16 + 0.0im -3.5364213248837335e-17 + 0.0im; 8.180408756260554e-18 + 0.0im -1.4384473576254135e-16 + 0.0im; 8.22907796204148e-16 + 0.0im 6.837245682630973e-16 + 0.0im; 1.222028094075481e-16 + 0.0im 1.3873360142131114e-16 + 0.0im; -1.1434993620826767e-15 + 0.0im -2.8957027864446145e-14 + 0.0im; 1.9713906661842267e-15 + 0.0im 2.651699403605164e-15 + 0.0im; -6.2436874005500995e-15 + 0.0im 3.2203134227901934e-16 + 0.0im; -7.507654504336509e-16 + 0.0im -2.8862747434788205e-14 + 0.0im; -0.9587957024531936 + 0.0im 9.07036724791639e-15 + 0.0im; 7.665789172329324e-15 + 0.0im 0.95976690299322 + 0.0im; -9.4795744786202e-17 + 0.0im 3.312125529865909e-16 + 0.0im; -1.3216482610397737e-16 + 0.0im -6.105821091449974e-17 + 0.0im; -9.006724714638323e-17 + 0.0im 5.1205809262503024e-17 + 0.0im; 7.077299030423939e-17 + 0.0im -5.627634839768771e-17 + 0.0im; 2.2078016389387617e-17 + 0.0im -3.173244742754129e-17 + 0.0im; -3.947335716076785e-17 + 0.0im 1.2290062707638095e-16 + 0.0im; -6.610656360896795e-17 + 0.0im -8.461934097346953e-17 + 0.0im; 6.76567005586079e-17 + 0.0im -3.9308658142714247e-17 + 0.0im; -0.0002826284480141837 + 0.0im 1.0474305303577406e-16 + 0.0im; 1.225767509467491e-18 + 0.0im 0.00012979535830387725 + 0.0im; 2.7192281846390323e-17 + 0.0im 1.0427093914938568e-16 + 0.0im; -9.040039033908584e-17 + 0.0im -1.0226406725189143e-16 + 0.0im; -9.004967109336001e-17 + 0.0im 4.691291062738998e-17 + 0.0im; 3.760926725020244e-17 + 0.0im 1.574397301736508e-16 + 0.0im; -1.9093835396823142e-16 + 0.0im -5.524436500204286e-17 + 0.0im; 1.2125994644050344e-17 + 0.0im -1.5702212260008502e-17 + 0.0im; 9.179875019936493e-17 + 0.0im -1.8731388320295152e-17 + 0.0im; 4.050550878480234e-18 + 0.0im 0.00030647603495420487 + 0.0im; 0.00030883041787487257 + 0.0im 3.1779677653972095e-17 + 0.0im; 4.180693398128144e-16 + 0.0im -1.161708798747788e-16 + 0.0im; 1.6933919558300073e-16 + 0.0im 1.7242437387477773e-16 + 0.0im; 3.744133082619561e-16 + 0.0im 2.4746577795268517e-15 + 0.0im; 5.604840494439385e-16 + 0.0im 1.4161499960773605e-15 + 0.0im; 9.39146149545031e-17 + 0.0im 9.0897439105659e-16 + 0.0im; 1.178727584546237e-16 + 0.0im 4.8517134392414506e-15 + 0.0im; -0.08239172264881568 + 0.0im 6.068213781254003e-17 + 0.0im; 1.6294371481347787e-16 + 0.0im 0.058341673313697134 + 0.0im; 5.545965723286256e-18 + 0.0im 2.845157117539558e-16 + 0.0im; -3.600861362103818e-17 + 0.0im -4.816705961584466e-16 + 0.0im; -2.7363583666920577e-16 + 0.0im -1.633570514215274e-15 + 0.0im; -2.1463449809749597e-16 + 0.0im 1.1256211315850114e-15 + 0.0im; -5.14045573232301e-16 + 0.0im -4.717702554375212e-16 + 0.0im; 5.563907967964247e-16 + 0.0im 0.059164642430956926 + 0.0im; -0.014263852900919893 + 0.0im 1.1478573069903674e-15 + 0.0im; 7.495958575596422e-16 + 0.0im -2.905022575025514e-15 + 0.0im; 1.735842237592295e-18 + 0.0im -2.1145154221791126e-15 + 0.0im; -8.289610846132327e-17 + 0.0im -9.078497838161633e-16 + 0.0im; -6.641947158868997e-16 + 0.0im 4.946304536486862e-15 + 0.0im; 5.701321019818652e-15 + 0.0im 0.11537646184718842 + 0.0im; -0.1373472816019557 + 0.0im 1.6551156160033815e-15 + 0.0im; 4.222958247733142e-17 + 0.0im -4.135861001480991e-15 + 0.0im; -8.110750334104657e-16 + 0.0im 1.7487366360116144e-15 + 0.0im; -1.665418587819608e-16 + 0.0im -4.37217610858997e-15 + 0.0im; -0.16064005547152233 + 0.0im 2.0801162440311193e-15 + 0.0im; 4.167968328799873e-16 + 0.0im 0.15443990732527374 + 0.0im; -1.0040979966507726e-15 + 0.0im 7.668928094126746e-16 + 0.0im; -1.1518092703685462e-16 + 0.0im -5.3791117241653675e-15 + 0.0im; -0.14723574810033158 + 0.0im -1.3046567616197061e-15 + 0.0im; 7.157775760210599e-16 + 0.0im 0.13600828417622526 + 0.0im; -5.951634336612647e-16 + 0.0im -3.240657592702015e-15 + 0.0im; 6.214342921559489e-16 + 0.0im 0.12759901683714123 + 0.0im; -0.08585396634750168 + 0.0im 4.898067744447509e-15 + 0.0im; -2.6585791540768083e-16 + 0.0im -3.1866072549557505e-15 + 0.0im; -5.449867739420159e-17 + 0.0im -4.42751195553113e-16 + 0.0im; 2.260787843719518e-16 + 0.0im 8.994723755003354e-16 + 0.0im], 2, 9, 162, [-0.44886355426286134, 0.606261121299575, -0.004045389891113672, -1.0063035148457635, -1.043056932164958, -0.1835020682434098, 0.054922908630918636, 2.5786136010325773, 0.032344424040341074, 0.27238539870653405, 0.028067687291895904, 0.027554108848130105, 0.36558736207543163, 0.2642359466446059, 0.2512901399708177, 0.269124206428504, -0.3748489067522223, -0.04508877098182967, 0.45070396561747944, 0.16572809402272556, -0.04638726878047753, 1.6343712825919134, -1.2103941697175415, 0.26896155604638866, 0.17370576030612425, 0.12174591249820514, -0.015404898683225275, -0.15642317353724935, 0.043610520974769494, -1.0599144769748654, 0.024316976302359922, 1.9646216107016672, -1.3768576598963962, 0.14194623112373742, 0.7328064206023095, 0.004750294414011964, -0.327641054757901, 2.4110779449048034, -0.073140961450555, 1.2254999296863367, 0.12624417332607346, 0.12998653785502357, -0.5446474226223826, 0.00277890901347971, 0.34014853355910907, -0.6544694389418851, 0.6123184317935353, -1.1610015219637493, 0.8543769446941298, 0.25914872254440974, 1.854452192447916, -1.007941469736513, 0.20781342192326402, 0.07209706096530785, -0.17945130014403807, 0.09343676940750285, 1.256065911993653, -0.3021075946385232, -1.385135330214143, 0.8273819275973183, -0.7251758940428717, -0.3989407055140509, 0.0058293388325594215, 0.31255271044262334, 0.14240708456435505])
[1.1746393116217204e-16, -8.180408756260554e-18, -8.22907796204148e-16, -1.222028094075481e-16, 1.1434993620826767e-15, -1.9713906661842267e-15, 6.2436874005500995e-15, 7.507654504336509e-16, 0.9587957024531936, -7.665789172329324e-15, 9.4795744786202e-17, 1.3216482610397737e-16, 9.006724714638323e-17, -7.077299030423939e-17, -2.2078016389387617e-17, 3.947335716076785e-17, 6.610656360896795e-17, -6.76567005586079e-17, 0.0002826284480141837, -1.225767509467491e-18, -2.7192281846390323e-17, 9.040039033908584e-17, 9.004967109336001e-17, -3.760926725020244e-17, 1.9093835396823142e-16, -1.2125994644050344e-17, -9.179875019936493e-17, -4.050550878480234e-18, -0.00030883041787487257, -4.180693398128144e-16, -1.6933919558300073e-16, -3.744133082619561e-16, -5.604840494439385e-16, -9.39146149545031e-17, -1.178727584546237e-16, 0.08239172264881568, -1.6294371481347787e-16, -5.545965723286256e-18, 3.600861362103818e-17, 2.7363583666920577e-16, 2.1463449809749597e-16, 5.14045573232301e-16, -5.563907967964247e-16, 0.014263852900919893, -7.495958575596422e-16, -1.735842237592295e-18, 8.289610846132327e-17, 6.641947158868997e-16, -5.701321019818652e-15, 0.1373472816019557, -4.222958247733142e-17, 8.110750334104657e-16, 1.665418587819608e-16, 0.16064005547152233, -4.167968328799873e-16, 1.0040979966507726e-15, 1.1518092703685462e-16, 0.14723574810033158, -7.157775760210599e-16, 5.951634336612647e-16, -6.214342921559489e-16, 0.08585396634750168, 2.6585791540768083e-16, 5.449867739420159e-17, -2.260787843719518e-16]
